Mot;Pole_Semantique;Domaine_Ecriture;Registre_Tonalite;Profil_Emotionnel;Epoque;Difficulte;Pertinence
allitération;ARTS_ET_LANGAGE;POESIE;POETIQUE_LYRIQUE;NEUTRE;ROMANTIQUE_19;1.000;0.50
amphigourique;ARTS_ET_LANGAGE;ROMANESQUE;COMIC_BURLESQUE;NEUTRE;ROMANTIQUE_19;1.000;0.50
aphorisme;ARTS_ET_LANGAGE;ESSAI_PHILOSOPHIQUE;LITTERAIRE_STANDARD;NEUTRE;ROMANTIQUE_19;0.949;0.50
aphoristique;ARTS_ET_LANGAGE;ROMANESQUE;LITTERAIRE_STANDARD;NEUTRE;ROMANTIQUE_19;0.990;0.50
apophtegme;ARTS_ET_LANGAGE;ESSAI_PHILOSOPHIQUE;LITTERAIRE_STANDARD;NEUTRE;CLASSIQUE_17_18;0.850;0.50
assonance;ARTS_ET_LANGAGE;POESIE;POETIQUE_LYRIQUE;NEUTRE;ROMANTIQUE_19;0.957;0.50
aède;ARTS_ET_LANGAGE;POESIE;ARCHAIQUE_RECHERCHE;NEUTRE;CLASSIQUE_17_18;0.714;0.50
calice;ARTS_ET_LANGAGE;ROMANESQUE;ARCHAIQUE_RECHERCHE;NEUTRE;ROMANTIQUE_19;0.334;0.50
calligramme;ARTS_ET_LANGAGE;POESIE;LITTERAIRE_STANDARD;NEUTRE;ROMANTIQUE_19;0.870;0.50
cantilène;ARTS_ET_LANGAGE;POESIE;POETIQUE_LYRIQUE;NEUTRE;ROMANTIQUE_19;0.712;0.50
codex;ARTS_ET_LANGAGE;ROMANESQUE;ARCHAIQUE_RECHERCHE;NEUTRE;ROMANTIQUE_19;0.588;0.50
cénacle;ARTS_ET_LANGAGE;CRITIQUE_MEMOIRES;LITTERAIRE_STANDARD;NEUTRE;ROMANTIQUE_19;0.643;0.50
césure;ARTS_ET_LANGAGE;POESIE;LITTERAIRE_STANDARD;NEUTRE;ROMANTIQUE_19;0.623;0.50
diatribe;ARTS_ET_LANGAGE;CRITIQUE_MEMOIRES;TRAGIQUE_DRAMATIQUE;NEGATIF_EXCITANT;ROMANTIQUE_19;0.462;0.50
dilettante;ARTS_ET_LANGAGE;CRITIQUE_MEMOIRES;LITTERAIRE_STANDARD;NEUTRE;ROMANTIQUE_19;0.543;0.50
enlumineur;ARTS_ET_LANGAGE;ROMANESQUE;LITTERAIRE_STANDARD;NEUTRE;ROMANTIQUE_19;0.767;0.50
esthète;ARTS_ET_LANGAGE;CRITIQUE_MEMOIRES;LITTERAIRE_STANDARD;NEUTRE;ROMANTIQUE_19;0.442;0.50
estocade;ARTS_ET_LANGAGE;ROMANESQUE;TRAGIQUE_DRAMATIQUE;NEUTRE;ROMANTIQUE_19;0.663;0.50
faconde;ARTS_ET_LANGAGE;THEATRE;COMIC_BURLESQUE;NEUTRE;CLASSIQUE_17_18;0.429;0.50
frémissement;ARTS_ET_LANGAGE;POESIE;POETIQUE_LYRIQUE;NEUTRE;ROMANTIQUE_19;0.271;0.50
funambule;ARTS_ET_LANGAGE;ROMANESQUE;LITTERAIRE_STANDARD;NEUTRE;ROMANTIQUE_19;0.498;0.50
garrulité;ARTS_ET_LANGAGE;ROMANESQUE;COMIC_BURLESQUE;NEUTRE;ROMANTIQUE_19;0.830;0.50
gnomique;ARTS_ET_LANGAGE;ESSAI_PHILOSOPHIQUE;LITTERAIRE_STANDARD;NEUTRE;ROMANTIQUE_19;0.910;0.50
grimoire;ARTS_ET_LANGAGE;ROMANESQUE;LITTERAIRE_STANDARD;NEUTRE;ROMANTIQUE_19;0.641;0.50
harangue;ARTS_ET_LANGAGE;THEATRE;LITTERAIRE_STANDARD;NEUTRE;CLASSIQUE_17_18;0.544;0.50
hémistiche;ARTS_ET_LANGAGE;ROMANESQUE;LITTERAIRE_STANDARD;NEUTRE;ROMANTIQUE_19;0.977;0.50
héraut;ARTS_ET_LANGAGE;ROMANESQUE;ARCHAIQUE_RECHERCHE;NEUTRE;ROMANTIQUE_19;0.647;0.50
incantation;ARTS_ET_LANGAGE;ROMANESQUE;LITTERAIRE_STANDARD;NEUTRE;ROMANTIQUE_19;0.640;0.50
invective;ARTS_ET_LANGAGE;THEATRE;TRAGIQUE_DRAMATIQUE;NEGATIF_EXCITANT;ROMANTIQUE_19;0.543;0.50
laconique;ARTS_ET_LANGAGE;ROMANESQUE;LITTERAIRE_STANDARD;NEUTRE;ROMANTIQUE_19;0.576;0.50
laudateur;ARTS_ET_LANGAGE;CRITIQUE_MEMOIRES;LITTERAIRE_STANDARD;NEUTRE;ROMANTIQUE_19;0.957;0.50
libation;ARTS_ET_LANGAGE;ROMANESQUE;ARCHAIQUE_RECHERCHE;NEUTRE;CLASSIQUE_17_18;0.874;0.50
liminaire;ARTS_ET_LANGAGE;CRITIQUE_MEMOIRES;LITTERAIRE_STANDARD;NEUTRE;ROMANTIQUE_19;0.957;0.50
liturgie;ARTS_ET_LANGAGE;ROMANESQUE;LITTERAIRE_STANDARD;NEUTRE;ROMANTIQUE_19;0.410;0.50
loquace;ARTS_ET_LANGAGE;THEATRE;LITTERAIRE_STANDARD;NEUTRE;ROMANTIQUE_19;0.394;0.50
loquacité;ARTS_ET_LANGAGE;ROMANESQUE;LITTERAIRE_STANDARD;NEUTRE;ROMANTIQUE_19;1.000;0.50
lyrisme;ARTS_ET_LANGAGE;POESIE;POETIQUE_LYRIQUE;NEUTRE;ROMANTIQUE_19;0.478;0.50
mignardise;ARTS_ET_LANGAGE;ROMANESQUE;LITTERAIRE_STANDARD;NEUTRE;ROMANTIQUE_19;0.869;0.50
mignonne;ARTS_ET_LANGAGE;POESIE;POETIQUE_LYRIQUE;NEUTRE;ROMANTIQUE_19;0.060;0.50
murmure;ARTS_ET_LANGAGE;POESIE;POETIQUE_LYRIQUE;NEUTRE;ROMANTIQUE_19;0.040;0.50
mélopée;ARTS_ET_LANGAGE;POESIE;POETIQUE_LYRIQUE;NEUTRE;ROMANTIQUE_19;0.342;0.50
ménestrel;ARTS_ET_LANGAGE;POESIE;POETIQUE_LYRIQUE;NEUTRE;ROMANTIQUE_19;0.742;0.50
métrique;ARTS_ET_LANGAGE;POESIE;LITTERAIRE_STANDARD;NEUTRE;ROMANTIQUE_19;0.792;0.50
oblation;ARTS_ET_LANGAGE;ESSAI_PHILOSOPHIQUE;ARCHAIQUE_RECHERCHE;NEUTRE;CLASSIQUE_17_18;0.874;0.50
ostensoir;ARTS_ET_LANGAGE;ROMANESQUE;ARCHAIQUE_RECHERCHE;NEUTRE;CLASSIQUE_17_18;0.506;0.50
palimpseste;ARTS_ET_LANGAGE;ROMANESQUE;LITTERAIRE_STANDARD;NEUTRE;ROMANTIQUE_19;0.834;0.50
panégyrique;ARTS_ET_LANGAGE;CRITIQUE_MEMOIRES;LITTERAIRE_STANDARD;NEUTRE;ROMANTIQUE_19;0.969;0.50
pataquès;ARTS_ET_LANGAGE;THEATRE;COMIC_BURLESQUE;NEUTRE;ROMANTIQUE_19;0.692;0.50
patène;ARTS_ET_LANGAGE;ROMANESQUE;ARCHAIQUE_RECHERCHE;NEUTRE;CLASSIQUE_17_18;0.687;0.50
poétique;ARTS_ET_LANGAGE;ROMANESQUE;LITTERAIRE_STANDARD;NEUTRE;ROMANTIQUE_19;0.328;0.50
prolixe;ARTS_ET_LANGAGE;THEATRE;LITTERAIRE_STANDARD;NEUTRE;ROMANTIQUE_19;0.516;0.50
prolixité;ARTS_ET_LANGAGE;ROMANESQUE;LITTERAIRE_STANDARD;NEUTRE;ROMANTIQUE_19;0.844;0.50
psalmodie;ARTS_ET_LANGAGE;POESIE;POETIQUE_LYRIQUE;NEUTRE;ROMANTIQUE_19;0.589;0.50
psalmodier;ARTS_ET_LANGAGE;POESIE;LITTERAIRE_STANDARD;NEUTRE;ROMANTIQUE_19;0.681;0.50
psautier;ARTS_ET_LANGAGE;ROMANESQUE;ARCHAIQUE_RECHERCHE;NEUTRE;CLASSIQUE_17_18;0.829;0.50
quiproquo;ARTS_ET_LANGAGE;THEATRE;COMIC_BURLESQUE;NEUTRE;ROMANTIQUE_19;0.621;0.50
ratiociner;ARTS_ET_LANGAGE;ESSAI_PHILOSOPHIQUE;LITTERAIRE_STANDARD;NEUTRE;CLASSIQUE_17_18;0.850;0.50
rhapsode;ARTS_ET_LANGAGE;POESIE;ARCHAIQUE_RECHERCHE;NEUTRE;ROMANTIQUE_19;0.810;0.50
rhapsodie;ARTS_ET_LANGAGE;POESIE;LITTERAIRE_STANDARD;NEUTRE;ROMANTIQUE_19;0.712;0.50
satirique;ARTS_ET_LANGAGE;ROMANESQUE;LITTERAIRE_STANDARD;NEUTRE;ROMANTIQUE_19;0.783;0.50
satyrique;ARTS_ET_LANGAGE;ROMANESQUE;LITTERAIRE_STANDARD;NEUTRE;ROMANTIQUE_19;1.000;0.50
soliloque;ARTS_ET_LANGAGE;THEATRE;COMIC_BURLESQUE;NEUTRE;CLASSIQUE_17_18;0.523;0.50
somnambule;ARTS_ET_LANGAGE;ROMANESQUE;LITTERAIRE_STANDARD;NEUTRE;ROMANTIQUE_19;0.321;0.50
soporifique;ARTS_ET_LANGAGE;CRITIQUE_MEMOIRES;LITTERAIRE_STANDARD;NEUTRE;ROMANTIQUE_19;0.766;0.50
talisman;ARTS_ET_LANGAGE;ROMANESQUE;LITTERAIRE_STANDARD;NEUTRE;ROMANTIQUE_19;0.374;0.50
tintamarre;ARTS_ET_LANGAGE;THEATRE;LITTERAIRE_STANDARD;NEUTRE;ROMANTIQUE_19;0.379;0.50
troubadour;ARTS_ET_LANGAGE;POESIE;POETIQUE_LYRIQUE;NEUTRE;ROMANTIQUE_19;0.624;0.50
trépidation;ARTS_ET_LANGAGE;ROMANESQUE;LITTERAIRE_STANDARD;NEUTRE;ROMANTIQUE_19;0.653;0.50
vate;ARTS_ET_LANGAGE;POESIE;ARCHAIQUE_RECHERCHE;NEUTRE;ROMANTIQUE_19;0.750;0.50
vaticination;ARTS_ET_LANGAGE;ESSAI_PHILOSOPHIQUE;LITTERAIRE_STANDARD;NEUTRE;ROMANTIQUE_19;1.000;0.50
verbeux;ARTS_ET_LANGAGE;ROMANESQUE;COMIC_BURLESQUE;NEUTRE;ROMANTIQUE_19;0.757;0.50
volubile;ARTS_ET_LANGAGE;ROMANESQUE;COMIC_BURLESQUE;NEUTRE;ROMANTIQUE_19;0.321;0.50
volubilité;ARTS_ET_LANGAGE;ROMANESQUE;LITTERAIRE_STANDARD;NEUTRE;ROMANTIQUE_19;0.496;0.50
vélin;ARTS_ET_LANGAGE;ROMANESQUE;ARCHAIQUE_RECHERCHE;NEUTRE;ROMANTIQUE_19;0.524;0.50
élixir;ARTS_ET_LANGAGE;ROMANESQUE;LITTERAIRE_STANDARD;NEUTRE;ROMANTIQUE_19;0.469;0.50
élucubration;ARTS_ET_LANGAGE;ROMANESQUE;LITTERAIRE_STANDARD;NEUTRE;ROMANTIQUE_19;1.000;0.50
élégiaque;ARTS_ET_LANGAGE;POESIE;POETIQUE_LYRIQUE;NEUTRE;ROMANTIQUE_19;0.712;0.50
élégie;ARTS_ET_LANGAGE;POESIE;POETIQUE_LYRIQUE;NEUTRE;ROMANTIQUE_19;0.687;0.50
épigone;ARTS_ET_LANGAGE;CRITIQUE_MEMOIRES;LITTERAIRE_STANDARD;NEUTRE;ROMANTIQUE_19;0.754;0.50
acrimonie;ESPRIT_ET_CARACTERE;CRITIQUE_MEMOIRES;TRAGIQUE_DRAMATIQUE;NEGATIF_EXCITANT;ROMANTIQUE_19;0.577;0.50
anachorète;ESPRIT_ET_CARACTERE;CRITIQUE_MEMOIRES;ARCHAIQUE_RECHERCHE;NEUTRE;ROMANTIQUE_19;0.703;0.50
atermoiement;ESPRIT_ET_CARACTERE;CRITIQUE_MEMOIRES;LITTERAIRE_STANDARD;NEUTRE;ROMANTIQUE_19;0.909;0.50
atrabilaire;ESPRIT_ET_CARACTERE;CRITIQUE_MEMOIRES;ARCHAIQUE_RECHERCHE;NEUTRE;ROMANTIQUE_19;0.889;0.50
auguste;ESPRIT_ET_CARACTERE;ROMANESQUE;LITTERAIRE_STANDARD;NEUTRE;ROMANTIQUE_19;0.354;0.50
bilieux;ESPRIT_ET_CARACTERE;ROMANESQUE;LITTERAIRE_STANDARD;NEUTRE;ROMANTIQUE_19;0.693;0.50
bonhomie;ESPRIT_ET_CARACTERE;CRITIQUE_MEMOIRES;LITTERAIRE_STANDARD;POSITIF_CALME;ROMANTIQUE_19;0.305;0.50
brigand;ESPRIT_ET_CARACTERE;ROMANESQUE;LITTERAIRE_STANDARD;NEUTRE;ROMANTIQUE_19;0.389;0.50
captieux;ESPRIT_ET_CARACTERE;ROMANESQUE;LITTERAIRE_STANDARD;NEUTRE;ROMANTIQUE_19;0.987;0.50
causticité;ESPRIT_ET_CARACTERE;CRITIQUE_MEMOIRES;LITTERAIRE_STANDARD;NEUTRE;ROMANTIQUE_19;0.977;0.50
caustique;ESPRIT_ET_CARACTERE;CRITIQUE_MEMOIRES;LITTERAIRE_STANDARD;NEUTRE;ROMANTIQUE_19;0.613;0.50
circonspect;ESPRIT_ET_CARACTERE;CRITIQUE_MEMOIRES;LITTERAIRE_STANDARD;NEUTRE;ROMANTIQUE_19;0.480;0.50
clémence;ESPRIT_ET_CARACTERE;CRITIQUE_MEMOIRES;LITTERAIRE_STANDARD;POSITIF_CALME;ROMANTIQUE_19;0.333;0.50
collusion;ESPRIT_ET_CARACTERE;CRITIQUE_MEMOIRES;LITTERAIRE_STANDARD;NEGATIF_EXCITANT;ROMANTIQUE_19;0.640;0.50
condottiere;ESPRIT_ET_CARACTERE;CRITIQUE_MEMOIRES;ARCHAIQUE_RECHERCHE;NEUTRE;CLASSIQUE_17_18;0.680;0.50
connivence;ESPRIT_ET_CARACTERE;CRITIQUE_MEMOIRES;LITTERAIRE_STANDARD;NEUTRE;ROMANTIQUE_19;0.284;0.50
cénobite;ESPRIT_ET_CARACTERE;ESSAI_PHILOSOPHIQUE;ARCHAIQUE_RECHERCHE;NEUTRE;CLASSIQUE_17_18;0.937;0.50
effronterie;ESPRIT_ET_CARACTERE;ROMANESQUE;LITTERAIRE_STANDARD;NEUTRE;ROMANTIQUE_19;0.563;0.50
estafette;ESPRIT_ET_CARACTERE;CRITIQUE_MEMOIRES;ARCHAIQUE_RECHERCHE;NEUTRE;ROMANTIQUE_19;0.407;0.50
facétieux;ESPRIT_ET_CARACTERE;ROMANESQUE;COMIC_BURLESQUE;NEUTRE;ROMANTIQUE_19;0.614;0.50
fallacieux;ESPRIT_ET_CARACTERE;ROMANESQUE;LITTERAIRE_STANDARD;NEUTRE;ROMANTIQUE_19;0.568;0.50
famélique;ESPRIT_ET_CARACTERE;ROMANESQUE;ARCHAIQUE_RECHERCHE;NEUTRE;ROMANTIQUE_19;0.623;0.50
fielleux;ESPRIT_ET_CARACTERE;ROMANESQUE;TRAGIQUE_DRAMATIQUE;NEUTRE;ROMANTIQUE_19;0.691;0.50
flegmatique;ESPRIT_ET_CARACTERE;CRITIQUE_MEMOIRES;LITTERAIRE_STANDARD;NEUTRE;ROMANTIQUE_19;0.731;0.50
flibustier;ESPRIT_ET_CARACTERE;ROMANESQUE;LITTERAIRE_STANDARD;NEUTRE;ROMANTIQUE_19;0.624;0.50
flâneur;ESPRIT_ET_CARACTERE;POESIE;POETIQUE_LYRIQUE;NEUTRE;ROMANTIQUE_19;0.501;0.50
fripon;ESPRIT_ET_CARACTERE;THEATRE;LITTERAIRE_STANDARD;NEUTRE;ROMANTIQUE_19;0.529;0.50
goguenard;ESPRIT_ET_CARACTERE;THEATRE;COMIC_BURLESQUE;NEUTRE;ROMANTIQUE_19;0.335;0.50
graveleux;ESPRIT_ET_CARACTERE;ROMANESQUE;LITTERAIRE_STANDARD;NEUTRE;ROMANTIQUE_19;0.654;0.50
gredin;ESPRIT_ET_CARACTERE;THEATRE;LITTERAIRE_STANDARD;NEUTRE;ROMANTIQUE_19;0.450;0.50
grivois;ESPRIT_ET_CARACTERE;THEATRE;COMIC_BURLESQUE;NEUTRE;ROMANTIQUE_19;0.672;0.50
grivoiserie;ESPRIT_ET_CARACTERE;THEATRE;COMIC_BURLESQUE;NEUTRE;ROMANTIQUE_19;0.889;0.50
grognard;ESPRIT_ET_CARACTERE;CRITIQUE_MEMOIRES;LITTERAIRE_STANDARD;NEUTRE;ROMANTIQUE_19;0.727;0.50
ignominie;ESPRIT_ET_CARACTERE;CRITIQUE_MEMOIRES;TRAGIQUE_DRAMATIQUE;NEGATIF_EXCITANT;ROMANTIQUE_19;0.365;0.50
ilote;ESPRIT_ET_CARACTERE;ESSAI_PHILOSOPHIQUE;ARCHAIQUE_RECHERCHE;NEUTRE;CLASSIQUE_17_18;0.667;0.50
imbroglio;ESPRIT_ET_CARACTERE;THEATRE;COMIC_BURLESQUE;NEUTRE;ROMANTIQUE_19;0.476;0.50
impertinence;ESPRIT_ET_CARACTERE;CRITIQUE_MEMOIRES;LITTERAIRE_STANDARD;NEUTRE;ROMANTIQUE_19;0.558;0.50
impudence;ESPRIT_ET_CARACTERE;CRITIQUE_MEMOIRES;LITTERAIRE_STANDARD;NEUTRE;ROMANTIQUE_19;0.506;0.50
impérieux;ESPRIT_ET_CARACTERE;CRITIQUE_MEMOIRES;LITTERAIRE_STANDARD;NEUTRE;ROMANTIQUE_19;0.303;0.50
impéritie;ESPRIT_ET_CARACTERE;CRITIQUE_MEMOIRES;LITTERAIRE_STANDARD;NEUTRE;ROMANTIQUE_19;0.794;0.50
incurie;ESPRIT_ET_CARACTERE;CRITIQUE_MEMOIRES;LITTERAIRE_STANDARD;NEUTRE;ROMANTIQUE_19;0.564;0.50
indocile;ESPRIT_ET_CARACTERE;CRITIQUE_MEMOIRES;LITTERAIRE_STANDARD;NEUTRE;ROMANTIQUE_19;0.571;0.50
insidieux;ESPRIT_ET_CARACTERE;CRITIQUE_MEMOIRES;LITTERAIRE_STANDARD;NEUTRE;ROMANTIQUE_19;0.548;0.50
insolence;ESPRIT_ET_CARACTERE;THEATRE;LITTERAIRE_STANDARD;NEUTRE;ROMANTIQUE_19;0.207;0.50
insoumis;ESPRIT_ET_CARACTERE;CRITIQUE_MEMOIRES;LITTERAIRE_STANDARD;NEUTRE;ROMANTIQUE_19;0.437;0.50
intransigeance;ESPRIT_ET_CARACTERE;CRITIQUE_MEMOIRES;LITTERAIRE_STANDARD;NEUTRE;ROMANTIQUE_19;0.449;0.50
intrépide;ESPRIT_ET_CARACTERE;ROMANESQUE;LITTERAIRE_STANDARD;NEUTRE;ROMANTIQUE_19;0.386;0.50
intègre;ESPRIT_ET_CARACTERE;CRITIQUE_MEMOIRES;LITTERAIRE_STANDARD;NEUTRE;ROMANTIQUE_19;0.360;0.50
irrévérence;ESPRIT_ET_CARACTERE;THEATRE;LITTERAIRE_STANDARD;NEUTRE;ROMANTIQUE_19;0.771;0.50
larron;ESPRIT_ET_CARACTERE;THEATRE;ARCHAIQUE_RECHERCHE;NEUTRE;ROMANTIQUE_19;0.492;0.50
libidineux;ESPRIT_ET_CARACTERE;CRITIQUE_MEMOIRES;LITTERAIRE_STANDARD;NEUTRE;ROMANTIQUE_19;0.691;0.50
licencieux;ESPRIT_ET_CARACTERE;CRITIQUE_MEMOIRES;LITTERAIRE_STANDARD;NEUTRE;ROMANTIQUE_19;0.753;0.50
longanimité;ESPRIT_ET_CARACTERE;ROMANESQUE;LITTERAIRE_STANDARD;NEUTRE;ROMANTIQUE_19;0.889;0.50
magnanime;ESPRIT_ET_CARACTERE;CRITIQUE_MEMOIRES;LITTERAIRE_STANDARD;NEUTRE;CLASSIQUE_17_18;0.476;0.50
malandrin;ESPRIT_ET_CARACTERE;ROMANESQUE;ARCHAIQUE_RECHERCHE;NEUTRE;ROMANTIQUE_19;0.849;0.50
mansuétude;ESPRIT_ET_CARACTERE;CRITIQUE_MEMOIRES;LITTERAIRE_STANDARD;POSITIF_CALME;CLASSIQUE_17_18;0.454;0.50
maraudeur;ESPRIT_ET_CARACTERE;ROMANESQUE;LITTERAIRE_STANDARD;NEUTRE;ROMANTIQUE_19;0.481;0.50
marmiton;ESPRIT_ET_CARACTERE;ROMANESQUE;ARCHAIQUE_RECHERCHE;NEUTRE;ROMANTIQUE_19;0.663;0.50
mentor;ESPRIT_ET_CARACTERE;CRITIQUE_MEMOIRES;LITTERAIRE_STANDARD;NEUTRE;ROMANTIQUE_19;0.409;0.50
moujik;ESPRIT_ET_CARACTERE;CRITIQUE_MEMOIRES;ARCHAIQUE_RECHERCHE;NEUTRE;ROMANTIQUE_19;0.630;0.50
méticuleux;ESPRIT_ET_CARACTERE;CRITIQUE_MEMOIRES;LITTERAIRE_STANDARD;NEUTRE;ROMANTIQUE_19;0.395;0.50
narquois;ESPRIT_ET_CARACTERE;ROMANESQUE;COMIC_BURLESQUE;NEUTRE;ROMANTIQUE_19;0.283;0.50
noctambule;ESPRIT_ET_CARACTERE;POESIE;POETIQUE_LYRIQUE;NEUTRE;ROMANTIQUE_19;0.572;0.50
obséquieux;ESPRIT_ET_CARACTERE;CRITIQUE_MEMOIRES;LITTERAIRE_STANDARD;NEUTRE;ROMANTIQUE_19;0.674;0.50
ombrageux;ESPRIT_ET_CARACTERE;CRITIQUE_MEMOIRES;LITTERAIRE_STANDARD;NEUTRE;ROMANTIQUE_19;0.496;0.50
opiniâtre;ESPRIT_ET_CARACTERE;CRITIQUE_MEMOIRES;LITTERAIRE_STANDARD;NEUTRE;ROMANTIQUE_19;0.415;0.50
opulence;ESPRIT_ET_CARACTERE;ROMANESQUE;LITTERAIRE_STANDARD;NEUTRE;ROMANTIQUE_19;0.342;0.50
ostentatoire;ESPRIT_ET_CARACTERE;CRITIQUE_MEMOIRES;LITTERAIRE_STANDARD;NEUTRE;ROMANTIQUE_19;0.550;0.50
ostracisme;ESPRIT_ET_CARACTERE;CRITIQUE_MEMOIRES;TRAGIQUE_DRAMATIQUE;NEUTRE;ROMANTIQUE_19;0.652;0.50
outrageux;ESPRIT_ET_CARACTERE;CRITIQUE_MEMOIRES;LITTERAIRE_STANDARD;NEUTRE;ROMANTIQUE_19;0.844;0.50
outrecuidance;ESPRIT_ET_CARACTERE;CRITIQUE_MEMOIRES;LITTERAIRE_STANDARD;NEUTRE;ROMANTIQUE_19;0.661;0.50
outrecuidant;ESPRIT_ET_CARACTERE;ROMANESQUE;LITTERAIRE_STANDARD;NEUTRE;ROMANTIQUE_19;0.854;0.50
paladin;ESPRIT_ET_CARACTERE;ROMANESQUE;LITTERAIRE_STANDARD;NEUTRE;ROMANTIQUE_19;0.600;0.50
palefrenier;ESPRIT_ET_CARACTERE;ROMANESQUE;ARCHAIQUE_RECHERCHE;NEUTRE;ROMANTIQUE_19;0.644;0.50
parangon;ESPRIT_ET_CARACTERE;CRITIQUE_MEMOIRES;LITTERAIRE_STANDARD;NEUTRE;ROMANTIQUE_19;0.512;0.50
paria;ESPRIT_ET_CARACTERE;ESSAI_PHILOSOPHIQUE;LITTERAIRE_STANDARD;NEUTRE;MODERNE_20;0.396;0.50
parjure;ESPRIT_ET_CARACTERE;CRITIQUE_MEMOIRES;TRAGIQUE_DRAMATIQUE;NEUTRE;ROMANTIQUE_19;0.447;0.50
patricien;ESPRIT_ET_CARACTERE;CRITIQUE_MEMOIRES;LITTERAIRE_STANDARD;NEUTRE;ROMANTIQUE_19;0.747;0.50
pernicieux;ESPRIT_ET_CARACTERE;ESSAI_PHILOSOPHIQUE;LITTERAIRE_STANDARD;NEUTRE;ROMANTIQUE_19;0.602;0.50
plébéien;ESPRIT_ET_CARACTERE;CRITIQUE_MEMOIRES;LITTERAIRE_STANDARD;NEUTRE;ROMANTIQUE_19;0.692;0.50
pointilleux;ESPRIT_ET_CARACTERE;CRITIQUE_MEMOIRES;LITTERAIRE_STANDARD;NEUTRE;ROMANTIQUE_19;0.647;0.50
potentat;ESPRIT_ET_CARACTERE;THEATRE;LITTERAIRE_STANDARD;NEUTRE;CLASSIQUE_17_18;0.692;0.50
preux;ESPRIT_ET_CARACTERE;ROMANESQUE;ARCHAIQUE_RECHERCHE;NEUTRE;CLASSIQUE_17_18;0.449;0.50
probe;ESPRIT_ET_CARACTERE;CRITIQUE_MEMOIRES;LITTERAIRE_STANDARD;NEUTRE;CLASSIQUE_17_18;0.623;0.50
procrastination;ESPRIT_ET_CARACTERE;CRITIQUE_MEMOIRES;LITTERAIRE_STANDARD;NEUTRE;MODERNE_20;1.000;0.50
prodigalité;ESPRIT_ET_CARACTERE;ESSAI_PHILOSOPHIQUE;LITTERAIRE_STANDARD;NEUTRE;ROMANTIQUE_19;0.592;0.50
précepteur;ESPRIT_ET_CARACTERE;ROMANESQUE;LITTERAIRE_STANDARD;NEUTRE;ROMANTIQUE_19;0.445;0.50
préséance;ESPRIT_ET_CARACTERE;CRITIQUE_MEMOIRES;LITTERAIRE_STANDARD;NEUTRE;ROMANTIQUE_19;0.661;0.50
pugnace;ESPRIT_ET_CARACTERE;CRITIQUE_MEMOIRES;LITTERAIRE_STANDARD;NEUTRE;ROMANTIQUE_19;0.809;0.50
pusillanime;ESPRIT_ET_CARACTERE;CRITIQUE_MEMOIRES;LITTERAIRE_STANDARD;NEUTRE;ROMANTIQUE_19;0.617;0.50
renégat;ESPRIT_ET_CARACTERE;CRITIQUE_MEMOIRES;LITTERAIRE_STANDARD;NEUTRE;ROMANTIQUE_19;0.483;0.50
sardonique;ESPRIT_ET_CARACTERE;THEATRE;TRAGIQUE_DRAMATIQUE;NEUTRE;ROMANTIQUE_19;0.672;0.50
satyre;ESPRIT_ET_CARACTERE;THEATRE;LITTERAIRE_STANDARD;NEUTRE;ROMANTIQUE_19;0.325;0.50
sbire;ESPRIT_ET_CARACTERE;THEATRE;ARCHAIQUE_RECHERCHE;NEUTRE;CLASSIQUE_17_18;0.595;0.50
scabreux;ESPRIT_ET_CARACTERE;CRITIQUE_MEMOIRES;LITTERAIRE_STANDARD;NEUTRE;ROMANTIQUE_19;0.562;0.50
scrupuleux;ESPRIT_ET_CARACTERE;CRITIQUE_MEMOIRES;LITTERAIRE_STANDARD;NEUTRE;ROMANTIQUE_19;0.477;0.50
scélérat;ESPRIT_ET_CARACTERE;ROMANESQUE;TRAGIQUE_DRAMATIQUE;NEUTRE;ROMANTIQUE_19;0.360;0.50
sicaire;ESPRIT_ET_CARACTERE;ROMANESQUE;ARCHAIQUE_RECHERCHE;NEUTRE;ROMANTIQUE_19;0.917;0.50
simagrée;ESPRIT_ET_CARACTERE;THEATRE;COMIC_BURLESQUE;NEUTRE;ROMANTIQUE_19;0.774;0.50
sourcilleux;ESPRIT_ET_CARACTERE;CRITIQUE_MEMOIRES;LITTERAIRE_STANDARD;NEUTRE;ROMANTIQUE_19;0.613;0.50
spadassin;ESPRIT_ET_CARACTERE;THEATRE;ARCHAIQUE_RECHERCHE;NEUTRE;CLASSIQUE_17_18;0.604;0.50
suzerain;ESPRIT_ET_CARACTERE;ROMANESQUE;ARCHAIQUE_RECHERCHE;NEUTRE;CLASSIQUE_17_18;0.691;0.50
sycophante;ESPRIT_ET_CARACTERE;CRITIQUE_MEMOIRES;ARCHAIQUE_RECHERCHE;NEUTRE;ROMANTIQUE_19;1.000;0.50
taciturne;ESPRIT_ET_CARACTERE;CRITIQUE_MEMOIRES;LITTERAIRE_STANDARD;NEUTRE;CLASSIQUE_17_18;0.282;0.50
thuriféraire;ESPRIT_ET_CARACTERE;CRITIQUE_MEMOIRES;LITTERAIRE_STANDARD;NEUTRE;ROMANTIQUE_19;0.909;0.50
turpitude;ESPRIT_ET_CARACTERE;CRITIQUE_MEMOIRES;TRAGIQUE_DRAMATIQUE;NEUTRE;ROMANTIQUE_19;0.683;0.50
urbanité;ESPRIT_ET_CARACTERE;CRITIQUE_MEMOIRES;LITTERAIRE_STANDARD;NEUTRE;CLASSIQUE_17_18;0.663;0.50
valétudinaire;ESPRIT_ET_CARACTERE;CRITIQUE_MEMOIRES;LITTERAIRE_STANDARD;NEUTRE;ROMANTIQUE_19;0.919;0.50
velléité;ESPRIT_ET_CARACTERE;CRITIQUE_MEMOIRES;LITTERAIRE_STANDARD;NEUTRE;ROMANTIQUE_19;0.456;0.50
vergogne;ESPRIT_ET_CARACTERE;CRITIQUE_MEMOIRES;ARCHAIQUE_RECHERCHE;NEUTRE;CLASSIQUE_17_18;0.307;0.50
viateur;ESPRIT_ET_CARACTERE;ROMANESQUE;ARCHAIQUE_RECHERCHE;NEUTRE;ROMANTIQUE_19;0.790;0.50
vilipender;ESPRIT_ET_CARACTERE;CRITIQUE_MEMOIRES;TRAGIQUE_DRAMATIQUE;NEUTRE;ROMANTIQUE_19;0.859;0.50
vitriolique;ESPRIT_ET_CARACTERE;ROMANESQUE;TRAGIQUE_DRAMATIQUE;NEUTRE;ROMANTIQUE_19;1.000;0.50
égrotant;ESPRIT_ET_CARACTERE;CRITIQUE_MEMOIRES;LITTERAIRE_STANDARD;NEUTRE;ROMANTIQUE_19;0.774;0.50
érémitique;ESPRIT_ET_CARACTERE;ESSAI_PHILOSOPHIQUE;LITTERAIRE_STANDARD;NEUTRE;ROMANTIQUE_19;0.950;0.50
aurore;NATURE_ET_COSMOS;POESIE;POETIQUE_LYRIQUE;NEUTRE;ROMANTIQUE_19;0.137;0.50
clair-obscur;ARTS_ET_LANGAGE;ROMANESQUE;LITTERAIRE_STANDARD;NEUTRE;ROMANTIQUE_19;0.529;0.50
coruscant;NATURE_ET_COSMOS;ROMANESQUE;LITTERAIRE_STANDARD;NEUTRE;ROMANTIQUE_19;0.861;0.50
crépuscule;NATURE_ET_COSMOS;POESIE;POETIQUE_LYRIQUE;NEUTRE;ROMANTIQUE_19;0.100;0.50
diaphane;NATURE_ET_COSMOS;POESIE;POETIQUE_LYRIQUE;NEUTRE;ROMANTIQUE_19;0.414;0.50
exsangue;SENTIMENTS_ET_PSYCHE;ROMANESQUE;TRAGIQUE_DRAMATIQUE;NEGATIF_CALME;ROMANTIQUE_19;0.412;0.50
fuligineux;PHILOSOPHIE_ET_IDEES;ROMANESQUE;TRAGIQUE_DRAMATIQUE;NEUTRE;ROMANTIQUE_19;0.602;0.50
incandescent;NATURE_ET_COSMOS;ROMANESQUE;LITTERAIRE_STANDARD;NEUTRE;ROMANTIQUE_19;0.500;0.50
irisé;NATURE_ET_COSMOS;POESIE;POETIQUE_LYRIQUE;NEUTRE;ROMANTIQUE_19;0.541;0.50
luminescence;NATURE_ET_COSMOS;ROMANESQUE;POETIQUE_LYRIQUE;NEUTRE;ROMANTIQUE_19;0.909;0.50
nimbe;ARTS_ET_LANGAGE;ROMANESQUE;POETIQUE_LYRIQUE;NEUTRE;ROMANTIQUE_19;0.497;0.50
opalin;NATURE_ET_COSMOS;POESIE;POETIQUE_LYRIQUE;NEUTRE;ROMANTIQUE_19;0.623;0.50
phosphorescence;NATURE_ET_COSMOS;ROMANESQUE;POETIQUE_LYRIQUE;NEUTRE;ROMANTIQUE_19;0.674;0.50
purpurine;ARTS_ET_LANGAGE;ROMANESQUE;LITTERAIRE_STANDARD;NEUTRE;ROMANTIQUE_19;0.849;0.50
pénombre;NATURE_ET_COSMOS;ROMANESQUE;POETIQUE_LYRIQUE;NEUTRE;ROMANTIQUE_19;0.060;0.50
ténébreux;SENTIMENTS_ET_PSYCHE;ROMANESQUE;TRAGIQUE_DRAMATIQUE;NEUTRE;ROMANTIQUE_19;0.356;0.50
vespéral;NATURE_ET_COSMOS;POESIE;POETIQUE_LYRIQUE;NEUTRE;ROMANTIQUE_19;0.937;0.50
alcyon;NATURE_ET_COSMOS;ROMANESQUE;POETIQUE_LYRIQUE;NEUTRE;ROMANTIQUE_19;0.611;0.50
améthyste;NATURE_ET_COSMOS;ROMANESQUE;LITTERAIRE_STANDARD;NEUTRE;ROMANTIQUE_19;0.711;0.50
arachnéen;NATURE_ET_COSMOS;ROMANESQUE;POETIQUE_LYRIQUE;NEUTRE;ROMANTIQUE_19;0.794;0.50
auréole;NATURE_ET_COSMOS;ROMANESQUE;LITTERAIRE_STANDARD;NEUTRE;ROMANTIQUE_19;0.261;0.50
azur;NATURE_ET_COSMOS;POESIE;POETIQUE_LYRIQUE;NEUTRE;ROMANTIQUE_19;0.142;0.50
bocage;NATURE_ET_COSMOS;ROMANESQUE;POETIQUE_LYRIQUE;NEUTRE;ROMANTIQUE_19;0.342;0.50
brume;NATURE_ET_COSMOS;ROMANESQUE;LITTERAIRE_STANDARD;NEUTRE;ROMANTIQUE_19;0.000;0.50
bucolique;NATURE_ET_COSMOS;ROMANESQUE;LITTERAIRE_STANDARD;NEUTRE;ROMANTIQUE_19;0.652;0.50
chrysanthème;NATURE_ET_COSMOS;ROMANESQUE;LITTERAIRE_STANDARD;NEUTRE;ROMANTIQUE_19;0.904;0.50
chthonien;NATURE_ET_COSMOS;ROMANESQUE;ARCHAIQUE_RECHERCHE;NEUTRE;ROMANTIQUE_19;0.830;0.50
constellation;NATURE_ET_COSMOS;ROMANESQUE;LITTERAIRE_STANDARD;NEUTRE;ROMANTIQUE_19;0.516;0.50
corolle;NATURE_ET_COSMOS;ROMANESQUE;LITTERAIRE_STANDARD;NEUTRE;ROMANTIQUE_19;0.394;0.50
céleste;NATURE_ET_COSMOS;ROMANESQUE;LITTERAIRE_STANDARD;NEUTRE;ROMANTIQUE_19;0.231;0.50
céruléen;NATURE_ET_COSMOS;POESIE;POETIQUE_LYRIQUE;NEUTRE;ROMANTIQUE_19;0.641;0.50
dryade;NATURE_ET_COSMOS;ROMANESQUE;LITTERAIRE_STANDARD;NEUTRE;ROMANTIQUE_19;0.947;0.50
effluve;NATURE_ET_COSMOS;POESIE;POETIQUE_LYRIQUE;NEUTRE;ROMANTIQUE_19;0.581;0.50
empyrée;NATURE_ET_COSMOS;POESIE;POETIQUE_LYRIQUE;NEUTRE;ROMANTIQUE_19;0.601;0.50
firmament;NATURE_ET_COSMOS;POESIE;POETIQUE_LYRIQUE;NEUTRE;ROMANTIQUE_19;0.434;0.50
héliotrope;NATURE_ET_COSMOS;ROMANESQUE;LITTERAIRE_STANDARD;NEUTRE;ROMANTIQUE_19;0.767;0.50
inflorescence;NATURE_ET_COSMOS;ROMANESQUE;LITTERAIRE_STANDARD;NEUTRE;ROMANTIQUE_19;1.000;0.50
labyrinthe;NATURE_ET_COSMOS;ROMANESQUE;LITTERAIRE_STANDARD;NEUTRE;ROMANTIQUE_19;0.312;0.50
limpide;NATURE_ET_COSMOS;ROMANESQUE;LITTERAIRE_STANDARD;POSITIF_CALME;ROMANTIQUE_19;0.149;0.50
lustral;NATURE_ET_COSMOS;ROMANESQUE;LITTERAIRE_STANDARD;POSITIF_CALME;ROMANTIQUE_19;0.551;0.50
nadir;NATURE_ET_COSMOS;ROMANESQUE;LITTERAIRE_STANDARD;NEUTRE;ROMANTIQUE_19;0.714;0.50
nymphe;NATURE_ET_COSMOS;POESIE;POETIQUE_LYRIQUE;NEUTRE;ROMANTIQUE_19;0.447;0.50
nébuleux;NATURE_ET_COSMOS;ROMANESQUE;LITTERAIRE_STANDARD;NEUTRE;ROMANTIQUE_19;0.634;0.50
ondine;NATURE_ET_COSMOS;POESIE;POETIQUE_LYRIQUE;NEUTRE;ROMANTIQUE_19;0.652;0.50
ondée;NATURE_ET_COSMOS;ROMANESQUE;LITTERAIRE_STANDARD;NEUTRE;ROMANTIQUE_19;0.371;0.50
oscillation;NATURE_ET_COSMOS;ROMANESQUE;LITTERAIRE_STANDARD;NEUTRE;ROMANTIQUE_19;0.704;0.50
parvis;NATURE_ET_COSMOS;ROMANESQUE;LITTERAIRE_STANDARD;NEUTRE;ROMANTIQUE_19;0.199;0.50
pistil;NATURE_ET_COSMOS;ROMANESQUE;LITTERAIRE_STANDARD;NEUTRE;ROMANTIQUE_19;0.601;0.50
pittoresque;NATURE_ET_COSMOS;ROMANESQUE;LITTERAIRE_STANDARD;NEUTRE;ROMANTIQUE_19;0.260;0.50
périgée;NATURE_ET_COSMOS;ROMANESQUE;LITTERAIRE_STANDARD;NEUTRE;ROMANTIQUE_19;0.917;0.50
pétale;NATURE_ET_COSMOS;ROMANESQUE;LITTERAIRE_STANDARD;NEUTRE;ROMANTIQUE_19;0.430;0.50
pétrichor;NATURE_ET_COSMOS;ROMANESQUE;LITTERAIRE_STANDARD;NEUTRE;ROMANTIQUE_19;0.830;0.50
sidéral;NATURE_ET_COSMOS;ROMANESQUE;LITTERAIRE_STANDARD;NEUTRE;ROMANTIQUE_19;0.643;0.50
sillage;NATURE_ET_COSMOS;ROMANESQUE;LITTERAIRE_STANDARD;NEUTRE;ROMANTIQUE_19;0.146;0.50
solstice;NATURE_ET_COSMOS;ROMANESQUE;LITTERAIRE_STANDARD;NEUTRE;ROMANTIQUE_19;0.486;0.50
sylphide;NATURE_ET_COSMOS;POESIE;POETIQUE_LYRIQUE;NEUTRE;ROMANTIQUE_19;0.987;0.50
sépale;NATURE_ET_COSMOS;ROMANESQUE;LITTERAIRE_STANDARD;NEUTRE;ROMANTIQUE_19;1.000;0.50
tumulte;NATURE_ET_COSMOS;ROMANESQUE;LITTERAIRE_STANDARD;NEGATIF_EXCITANT;ROMANTIQUE_19;0.118;0.50
villégiature;NATURE_ET_COSMOS;ROMANESQUE;LITTERAIRE_STANDARD;NEUTRE;ROMANTIQUE_19;0.485;0.50
zodiaque;NATURE_ET_COSMOS;ROMANESQUE;LITTERAIRE_STANDARD;NEUTRE;ROMANTIQUE_19;0.634;0.50
zénith;NATURE_ET_COSMOS;ROMANESQUE;LITTERAIRE_STANDARD;NEUTRE;ROMANTIQUE_19;0.345;0.50
zéphyr;NATURE_ET_COSMOS;POESIE;POETIQUE_LYRIQUE;NEUTRE;ROMANTIQUE_19;0.651;0.50
éolien;NATURE_ET_COSMOS;POESIE;LITTERAIRE_STANDARD;NEUTRE;ROMANTIQUE_19;0.430;0.50
équinoxe;NATURE_ET_COSMOS;ROMANESQUE;LITTERAIRE_STANDARD;NEUTRE;ROMANTIQUE_19;0.432;0.50
étamine;NATURE_ET_COSMOS;ROMANESQUE;LITTERAIRE_STANDARD;NEUTRE;ROMANTIQUE_19;0.581;0.50
éthéré;NATURE_ET_COSMOS;ROMANESQUE;POETIQUE_LYRIQUE;NEUTRE;ROMANTIQUE_19;0.687;0.50
abscons;PHILOSOPHIE_ET_IDEES;ROMANESQUE;LITTERAIRE_STANDARD;NEUTRE;ROMANTIQUE_19;0.600;0.50
ambiguïté;PHILOSOPHIE_ET_IDEES;ROMANESQUE;LITTERAIRE_STANDARD;NEUTRE;ROMANTIQUE_19;0.382;0.50
anathème;PHILOSOPHIE_ET_IDEES;ROMANESQUE;TRAGIQUE_DRAMATIQUE;NEUTRE;ROMANTIQUE_19;0.512;0.50
apostasie;PHILOSOPHIE_ET_IDEES;ROMANESQUE;LITTERAIRE_STANDARD;NEUTRE;ROMANTIQUE_19;0.683;0.50
casuistique;PHILOSOPHIE_ET_IDEES;ESSAI_PHILOSOPHIQUE;LITTERAIRE_STANDARD;NEUTRE;ROMANTIQUE_19;0.777;0.50
chimère;PHILOSOPHIE_ET_IDEES;ROMANESQUE;LITTERAIRE_STANDARD;NEUTRE;ROMANTIQUE_19;0.380;0.50
conjecture;PHILOSOPHIE_ET_IDEES;ESSAI_PHILOSOPHIQUE;LITTERAIRE_STANDARD;NEUTRE;ROMANTIQUE_19;0.736;0.50
contingence;PHILOSOPHIE_ET_IDEES;ESSAI_PHILOSOPHIQUE;LITTERAIRE_STANDARD;NEUTRE;ROMANTIQUE_19;0.887;0.50
cryptique;PHILOSOPHIE_ET_IDEES;ROMANESQUE;LITTERAIRE_STANDARD;NEUTRE;ROMANTIQUE_19;1.000;0.50
dirimant;PHILOSOPHIE_ET_IDEES;ESSAI_PHILOSOPHIQUE;LITTERAIRE_STANDARD;NEUTRE;ROMANTIQUE_19;0.937;0.50
dogme;PHILOSOPHIE_ET_IDEES;ESSAI_PHILOSOPHIQUE;LITTERAIRE_STANDARD;NEUTRE;ROMANTIQUE_19;0.418;0.50
haruspice;PHILOSOPHIE_ET_IDEES;ROMANESQUE;ARCHAIQUE_RECHERCHE;NEUTRE;CLASSIQUE_17_18;0.830;0.50
hermétique;PHILOSOPHIE_ET_IDEES;ESSAI_PHILOSOPHIQUE;LITTERAIRE_STANDARD;NEUTRE;ROMANTIQUE_19;0.560;0.50
heuristique;PHILOSOPHIE_ET_IDEES;ESSAI_PHILOSOPHIQUE;LITTERAIRE_STANDARD;NEUTRE;ROMANTIQUE_19;1.000;0.50
imbrication;PHILOSOPHIE_ET_IDEES;ROMANESQUE;LITTERAIRE_STANDARD;NEUTRE;ROMANTIQUE_19;0.801;0.50
immanence;PHILOSOPHIE_ET_IDEES;ESSAI_PHILOSOPHIQUE;LITTERAIRE_STANDARD;NEUTRE;ROMANTIQUE_19;0.957;0.50
infrangible;PHILOSOPHIE_ET_IDEES;ESSAI_PHILOSOPHIQUE;LITTERAIRE_STANDARD;NEUTRE;ROMANTIQUE_19;0.787;0.50
intrinsèque;PHILOSOPHIE_ET_IDEES;ESSAI_PHILOSOPHIQUE;LITTERAIRE_STANDARD;NEUTRE;ROMANTIQUE_19;0.723;0.50
maxime;PHILOSOPHIE_ET_IDEES;ESSAI_PHILOSOPHIQUE;LITTERAIRE_STANDARD;NEUTRE;CLASSIQUE_17_18;0.503;0.50
métaphysique;PHILOSOPHIE_ET_IDEES;ESSAI_PHILOSOPHIQUE;LITTERAIRE_STANDARD;NEUTRE;ROMANTIQUE_19;0.442;0.50
noumène;PHILOSOPHIE_ET_IDEES;ESSAI_PHILOSOPHIQUE;LITTERAIRE_STANDARD;NEUTRE;ROMANTIQUE_19;0.917;0.50
némésis;PHILOSOPHIE_ET_IDEES;ROMANESQUE;TRAGIQUE_DRAMATIQUE;NEUTRE;ROMANTIQUE_19;0.790;0.50
obsidional;PHILOSOPHIE_ET_IDEES;ROMANESQUE;LITTERAIRE_STANDARD;NEUTRE;ROMANTIQUE_19;0.977;0.50
onirique;PHILOSOPHIE_ET_IDEES;ROMANESQUE;POETIQUE_LYRIQUE;NEUTRE;ROMANTIQUE_19;0.792;0.50
ontologie;PHILOSOPHIE_ET_IDEES;ESSAI_PHILOSOPHIQUE;LITTERAIRE_STANDARD;NEUTRE;ROMANTIQUE_19;0.949;0.50
ontologique;PHILOSOPHIE_ET_IDEES;ESSAI_PHILOSOPHIQUE;LITTERAIRE_STANDARD;NEUTRE;ROMANTIQUE_19;0.852;0.50
paradigme;PHILOSOPHIE_ET_IDEES;ESSAI_PHILOSOPHIQUE;LITTERAIRE_STANDARD;NEUTRE;MODERNE_20;0.849;0.50
présage;PHILOSOPHIE_ET_IDEES;ROMANESQUE;LITTERAIRE_STANDARD;NEUTRE;ROMANTIQUE_19;0.325;0.50
pythonisse;PHILOSOPHIE_ET_IDEES;ROMANESQUE;ARCHAIQUE_RECHERCHE;NEUTRE;ROMANTIQUE_19;0.864;0.50
quintessence;PHILOSOPHIE_ET_IDEES;ROMANESQUE;LITTERAIRE_STANDARD;NEUTRE;ROMANTIQUE_19;0.573;0.50
scholastique;PHILOSOPHIE_ET_IDEES;ROMANESQUE;ARCHAIQUE_RECHERCHE;NEUTRE;CLASSIQUE_17_18;0.990;0.50
sibyllin;PHILOSOPHIE_ET_IDEES;ROMANESQUE;LITTERAIRE_STANDARD;NEUTRE;ROMANTIQUE_19;0.582;0.50
solipsisme;PHILOSOPHIE_ET_IDEES;ESSAI_PHILOSOPHIQUE;LITTERAIRE_STANDARD;NEUTRE;ROMANTIQUE_19;1.000;0.50
sophisme;PHILOSOPHIE_ET_IDEES;ESSAI_PHILOSOPHIQUE;LITTERAIRE_STANDARD;NEUTRE;ROMANTIQUE_19;0.816;0.50
stigmate;PHILOSOPHIE_ET_IDEES;ROMANESQUE;LITTERAIRE_STANDARD;NEUTRE;ROMANTIQUE_19;0.727;0.50
stoïque;PHILOSOPHIE_ET_IDEES;ROMANESQUE;LITTERAIRE_STANDARD;NEUTRE;ROMANTIQUE_19;0.492;0.50
substantifique;PHILOSOPHIE_ET_IDEES;ESSAI_PHILOSOPHIQUE;LITTERAIRE_STANDARD;NEUTRE;ROMANTIQUE_19;0.964;0.50
syllogisme;PHILOSOPHIE_ET_IDEES;ESSAI_PHILOSOPHIQUE;LITTERAIRE_STANDARD;NEUTRE;ROMANTIQUE_19;1.000;0.50
syncrétisme;PHILOSOPHIE_ET_IDEES;ESSAI_PHILOSOPHIQUE;LITTERAIRE_STANDARD;NEUTRE;ROMANTIQUE_19;1.000;0.50
synesthésie;PHILOSOPHIE_ET_IDEES;ROMANESQUE;LITTERAIRE_STANDARD;NEUTRE;MODERNE_20;1.000;0.50
sérendipité;PHILOSOPHIE_ET_IDEES;ESSAI_PHILOSOPHIQUE;LITTERAIRE_STANDARD;NEUTRE;MODERNE_20;0.870;0.50
thaumaturge;PHILOSOPHIE_ET_IDEES;ROMANESQUE;ARCHAIQUE_RECHERCHE;NEUTRE;ROMANTIQUE_19;0.752;0.50
transcendance;PHILOSOPHIE_ET_IDEES;ESSAI_PHILOSOPHIQUE;LITTERAIRE_STANDARD;NEUTRE;ROMANTIQUE_19;0.691;0.50
truisme;PHILOSOPHIE_ET_IDEES;ESSAI_PHILOSOPHIQUE;LITTERAIRE_STANDARD;NEUTRE;ROMANTIQUE_19;0.909;0.50
téléologique;PHILOSOPHIE_ET_IDEES;ESSAI_PHILOSOPHIQUE;LITTERAIRE_STANDARD;NEUTRE;ROMANTIQUE_19;1.000;0.50
éclectisme;PHILOSOPHIE_ET_IDEES;ESSAI_PHILOSOPHIQUE;LITTERAIRE_STANDARD;NEUTRE;ROMANTIQUE_19;0.914;0.50
énigmatique;PHILOSOPHIE_ET_IDEES;ROMANESQUE;LITTERAIRE_STANDARD;NEUTRE;ROMANTIQUE_19;0.410;0.50
épicurien;PHILOSOPHIE_ET_IDEES;ROMANESQUE;LITTERAIRE_STANDARD;NEUTRE;ROMANTIQUE_19;0.640;0.50
ésotérique;PHILOSOPHIE_ET_IDEES;ROMANESQUE;LITTERAIRE_STANDARD;NEUTRE;ROMANTIQUE_19;0.724;0.50
abattement;SENTIMENTS_ET_PSYCHE;ROMANESQUE;TRAGIQUE_DRAMATIQUE;NEGATIF_CALME;ROMANTIQUE_19;0.431;0.50
abnégation;SENTIMENTS_ET_PSYCHE;ROMANESQUE;LITTERAIRE_STANDARD;NEUTRE;ROMANTIQUE_19;0.466;0.50
aboulie;SENTIMENTS_ET_PSYCHE;ROMANESQUE;ARCHAIQUE_RECHERCHE;NEUTRE;ROMANTIQUE_19;0.809;0.50
accablement;SENTIMENTS_ET_PSYCHE;ROMANESQUE;TRAGIQUE_DRAMATIQUE;NEGATIF_CALME;ROMANTIQUE_19;0.386;0.50
affliction;SENTIMENTS_ET_PSYCHE;ROMANESQUE;TRAGIQUE_DRAMATIQUE;NEGATIF_CALME;ROMANTIQUE_19;0.422;0.50
alacrité;SENTIMENTS_ET_PSYCHE;ROMANESQUE;LITTERAIRE_STANDARD;POSITIF_EXCITANT;ROMANTIQUE_19;0.601;0.50
allégresse;SENTIMENTS_ET_PSYCHE;ROMANESQUE;POETIQUE_LYRIQUE;POSITIF_EXCITANT;ROMANTIQUE_19;0.181;0.50
anémie;SENTIMENTS_ET_PSYCHE;ROMANESQUE;TRAGIQUE_DRAMATIQUE;NEUTRE;ROMANTIQUE_19;0.440;0.50
apathie;SENTIMENTS_ET_PSYCHE;ROMANESQUE;LITTERAIRE_STANDARD;NEGATIF_CALME;MODERNE_20;0.442;0.50
ataraxie;SENTIMENTS_ET_PSYCHE;ESSAI_PHILOSOPHIQUE;POETIQUE_LYRIQUE;NEUTRE;ROMANTIQUE_19;0.987;0.50
atone;SENTIMENTS_ET_PSYCHE;ROMANESQUE;LITTERAIRE_STANDARD;NEUTRE;ROMANTIQUE_19;0.511;0.50
bannissement;SENTIMENTS_ET_PSYCHE;ROMANESQUE;LITTERAIRE_STANDARD;NEUTRE;ROMANTIQUE_19;0.686;0.50
chagrin;SENTIMENTS_ET_PSYCHE;ROMANESQUE;LITTERAIRE_STANDARD;NEUTRE;ROMANTIQUE_19;0.040;0.50
claustration;SENTIMENTS_ET_PSYCHE;ROMANESQUE;LITTERAIRE_STANDARD;NEUTRE;ROMANTIQUE_19;0.703;0.50
commisération;SENTIMENTS_ET_PSYCHE;ROMANESQUE;LITTERAIRE_STANDARD;NEUTRE;ROMANTIQUE_19;0.572;0.50
concorde;SENTIMENTS_ET_PSYCHE;ROMANESQUE;LITTERAIRE_STANDARD;NEUTRE;ROMANTIQUE_19;0.444;0.50
consternation;SENTIMENTS_ET_PSYCHE;ROMANESQUE;LITTERAIRE_STANDARD;NEUTRE;ROMANTIQUE_19;0.480;0.50
cors;SENTIMENTS_ET_PSYCHE;ROMANESQUE;LITTERAIRE_STANDARD;NEUTRE;ROMANTIQUE_19;0.396;0.50
courroux;SENTIMENTS_ET_PSYCHE;THEATRE;TRAGIQUE_DRAMATIQUE;NEGATIF_EXCITANT;CLASSIQUE_17_18;0.378;0.50
cénesthésie;SENTIMENTS_ET_PSYCHE;ROMANESQUE;LITTERAIRE_STANDARD;NEUTRE;ROMANTIQUE_19;0.870;0.50
dilection;SENTIMENTS_ET_PSYCHE;ROMANESQUE;LITTERAIRE_STANDARD;NEUTRE;ROMANTIQUE_19;0.640;0.50
dolent;SENTIMENTS_ET_PSYCHE;ROMANESQUE;LITTERAIRE_STANDARD;NEUTRE;ROMANTIQUE_19;0.544;0.50
désabusé;SENTIMENTS_ET_PSYCHE;ROMANESQUE;LITTERAIRE_STANDARD;NEGATIF_CALME;ROMANTIQUE_19;0.299;0.50
effervescence;SENTIMENTS_ET_PSYCHE;ROMANESQUE;LITTERAIRE_STANDARD;POSITIF_EXCITANT;ROMANTIQUE_19;0.408;0.50
exaltation;SENTIMENTS_ET_PSYCHE;ROMANESQUE;LITTERAIRE_STANDARD;POSITIF_EXCITANT;ROMANTIQUE_19;0.294;0.50
extase;SENTIMENTS_ET_PSYCHE;ROMANESQUE;LITTERAIRE_STANDARD;POSITIF_EXCITANT;ROMANTIQUE_19;0.169;0.50
ferveur;SENTIMENTS_ET_PSYCHE;ROMANESQUE;LITTERAIRE_STANDARD;POSITIF_EXCITANT;ROMANTIQUE_19;0.138;0.50
fielueux;SENTIMENTS_ET_PSYCHE;ROMANESQUE;LITTERAIRE_STANDARD;NEUTRE;ROMANTIQUE_19;0.860;0.50
félicité;SENTIMENTS_ET_PSYCHE;ROMANESQUE;POETIQUE_LYRIQUE;POSITIF_CALME;ROMANTIQUE_19;0.286;0.50
heur;SENTIMENTS_ET_PSYCHE;ROMANESQUE;LITTERAIRE_STANDARD;NEUTRE;ROMANTIQUE_19;0.603;0.50
hypocondrie;SENTIMENTS_ET_PSYCHE;ROMANESQUE;LITTERAIRE_STANDARD;NEUTRE;ROMANTIQUE_19;0.837;0.50
idylle;SENTIMENTS_ET_PSYCHE;ROMANESQUE;POETIQUE_LYRIQUE;NEUTRE;ROMANTIQUE_19;0.380;0.50
indolence;SENTIMENTS_ET_PSYCHE;ROMANESQUE;POETIQUE_LYRIQUE;NEGATIF_CALME;ROMANTIQUE_19;0.402;0.50
inextinguible;SENTIMENTS_ET_PSYCHE;ROMANESQUE;LITTERAIRE_STANDARD;NEUTRE;ROMANTIQUE_19;0.711;0.50
inimitié;SENTIMENTS_ET_PSYCHE;ROMANESQUE;LITTERAIRE_STANDARD;NEUTRE;ROMANTIQUE_19;0.571;0.50
insatiable;SENTIMENTS_ET_PSYCHE;ROMANESQUE;LITTERAIRE_STANDARD;NEUTRE;ROMANTIQUE_19;0.402;0.50
insouciance;SENTIMENTS_ET_PSYCHE;ROMANESQUE;LITTERAIRE_STANDARD;NEUTRE;ROMANTIQUE_19;0.264;0.50
jubilation;SENTIMENTS_ET_PSYCHE;ROMANESQUE;LITTERAIRE_STANDARD;POSITIF_EXCITANT;ROMANTIQUE_19;0.376;0.50
langoureux;SENTIMENTS_ET_PSYCHE;ROMANESQUE;LITTERAIRE_STANDARD;NEUTRE;ROMANTIQUE_19;0.533;0.50
langueur;SENTIMENTS_ET_PSYCHE;ROMANESQUE;POETIQUE_LYRIQUE;NEGATIF_CALME;ROMANTIQUE_19;0.318;0.50
lascif;SENTIMENTS_ET_PSYCHE;ROMANESQUE;POETIQUE_LYRIQUE;NEGATIF_CALME;ROMANTIQUE_19;0.531;0.50
léthargie;SENTIMENTS_ET_PSYCHE;ROMANESQUE;LITTERAIRE_STANDARD;NEGATIF_CALME;ROMANTIQUE_19;0.430;0.50
miséricorde;SENTIMENTS_ET_PSYCHE;ROMANESQUE;LITTERAIRE_STANDARD;NEUTRE;ROMANTIQUE_19;0.248;0.50
morose;SENTIMENTS_ET_PSYCHE;ROMANESQUE;TRAGIQUE_DRAMATIQUE;NEGATIF_CALME;ROMANTIQUE_19;0.177;0.50
mélancolie;SENTIMENTS_ET_PSYCHE;ROMANESQUE;POETIQUE_LYRIQUE;NEGATIF_CALME;ROMANTIQUE_19;0.100;0.50
neurasthénie;SENTIMENTS_ET_PSYCHE;ROMANESQUE;TRAGIQUE_DRAMATIQUE;NEGATIF_CALME;MODERNE_20;0.566;0.50
neurasthénique;SENTIMENTS_ET_PSYCHE;ROMANESQUE;LITTERAIRE_STANDARD;NEUTRE;ROMANTIQUE_19;0.722;0.50
nostalgie;SENTIMENTS_ET_PSYCHE;ROMANESQUE;LITTERAIRE_STANDARD;NEUTRE;ROMANTIQUE_19;0.096;0.50
nostalgique;SENTIMENTS_ET_PSYCHE;ROMANESQUE;LITTERAIRE_STANDARD;NEUTRE;ROMANTIQUE_19;0.470;0.50
noévie;SENTIMENTS_ET_PSYCHE;ROMANESQUE;ARCHAIQUE_RECHERCHE;NEUTRE;ROMANTIQUE_19;0.770;0.50
parapathique;SENTIMENTS_ET_PSYCHE;ROMANESQUE;LITTERAIRE_STANDARD;NEUTRE;ROMANTIQUE_19;0.990;0.50
paresthésie;SENTIMENTS_ET_PSYCHE;ROMANESQUE;LITTERAIRE_STANDARD;NEUTRE;ROMANTIQUE_19;1.000;0.50
perplexité;SENTIMENTS_ET_PSYCHE;ROMANESQUE;LITTERAIRE_STANDARD;NEUTRE;ROMANTIQUE_19;0.376;0.50
placidité;SENTIMENTS_ET_PSYCHE;ROMANESQUE;LITTERAIRE_STANDARD;POSITIF_CALME;ROMANTIQUE_19;0.434;0.50
pétulant;SENTIMENTS_ET_PSYCHE;ROMANESQUE;LITTERAIRE_STANDARD;POSITIF_EXCITANT;ROMANTIQUE_19;0.774;0.50
quiétude;SENTIMENTS_ET_PSYCHE;ROMANESQUE;POETIQUE_LYRIQUE;POSITIF_CALME;ROMANTIQUE_19;0.272;0.50
résilience;SENTIMENTS_ET_PSYCHE;ROMANESQUE;LITTERAIRE_STANDARD;NEUTRE;MODERNE_20;1.000;0.50
solitaire;SENTIMENTS_ET_PSYCHE;ROMANESQUE;LITTERAIRE_STANDARD;NEUTRE;ROMANTIQUE_19;0.080;0.50
somatisation;SENTIMENTS_ET_PSYCHE;ROMANESQUE;LITTERAIRE_STANDARD;NEUTRE;ROMANTIQUE_19;0.990;0.50
spleen;SENTIMENTS_ET_PSYCHE;POESIE;POETIQUE_LYRIQUE;NEGATIF_CALME;ROMANTIQUE_19;0.438;0.50
spleenétique;SENTIMENTS_ET_PSYCHE;ROMANESQUE;LITTERAIRE_STANDARD;NEUTRE;ROMANTIQUE_19;0.990;0.50
stupeur;SENTIMENTS_ET_PSYCHE;ROMANESQUE;TRAGIQUE_DRAMATIQUE;NEUTRE;ROMANTIQUE_19;0.040;0.50
séquestration;SENTIMENTS_ET_PSYCHE;ROMANESQUE;LITTERAIRE_STANDARD;NEUTRE;ROMANTIQUE_19;0.882;0.50
sérénité;SENTIMENTS_ET_PSYCHE;ROMANESQUE;POETIQUE_LYRIQUE;POSITIF_CALME;ROMANTIQUE_19;0.128;0.50
torpeur;SENTIMENTS_ET_PSYCHE;ROMANESQUE;POETIQUE_LYRIQUE;NEGATIF_CALME;ROMANTIQUE_19;0.104;0.50
varicose;SENTIMENTS_ET_PSYCHE;ROMANESQUE;LITTERAIRE_STANDARD;NEUTRE;ROMANTIQUE_19;0.810;0.50
venimeux;SENTIMENTS_ET_PSYCHE;ROMANESQUE;LITTERAIRE_STANDARD;NEUTRE;ROMANTIQUE_19;0.493;0.50
volupté;SENTIMENTS_ET_PSYCHE;POESIE;POETIQUE_LYRIQUE;POSITIF_CALME;ROMANTIQUE_19;0.144;0.50
équanimité;SENTIMENTS_ET_PSYCHE;ROMANESQUE;LITTERAIRE_STANDARD;NEUTRE;ROMANTIQUE_19;0.869;0.50
ancestral;PHILOSOPHIE_ET_IDEES;ROMANESQUE;LITTERAIRE_STANDARD;NEUTRE;ROMANTIQUE_19;0.446;0.50
antédiluvien;PHILOSOPHIE_ET_IDEES;ROMANESQUE;LITTERAIRE_STANDARD;NEUTRE;ROMANTIQUE_19;0.743;0.50
apogée;PHILOSOPHIE_ET_IDEES;ROMANESQUE;LITTERAIRE_STANDARD;NEUTRE;ROMANTIQUE_19;0.397;0.50
caduc;PHILOSOPHIE_ET_IDEES;ROMANESQUE;ARCHAIQUE_RECHERCHE;NEUTRE;ROMANTIQUE_19;0.511;0.50
caducité;PHILOSOPHIE_ET_IDEES;ROMANESQUE;LITTERAIRE_STANDARD;NEGATIF_CALME;ROMANTIQUE_19;0.937;0.50
célérité;ESPRIT_ET_CARACTERE;ROMANESQUE;LITTERAIRE_STANDARD;NEUTRE;ROMANTIQUE_19;0.544;0.50
déliquescence;PHILOSOPHIE_ET_IDEES;ROMANESQUE;TRAGIQUE_DRAMATIQUE;NEGATIF_CALME;ROMANTIQUE_19;0.899;0.50
désuet;ARTS_ET_LANGAGE;ROMANESQUE;LITTERAIRE_STANDARD;NEUTRE;ROMANTIQUE_19;0.409;0.50
fugace;SENTIMENTS_ET_PSYCHE;ROMANESQUE;LITTERAIRE_STANDARD;NEGATIF_CALME;ROMANTIQUE_19;0.305;0.50
hécatombe;PHILOSOPHIE_ET_IDEES;ROMANESQUE;TRAGIQUE_DRAMATIQUE;NEUTRE;ROMANTIQUE_19;0.506;0.50
imminent;PHILOSOPHIE_ET_IDEES;ROMANESQUE;LITTERAIRE_STANDARD;NEUTRE;ROMANTIQUE_19;0.414;0.50
immuable;PHILOSOPHIE_ET_IDEES;ROMANESQUE;LITTERAIRE_STANDARD;NEUTRE;ROMANTIQUE_19;0.205;0.50
immémorial;PHILOSOPHIE_ET_IDEES;ROMANESQUE;LITTERAIRE_STANDARD;NEUTRE;ROMANTIQUE_19;0.466;0.50
inexorable;PHILOSOPHIE_ET_IDEES;ROMANESQUE;TRAGIQUE_DRAMATIQUE;NEUTRE;ROMANTIQUE_19;0.408;0.50
intemporel;PHILOSOPHIE_ET_IDEES;ROMANESQUE;LITTERAIRE_STANDARD;NEUTRE;ROMANTIQUE_19;0.624;0.50
jadis;PHILOSOPHIE_ET_IDEES;ROMANESQUE;LITTERAIRE_STANDARD;NEUTRE;ROMANTIQUE_19;0.000;0.50
millénaire;PHILOSOPHIE_ET_IDEES;ROMANESQUE;LITTERAIRE_STANDARD;NEUTRE;ROMANTIQUE_19;0.350;0.50
obsolescence;PHILOSOPHIE_ET_IDEES;ROMANESQUE;LITTERAIRE_STANDARD;NEUTRE;MODERNE_20;1.000;0.50
obsolète;PHILOSOPHIE_ET_IDEES;ROMANESQUE;LITTERAIRE_STANDARD;NEUTRE;ROMANTIQUE_19;0.551;0.50
précurseur;PHILOSOPHIE_ET_IDEES;ROMANESQUE;LITTERAIRE_STANDARD;NEUTRE;ROMANTIQUE_19;0.477;0.50
prémices;NATURE_ET_COSMOS;ROMANESQUE;LITTERAIRE_STANDARD;NEUTRE;ROMANTIQUE_19;0.478;0.50
périssable;PHILOSOPHIE_ET_IDEES;ROMANESQUE;TRAGIQUE_DRAMATIQUE;NEUTRE;ROMANTIQUE_19;0.518;0.50
réminiscence;SENTIMENTS_ET_PSYCHE;ROMANESQUE;LITTERAIRE_STANDARD;NEUTRE;ROMANTIQUE_19;0.542;0.50
sénescence;NATURE_ET_COSMOS;ROMANESQUE;LITTERAIRE_STANDARD;NEUTRE;ROMANTIQUE_19;0.869;0.50
transitoire;PHILOSOPHIE_ET_IDEES;ROMANESQUE;LITTERAIRE_STANDARD;NEUTRE;ROMANTIQUE_19;0.583;0.50
trépas;PHILOSOPHIE_ET_IDEES;ROMANESQUE;ARCHAIQUE_RECHERCHE;NEUTRE;CLASSIQUE_17_18;0.416;0.50
vicissitude;PHILOSOPHIE_ET_IDEES;ROMANESQUE;LITTERAIRE_STANDARD;NEUTRE;ROMANTIQUE_19;0.889;0.50
éphémère;SENTIMENTS_ET_PSYCHE;ROMANESQUE;POETIQUE_LYRIQUE;NEUTRE;ROMANTIQUE_19;0.219;0.50
évanescent;SENTIMENTS_ET_PSYCHE;POESIE;POETIQUE_LYRIQUE;NEGATIF_CALME;ROMANTIQUE_19;0.624;0.50
