Mot;Pole_Semantique;Domaine_Ecriture;Registre_Tonalite;Profil_Emotionnel;Epoque;Difficulte;Difficulte_Abstraction;Pertinence;Origine_Geographique
allitération;ARTS_ET_LANGAGE;POESIE;POETIQUE_LYRIQUE;NEUTRE;ANTIQUITE;0.810;0.650;0.50;GREC_LATIN
amphigourique;ARTS_ET_LANGAGE;ROMANESQUE;COMIC_BURLESQUE;NEUTRE;MODERNE_20;0.621;0.550;0.50;GREC_LATIN
aphorisme;ARTS_ET_LANGAGE;ESSAI_PHILOSOPHIQUE;LITTERAIRE_STANDARD;NEUTRE;MODERNE_20;0.351;0.650;0.50;GREC_LATIN
aphoristique;ARTS_ET_LANGAGE;ROMANESQUE;LITTERAIRE_STANDARD;NEUTRE;ANTIQUITE;0.667;0.550;0.50;GREC_LATIN
apophtegme;ARTS_ET_LANGAGE;ESSAI_PHILOSOPHIQUE;LITTERAIRE_STANDARD;NEUTRE;ANTIQUITE;0.368;0.500;0.50;GREC_LATIN
assonance;ARTS_ET_LANGAGE;POESIE;POETIQUE_LYRIQUE;NEUTRE;ANTIQUITE;0.733;0.650;0.50;GREC_LATIN
aède;ARTS_ET_LANGAGE;POESIE;ARCHAIQUE_RECHERCHE;NEUTRE;ANTIQUITE;0.433;0.500;0.50;GREC_LATIN
calice;ARTS_ET_LANGAGE;ROMANESQUE;ARCHAIQUE_RECHERCHE;NEUTRE;ANTIQUITE;0.010;0.150;0.50;GREC_LATIN
calligramme;ARTS_ET_LANGAGE;POESIE;LITTERAIRE_STANDARD;NEUTRE;ANTIQUITE;1.000;0.500;0.50;GREC_LATIN
cantilène;ARTS_ET_LANGAGE;POESIE;POETIQUE_LYRIQUE;NEUTRE;ANTIQUITE;0.406;0.500;0.50;GREC_LATIN
codex;ARTS_ET_LANGAGE;ROMANESQUE;ARCHAIQUE_RECHERCHE;NEUTRE;ANTIQUITE;0.213;0.150;0.50;GREC_LATIN
cénacle;ARTS_ET_LANGAGE;CRITIQUE_MEMOIRES;LITTERAIRE_STANDARD;NEUTRE;ANTIQUITE;0.123;0.500;0.50;GREC_LATIN
césure;ARTS_ET_LANGAGE;POESIE;LITTERAIRE_STANDARD;NEUTRE;ANTIQUITE;0.228;0.500;0.50;GREC_LATIN
diatribe;ARTS_ET_LANGAGE;CRITIQUE_MEMOIRES;TRAGIQUE_DRAMATIQUE;NEGATIF_EXCITANT;ANTIQUITE;0.046;0.500;0.50;GREC_LATIN
dilettante;ARTS_ET_LANGAGE;CRITIQUE_MEMOIRES;LITTERAIRE_STANDARD;NEUTRE;MODERNE_20;0.050;0.500;0.50;ITALIEN
enlumineur;ARTS_ET_LANGAGE;ROMANESQUE;LITTERAIRE_STANDARD;NEUTRE;ROMANTIQUE_19;0.464;0.500;0.50;FRANCAIS
esthète;ARTS_ET_LANGAGE;CRITIQUE_MEMOIRES;LITTERAIRE_STANDARD;NEUTRE;MODERNE_20;0.020;0.500;0.50;GREC_LATIN
estocade;ARTS_ET_LANGAGE;ROMANESQUE;TRAGIQUE_DRAMATIQUE;NEUTRE;ROMANTIQUE_19;0.357;0.500;0.50;ITALIEN
faconde;ARTS_ET_LANGAGE;THEATRE;COMIC_BURLESQUE;NEUTRE;ANTIQUITE;0.020;0.500;0.50;GREC_LATIN
frémissement;ARTS_ET_LANGAGE;POESIE;POETIQUE_LYRIQUE;NEUTRE;CLASSIQUE_17_18;0.070;0.500;0.50;FRANCAIS
funambule;ARTS_ET_LANGAGE;ROMANESQUE;LITTERAIRE_STANDARD;NEUTRE;MODERNE_20;0.040;0.500;0.50;GREC_LATIN
garrulité;ARTS_ET_LANGAGE;ROMANESQUE;COMIC_BURLESQUE;NEUTRE;ANTIQUITE;1.000;0.650;0.50;GREC_LATIN
gnomique;ARTS_ET_LANGAGE;ESSAI_PHILOSOPHIQUE;LITTERAIRE_STANDARD;NEUTRE;ANTIQUITE;1.000;0.550;0.50;GREC_LATIN
grimoire;ARTS_ET_LANGAGE;ROMANESQUE;LITTERAIRE_STANDARD;NEUTRE;ANTIQUITE;0.162;0.150;0.50;GREC_LATIN
harangue;ARTS_ET_LANGAGE;THEATRE;LITTERAIRE_STANDARD;NEUTRE;ANTIQUITE;0.030;0.500;0.50;GREC_LATIN
hémistiche;ARTS_ET_LANGAGE;ROMANESQUE;LITTERAIRE_STANDARD;NEUTRE;ANTIQUITE;0.544;0.500;0.50;GREC_LATIN
héraut;ARTS_ET_LANGAGE;ROMANESQUE;ARCHAIQUE_RECHERCHE;NEUTRE;ANTIQUITE;0.303;0.500;0.50;GREC_LATIN
incantation;ARTS_ET_LANGAGE;ROMANESQUE;LITTERAIRE_STANDARD;NEUTRE;ANTIQUITE;0.105;0.650;0.50;GREC_LATIN
invective;ARTS_ET_LANGAGE;THEATRE;TRAGIQUE_DRAMATIQUE;NEGATIF_EXCITANT;ANTIQUITE;0.153;0.500;0.50;GREC_LATIN
laconique;ARTS_ET_LANGAGE;ROMANESQUE;LITTERAIRE_STANDARD;NEUTRE;MODERNE_20;0.040;0.550;0.50;GREC_LATIN
laudateur;ARTS_ET_LANGAGE;CRITIQUE_MEMOIRES;LITTERAIRE_STANDARD;NEUTRE;ANTIQUITE;0.530;0.500;0.50;GREC_LATIN
libation;ARTS_ET_LANGAGE;ROMANESQUE;ARCHAIQUE_RECHERCHE;NEUTRE;ANTIQUITE;0.453;0.650;0.50;GREC_LATIN
liminaire;ARTS_ET_LANGAGE;CRITIQUE_MEMOIRES;LITTERAIRE_STANDARD;NEUTRE;MODERNE_20;0.166;0.550;0.50;GREC_LATIN
liturgie;ARTS_ET_LANGAGE;ROMANESQUE;LITTERAIRE_STANDARD;NEUTRE;ANTIQUITE;0.030;0.500;0.50;GREC_LATIN
loquace;ARTS_ET_LANGAGE;THEATRE;LITTERAIRE_STANDARD;NEUTRE;ANTIQUITE;0.020;0.500;0.50;GREC_LATIN
loquacité;ARTS_ET_LANGAGE;ROMANESQUE;LITTERAIRE_STANDARD;NEUTRE;ANTIQUITE;0.084;0.650;0.50;GREC_LATIN
lyrisme;ARTS_ET_LANGAGE;POESIE;POETIQUE_LYRIQUE;NEUTRE;ANTIQUITE;0.070;0.893;0.50;GREC_LATIN
mignardise;ARTS_ET_LANGAGE;ROMANESQUE;LITTERAIRE_STANDARD;NEUTRE;ANTIQUITE;0.408;0.500;0.50;GREC_LATIN
mignonne;ARTS_ET_LANGAGE;POESIE;POETIQUE_LYRIQUE;NEUTRE;ROMANTIQUE_19;0.030;0.500;0.50;FRANCAIS
murmure;ARTS_ET_LANGAGE;POESIE;POETIQUE_LYRIQUE;NEUTRE;ROMANTIQUE_19;0.020;0.527;0.50;FRANCAIS
mélopée;ARTS_ET_LANGAGE;POESIE;POETIQUE_LYRIQUE;NEUTRE;MODERNE_20;0.020;0.500;0.50;GREC_LATIN
ménestrel;ARTS_ET_LANGAGE;POESIE;POETIQUE_LYRIQUE;NEUTRE;ANTIQUITE;0.421;0.550;0.50;GREC_LATIN
métrique;ARTS_ET_LANGAGE;POESIE;LITTERAIRE_STANDARD;NEUTRE;ANTIQUITE;0.388;0.550;0.50;GREC_LATIN
oblation;ARTS_ET_LANGAGE;ESSAI_PHILOSOPHIQUE;ARCHAIQUE_RECHERCHE;NEUTRE;ANTIQUITE;0.461;0.650;0.50;GREC_LATIN
ostensoir;ARTS_ET_LANGAGE;ROMANESQUE;ARCHAIQUE_RECHERCHE;NEUTRE;ANTIQUITE;0.132;0.150;0.50;GREC_LATIN
palimpseste;ARTS_ET_LANGAGE;ROMANESQUE;LITTERAIRE_STANDARD;NEUTRE;MODERNE_20;0.225;0.500;0.50;GREC_LATIN
panégyrique;ARTS_ET_LANGAGE;CRITIQUE_MEMOIRES;LITTERAIRE_STANDARD;NEUTRE;ANTIQUITE;0.332;0.550;0.50;GREC_LATIN
pataquès;ARTS_ET_LANGAGE;THEATRE;COMIC_BURLESQUE;NEUTRE;CONTEMPORAIN_21;0.305;0.500;0.50;FRANCAIS
patène;ARTS_ET_LANGAGE;ROMANESQUE;ARCHAIQUE_RECHERCHE;NEUTRE;ANTIQUITE;0.424;0.150;0.50;GREC_LATIN
poétique;ARTS_ET_LANGAGE;ROMANESQUE;LITTERAIRE_STANDARD;NEUTRE;ANTIQUITE;0.030;0.550;0.50;GREC_LATIN
prolixe;ARTS_ET_LANGAGE;THEATRE;LITTERAIRE_STANDARD;NEUTRE;MODERNE_20;0.020;0.500;0.50;GREC_LATIN
prolixité;ARTS_ET_LANGAGE;ROMANESQUE;LITTERAIRE_STANDARD;NEUTRE;ANTIQUITE;0.516;0.650;0.50;GREC_LATIN
psalmodie;ARTS_ET_LANGAGE;POESIE;POETIQUE_LYRIQUE;NEUTRE;ANTIQUITE;0.242;0.500;0.50;GREC_LATIN
psalmodier;ARTS_ET_LANGAGE;POESIE;LITTERAIRE_STANDARD;NEUTRE;ANTIQUITE;0.338;0.500;0.50;GREC_LATIN
psautier;ARTS_ET_LANGAGE;ROMANESQUE;ARCHAIQUE_RECHERCHE;NEUTRE;ANTIQUITE;0.579;0.150;0.50;GREC_LATIN
quiproquo;ARTS_ET_LANGAGE;THEATRE;COMIC_BURLESQUE;NEUTRE;ROMANTIQUE_19;0.240;0.500;0.50;ITALIEN
ratiociner;ARTS_ET_LANGAGE;ESSAI_PHILOSOPHIQUE;LITTERAIRE_STANDARD;NEUTRE;ANTIQUITE;0.328;0.500;0.50;GREC_LATIN
rhapsode;ARTS_ET_LANGAGE;POESIE;ARCHAIQUE_RECHERCHE;NEUTRE;ANTIQUITE;1.000;0.500;0.50;GREC_LATIN
rhapsodie;ARTS_ET_LANGAGE;POESIE;LITTERAIRE_STANDARD;NEUTRE;ANTIQUITE;0.394;0.500;0.50;GREC_LATIN
satirique;ARTS_ET_LANGAGE;ROMANESQUE;LITTERAIRE_STANDARD;NEUTRE;ANTIQUITE;0.367;0.550;0.50;GREC_LATIN
satyrique;ARTS_ET_LANGAGE;ROMANESQUE;LITTERAIRE_STANDARD;NEUTRE;ANTIQUITE;1.000;0.550;0.50;GREC_LATIN
soliloque;ARTS_ET_LANGAGE;THEATRE;COMIC_BURLESQUE;NEUTRE;ANTIQUITE;0.126;0.500;0.50;GREC_LATIN
somnambule;ARTS_ET_LANGAGE;ROMANESQUE;LITTERAIRE_STANDARD;NEUTRE;ROMANTIQUE_19;0.050;0.372;0.50;FRANCAIS
soporifique;ARTS_ET_LANGAGE;CRITIQUE_MEMOIRES;LITTERAIRE_STANDARD;NEUTRE;ANTIQUITE;0.241;0.550;0.50;GREC_LATIN
talisman;ARTS_ET_LANGAGE;ROMANESQUE;LITTERAIRE_STANDARD;NEUTRE;ANTIQUITE;0.030;0.618;0.50;GREC_LATIN
tintamarre;ARTS_ET_LANGAGE;THEATRE;LITTERAIRE_STANDARD;NEUTRE;ANTIQUITE;0.050;0.628;0.50;GREC_LATIN
troubadour;ARTS_ET_LANGAGE;POESIE;POETIQUE_LYRIQUE;NEUTRE;ANTIQUITE;0.237;0.500;0.50;GREC_LATIN
trépidation;ARTS_ET_LANGAGE;ROMANESQUE;LITTERAIRE_STANDARD;NEUTRE;ANTIQUITE;0.162;0.650;0.50;GREC_LATIN
vate;ARTS_ET_LANGAGE;POESIE;ARCHAIQUE_RECHERCHE;NEUTRE;ANTIQUITE;1.000;0.500;0.50;GREC_LATIN
vaticination;ARTS_ET_LANGAGE;ESSAI_PHILOSOPHIQUE;LITTERAIRE_STANDARD;NEUTRE;ANTIQUITE;0.504;0.650;0.50;GREC_LATIN
verbeux;ARTS_ET_LANGAGE;ROMANESQUE;COMIC_BURLESQUE;NEUTRE;ANTIQUITE;0.419;0.500;0.50;GREC_LATIN
volubile;ARTS_ET_LANGAGE;ROMANESQUE;COMIC_BURLESQUE;NEUTRE;MODERNE_20;0.030;0.500;0.50;GREC_LATIN
volubilité;ARTS_ET_LANGAGE;ROMANESQUE;LITTERAIRE_STANDARD;NEUTRE;ANTIQUITE;0.102;0.650;0.50;GREC_LATIN
vélin;ARTS_ET_LANGAGE;ROMANESQUE;ARCHAIQUE_RECHERCHE;NEUTRE;ANTIQUITE;0.217;0.150;0.50;GREC_LATIN
élixir;ARTS_ET_LANGAGE;ROMANESQUE;LITTERAIRE_STANDARD;NEUTRE;ANTIQUITE;0.010;0.500;0.50;GREC_LATIN
élucubration;ARTS_ET_LANGAGE;ROMANESQUE;LITTERAIRE_STANDARD;NEUTRE;ANTIQUITE;0.419;0.650;0.50;GREC_LATIN
élégiaque;ARTS_ET_LANGAGE;POESIE;POETIQUE_LYRIQUE;NEUTRE;ANTIQUITE;0.382;0.500;0.50;GREC_LATIN
élégie;ARTS_ET_LANGAGE;POESIE;POETIQUE_LYRIQUE;NEUTRE;MODERNE_20;0.374;0.500;0.50;GREC_LATIN
épigone;ARTS_ET_LANGAGE;CRITIQUE_MEMOIRES;LITTERAIRE_STANDARD;NEUTRE;MODERNE_20;0.118;0.500;0.50;GREC_LATIN
acrimonie;ESPRIT_ET_CARACTERE;CRITIQUE_MEMOIRES;TRAGIQUE_DRAMATIQUE;NEGATIF_EXCITANT;MODERNE_20;0.172;0.600;0.50;GREC_LATIN
anachorète;ESPRIT_ET_CARACTERE;CRITIQUE_MEMOIRES;ARCHAIQUE_RECHERCHE;NEUTRE;ANTIQUITE;0.326;0.600;0.50;GREC_LATIN
atermoiement;ESPRIT_ET_CARACTERE;CRITIQUE_MEMOIRES;LITTERAIRE_STANDARD;NEUTRE;MODERNE_20;0.357;0.600;0.50;FRANCAIS
atrabilaire;ESPRIT_ET_CARACTERE;CRITIQUE_MEMOIRES;ARCHAIQUE_RECHERCHE;NEUTRE;ANTIQUITE;0.520;0.650;0.50;GREC_LATIN
auguste;ESPRIT_ET_CARACTERE;ROMANESQUE;LITTERAIRE_STANDARD;NEUTRE;MODERNE_20;0.020;0.600;0.50;GREC_LATIN
bilieux;ESPRIT_ET_CARACTERE;ROMANESQUE;LITTERAIRE_STANDARD;NEUTRE;ANTIQUITE;0.347;0.600;0.50;GREC_LATIN
bonhomie;ESPRIT_ET_CARACTERE;CRITIQUE_MEMOIRES;LITTERAIRE_STANDARD;POSITIF_CALME;CLASSIQUE_17_18;0.030;0.600;0.50;FRANCAIS
brigand;ESPRIT_ET_CARACTERE;ROMANESQUE;LITTERAIRE_STANDARD;NEUTRE;ANTIQUITE;0.020;0.250;0.50;GREC_LATIN
captieux;ESPRIT_ET_CARACTERE;ROMANESQUE;LITTERAIRE_STANDARD;NEUTRE;ANTIQUITE;0.393;0.600;0.50;GREC_LATIN
causticité;ESPRIT_ET_CARACTERE;CRITIQUE_MEMOIRES;LITTERAIRE_STANDARD;NEUTRE;ANTIQUITE;0.199;0.750;0.50;GREC_LATIN
caustique;ESPRIT_ET_CARACTERE;CRITIQUE_MEMOIRES;LITTERAIRE_STANDARD;NEUTRE;ANTIQUITE;0.040;0.650;0.50;GREC_LATIN
circonspect;ESPRIT_ET_CARACTERE;CRITIQUE_MEMOIRES;LITTERAIRE_STANDARD;NEUTRE;MODERNE_20;0.060;0.600;0.50;GREC_LATIN
clémence;ESPRIT_ET_CARACTERE;CRITIQUE_MEMOIRES;LITTERAIRE_STANDARD;POSITIF_CALME;ANTIQUITE;0.030;0.795;0.50;GREC_LATIN
collusion;ESPRIT_ET_CARACTERE;CRITIQUE_MEMOIRES;LITTERAIRE_STANDARD;NEGATIF_EXCITANT;ANTIQUITE;0.193;0.600;0.50;GREC_LATIN
condottiere;ESPRIT_ET_CARACTERE;CRITIQUE_MEMOIRES;ARCHAIQUE_RECHERCHE;NEUTRE;CLASSIQUE_17_18;0.330;0.250;0.50;ITALIEN
connivence;ESPRIT_ET_CARACTERE;CRITIQUE_MEMOIRES;LITTERAIRE_STANDARD;NEUTRE;MODERNE_20;0.050;0.750;0.50;GREC_LATIN
cénobite;ESPRIT_ET_CARACTERE;ESSAI_PHILOSOPHIQUE;ARCHAIQUE_RECHERCHE;NEUTRE;ANTIQUITE;0.657;0.600;0.50;GREC_LATIN
effronterie;ESPRIT_ET_CARACTERE;ROMANESQUE;LITTERAIRE_STANDARD;NEUTRE;ANTIQUITE;0.174;0.600;0.50;GREC_LATIN
estafette;ESPRIT_ET_CARACTERE;CRITIQUE_MEMOIRES;ARCHAIQUE_RECHERCHE;NEUTRE;ANTIQUITE;0.040;0.250;0.50;GREC_LATIN
facétieux;ESPRIT_ET_CARACTERE;ROMANESQUE;COMIC_BURLESQUE;NEUTRE;ANTIQUITE;0.173;0.600;0.50;GREC_LATIN
fallacieux;ESPRIT_ET_CARACTERE;ROMANESQUE;LITTERAIRE_STANDARD;NEUTRE;CONTEMPORAIN_21;0.050;0.600;0.50;GREC_LATIN
famélique;ESPRIT_ET_CARACTERE;ROMANESQUE;ARCHAIQUE_RECHERCHE;NEUTRE;ANTIQUITE;0.124;0.650;0.50;GREC_LATIN
fielleux;ESPRIT_ET_CARACTERE;ROMANESQUE;TRAGIQUE_DRAMATIQUE;NEUTRE;ANTIQUITE;0.329;0.600;0.50;GREC_LATIN
flegmatique;ESPRIT_ET_CARACTERE;CRITIQUE_MEMOIRES;LITTERAIRE_STANDARD;NEUTRE;ANTIQUITE;0.218;0.650;0.50;GREC_LATIN
flibustier;ESPRIT_ET_CARACTERE;ROMANESQUE;LITTERAIRE_STANDARD;NEUTRE;ANTIQUITE;0.243;0.250;0.50;GREC_LATIN
flâneur;ESPRIT_ET_CARACTERE;POESIE;POETIQUE_LYRIQUE;NEUTRE;CLASSIQUE_17_18;0.159;0.600;0.50;FRANCAIS
fripon;ESPRIT_ET_CARACTERE;THEATRE;LITTERAIRE_STANDARD;NEUTRE;ANTIQUITE;0.091;0.600;0.50;GREC_LATIN
goguenard;ESPRIT_ET_CARACTERE;THEATRE;COMIC_BURLESQUE;NEUTRE;ANTIQUITE;0.040;0.600;0.50;GREC_LATIN
graveleux;ESPRIT_ET_CARACTERE;ROMANESQUE;LITTERAIRE_STANDARD;NEUTRE;ANTIQUITE;0.065;0.600;0.50;GREC_LATIN
gredin;ESPRIT_ET_CARACTERE;THEATRE;LITTERAIRE_STANDARD;NEUTRE;MODERNE_20;0.010;0.600;0.50;FRANCAIS
grivois;ESPRIT_ET_CARACTERE;THEATRE;COMIC_BURLESQUE;NEUTRE;ANTIQUITE;0.354;0.600;0.50;GREC_LATIN
grivoiserie;ESPRIT_ET_CARACTERE;THEATRE;COMIC_BURLESQUE;NEUTRE;ROMANTIQUE_19;0.609;0.600;0.50;FRANCAIS
grognard;ESPRIT_ET_CARACTERE;CRITIQUE_MEMOIRES;LITTERAIRE_STANDARD;NEUTRE;ANTIQUITE;0.444;0.250;0.50;GREC_LATIN
ignominie;ESPRIT_ET_CARACTERE;CRITIQUE_MEMOIRES;TRAGIQUE_DRAMATIQUE;NEGATIF_EXCITANT;ANTIQUITE;0.040;0.948;0.50;GREC_LATIN
ilote;ESPRIT_ET_CARACTERE;ESSAI_PHILOSOPHIQUE;ARCHAIQUE_RECHERCHE;NEUTRE;ANTIQUITE;0.367;0.600;0.50;GREC_LATIN
imbroglio;ESPRIT_ET_CARACTERE;THEATRE;COMIC_BURLESQUE;NEUTRE;MODERNE_20;0.040;0.600;0.50;ITALIEN
impertinence;ESPRIT_ET_CARACTERE;CRITIQUE_MEMOIRES;LITTERAIRE_STANDARD;NEUTRE;ANTIQUITE;0.151;0.750;0.50;GREC_LATIN
impudence;ESPRIT_ET_CARACTERE;CRITIQUE_MEMOIRES;LITTERAIRE_STANDARD;NEUTRE;ANTIQUITE;0.071;0.750;0.50;GREC_LATIN
impérieux;ESPRIT_ET_CARACTERE;CRITIQUE_MEMOIRES;LITTERAIRE_STANDARD;NEUTRE;ANTIQUITE;0.040;0.600;0.50;GREC_LATIN
impéritie;ESPRIT_ET_CARACTERE;CRITIQUE_MEMOIRES;LITTERAIRE_STANDARD;NEUTRE;CONTEMPORAIN_21;0.103;0.600;0.50;GREC_LATIN
incurie;ESPRIT_ET_CARACTERE;CRITIQUE_MEMOIRES;LITTERAIRE_STANDARD;NEUTRE;ANTIQUITE;0.068;0.600;0.50;GREC_LATIN
indocile;ESPRIT_ET_CARACTERE;CRITIQUE_MEMOIRES;LITTERAIRE_STANDARD;NEUTRE;ANTIQUITE;0.235;0.600;0.50;GREC_LATIN
insidieux;ESPRIT_ET_CARACTERE;CRITIQUE_MEMOIRES;LITTERAIRE_STANDARD;NEUTRE;ANTIQUITE;0.040;0.600;0.50;GREC_LATIN
insolence;ESPRIT_ET_CARACTERE;THEATRE;LITTERAIRE_STANDARD;NEUTRE;ANTIQUITE;0.040;0.750;0.50;GREC_LATIN
insoumis;ESPRIT_ET_CARACTERE;CRITIQUE_MEMOIRES;LITTERAIRE_STANDARD;NEUTRE;ANTIQUITE;0.056;0.600;0.50;GREC_LATIN
intransigeance;ESPRIT_ET_CARACTERE;CRITIQUE_MEMOIRES;LITTERAIRE_STANDARD;NEUTRE;ANTIQUITE;0.080;0.750;0.50;GREC_LATIN
intrépide;ESPRIT_ET_CARACTERE;ROMANESQUE;LITTERAIRE_STANDARD;NEUTRE;ANTIQUITE;0.040;0.600;0.50;GREC_LATIN
intègre;ESPRIT_ET_CARACTERE;CRITIQUE_MEMOIRES;LITTERAIRE_STANDARD;NEUTRE;ANTIQUITE;0.020;0.600;0.50;GREC_LATIN
irrévérence;ESPRIT_ET_CARACTERE;THEATRE;LITTERAIRE_STANDARD;NEUTRE;ANTIQUITE;0.452;0.750;0.50;GREC_LATIN
larron;ESPRIT_ET_CARACTERE;THEATRE;ARCHAIQUE_RECHERCHE;NEUTRE;ANTIQUITE;0.116;0.250;0.50;GREC_LATIN
libidineux;ESPRIT_ET_CARACTERE;CRITIQUE_MEMOIRES;LITTERAIRE_STANDARD;NEUTRE;ANTIQUITE;0.223;0.600;0.50;GREC_LATIN
licencieux;ESPRIT_ET_CARACTERE;CRITIQUE_MEMOIRES;LITTERAIRE_STANDARD;NEUTRE;ANTIQUITE;0.284;0.600;0.50;GREC_LATIN
longanimité;ESPRIT_ET_CARACTERE;ROMANESQUE;LITTERAIRE_STANDARD;NEUTRE;ANTIQUITE;0.488;0.750;0.50;GREC_LATIN
magnanime;ESPRIT_ET_CARACTERE;CRITIQUE_MEMOIRES;LITTERAIRE_STANDARD;NEUTRE;ANTIQUITE;0.040;0.600;0.50;GREC_LATIN
malandrin;ESPRIT_ET_CARACTERE;ROMANESQUE;ARCHAIQUE_RECHERCHE;NEUTRE;ANTIQUITE;0.524;0.250;0.50;GREC_LATIN
mansuétude;ESPRIT_ET_CARACTERE;CRITIQUE_MEMOIRES;LITTERAIRE_STANDARD;POSITIF_CALME;ANTIQUITE;0.050;0.750;0.50;GREC_LATIN
maraudeur;ESPRIT_ET_CARACTERE;ROMANESQUE;LITTERAIRE_STANDARD;NEUTRE;ANTIQUITE;0.099;0.250;0.50;GREC_LATIN
marmiton;ESPRIT_ET_CARACTERE;ROMANESQUE;ARCHAIQUE_RECHERCHE;NEUTRE;ANTIQUITE;0.347;0.250;0.50;GREC_LATIN
mentor;ESPRIT_ET_CARACTERE;CRITIQUE_MEMOIRES;LITTERAIRE_STANDARD;NEUTRE;MODERNE_20;0.010;0.600;0.50;GREC_LATIN
moujik;ESPRIT_ET_CARACTERE;CRITIQUE_MEMOIRES;ARCHAIQUE_RECHERCHE;NEUTRE;CLASSIQUE_17_18;0.280;0.250;0.50;RUSSE
méticuleux;ESPRIT_ET_CARACTERE;CRITIQUE_MEMOIRES;LITTERAIRE_STANDARD;NEUTRE;ANTIQUITE;0.050;0.600;0.50;GREC_LATIN
narquois;ESPRIT_ET_CARACTERE;ROMANESQUE;COMIC_BURLESQUE;NEUTRE;ANTIQUITE;0.030;0.600;0.50;GREC_LATIN
noctambule;ESPRIT_ET_CARACTERE;POESIE;POETIQUE_LYRIQUE;NEUTRE;ROMANTIQUE_19;0.175;0.600;0.50;FRANCAIS
obséquieux;ESPRIT_ET_CARACTERE;CRITIQUE_MEMOIRES;LITTERAIRE_STANDARD;NEUTRE;MODERNE_20;0.050;0.600;0.50;GREC_LATIN
ombrageux;ESPRIT_ET_CARACTERE;CRITIQUE_MEMOIRES;LITTERAIRE_STANDARD;NEUTRE;ROMANTIQUE_19;0.040;0.600;0.50;FRANCAIS
opiniâtre;ESPRIT_ET_CARACTERE;CRITIQUE_MEMOIRES;LITTERAIRE_STANDARD;NEUTRE;MODERNE_20;0.040;0.600;0.50;FRANCAIS
opulence;ESPRIT_ET_CARACTERE;ROMANESQUE;LITTERAIRE_STANDARD;NEUTRE;ANTIQUITE;0.030;0.750;0.50;GREC_LATIN
ostentatoire;ESPRIT_ET_CARACTERE;CRITIQUE_MEMOIRES;LITTERAIRE_STANDARD;NEUTRE;MODERNE_20;0.070;0.600;0.50;GREC_LATIN
ostracisme;ESPRIT_ET_CARACTERE;CRITIQUE_MEMOIRES;TRAGIQUE_DRAMATIQUE;NEUTRE;ANTIQUITE;0.190;0.750;0.50;GREC_LATIN
outrageux;ESPRIT_ET_CARACTERE;CRITIQUE_MEMOIRES;LITTERAIRE_STANDARD;NEUTRE;ANTIQUITE;0.516;0.600;0.50;GREC_LATIN
outrecuidance;ESPRIT_ET_CARACTERE;CRITIQUE_MEMOIRES;LITTERAIRE_STANDARD;NEUTRE;MODERNE_20;0.080;0.750;0.50;FRANCAIS
outrecuidant;ESPRIT_ET_CARACTERE;ROMANESQUE;LITTERAIRE_STANDARD;NEUTRE;ANTIQUITE;0.434;0.600;0.50;GREC_LATIN
paladin;ESPRIT_ET_CARACTERE;ROMANESQUE;LITTERAIRE_STANDARD;NEUTRE;ANTIQUITE;0.193;0.250;0.50;GREC_LATIN
palefrenier;ESPRIT_ET_CARACTERE;ROMANESQUE;ARCHAIQUE_RECHERCHE;NEUTRE;ANTIQUITE;0.263;0.250;0.50;GREC_LATIN
parangon;ESPRIT_ET_CARACTERE;CRITIQUE_MEMOIRES;LITTERAIRE_STANDARD;NEUTRE;CONTEMPORAIN_21;0.030;0.600;0.50;GREC_LATIN
paria;ESPRIT_ET_CARACTERE;ESSAI_PHILOSOPHIQUE;LITTERAIRE_STANDARD;NEUTRE;MODERNE_20;0.000;0.600;0.50;GREC_LATIN
parjure;ESPRIT_ET_CARACTERE;CRITIQUE_MEMOIRES;TRAGIQUE_DRAMATIQUE;NEUTRE;ANTIQUITE;0.079;0.600;0.50;GREC_LATIN
patricien;ESPRIT_ET_CARACTERE;CRITIQUE_MEMOIRES;LITTERAIRE_STANDARD;NEUTRE;ANTIQUITE;0.437;0.600;0.50;GREC_LATIN
pernicieux;ESPRIT_ET_CARACTERE;ESSAI_PHILOSOPHIQUE;LITTERAIRE_STANDARD;NEUTRE;MODERNE_20;0.050;0.600;0.50;GREC_LATIN
plébéien;ESPRIT_ET_CARACTERE;CRITIQUE_MEMOIRES;LITTERAIRE_STANDARD;NEUTRE;ANTIQUITE;0.250;0.600;0.50;GREC_LATIN
pointilleux;ESPRIT_ET_CARACTERE;CRITIQUE_MEMOIRES;LITTERAIRE_STANDARD;NEUTRE;ANTIQUITE;0.173;0.600;0.50;GREC_LATIN
potentat;ESPRIT_ET_CARACTERE;THEATRE;LITTERAIRE_STANDARD;NEUTRE;ANTIQUITE;0.306;0.600;0.50;GREC_LATIN
preux;ESPRIT_ET_CARACTERE;ROMANESQUE;ARCHAIQUE_RECHERCHE;NEUTRE;ANTIQUITE;0.001;0.600;0.50;GREC_LATIN
probe;ESPRIT_ET_CARACTERE;CRITIQUE_MEMOIRES;LITTERAIRE_STANDARD;NEUTRE;ANTIQUITE;0.200;0.600;0.50;GREC_LATIN
procrastination;ESPRIT_ET_CARACTERE;CRITIQUE_MEMOIRES;LITTERAIRE_STANDARD;NEUTRE;MODERNE_20;0.535;0.750;0.50;GREC_LATIN
prodigalité;ESPRIT_ET_CARACTERE;ESSAI_PHILOSOPHIQUE;LITTERAIRE_STANDARD;NEUTRE;ANTIQUITE;0.191;0.750;0.50;GREC_LATIN
précepteur;ESPRIT_ET_CARACTERE;ROMANESQUE;LITTERAIRE_STANDARD;NEUTRE;ANTIQUITE;0.050;0.600;0.50;GREC_LATIN
préséance;ESPRIT_ET_CARACTERE;CRITIQUE_MEMOIRES;LITTERAIRE_STANDARD;NEUTRE;ANTIQUITE;0.294;0.750;0.50;GREC_LATIN
pugnace;ESPRIT_ET_CARACTERE;CRITIQUE_MEMOIRES;LITTERAIRE_STANDARD;NEUTRE;ANTIQUITE;0.376;0.600;0.50;GREC_LATIN
pusillanime;ESPRIT_ET_CARACTERE;CRITIQUE_MEMOIRES;LITTERAIRE_STANDARD;NEUTRE;CONTEMPORAIN_21;0.060;0.600;0.50;GREC_LATIN
renégat;ESPRIT_ET_CARACTERE;CRITIQUE_MEMOIRES;LITTERAIRE_STANDARD;NEUTRE;ROMANTIQUE_19;0.020;0.600;0.50;FRANCAIS
sardonique;ESPRIT_ET_CARACTERE;THEATRE;TRAGIQUE_DRAMATIQUE;NEUTRE;MODERNE_20;0.146;0.650;0.50;GREC_LATIN
satyre;ESPRIT_ET_CARACTERE;THEATRE;LITTERAIRE_STANDARD;NEUTRE;MODERNE_20;0.010;0.250;0.50;GREC_LATIN
sbire;ESPRIT_ET_CARACTERE;THEATRE;ARCHAIQUE_RECHERCHE;NEUTRE;ANTIQUITE;0.251;0.935;0.50;GREC_LATIN
scabreux;ESPRIT_ET_CARACTERE;CRITIQUE_MEMOIRES;LITTERAIRE_STANDARD;NEUTRE;ANTIQUITE;0.030;0.600;0.50;GREC_LATIN
scrupuleux;ESPRIT_ET_CARACTERE;CRITIQUE_MEMOIRES;LITTERAIRE_STANDARD;NEUTRE;ANTIQUITE;0.050;0.600;0.50;GREC_LATIN
scélérat;ESPRIT_ET_CARACTERE;ROMANESQUE;TRAGIQUE_DRAMATIQUE;NEUTRE;MODERNE_20;0.030;0.600;0.50;FRANCAIS
sicaire;ESPRIT_ET_CARACTERE;ROMANESQUE;ARCHAIQUE_RECHERCHE;NEUTRE;ANTIQUITE;0.635;0.300;0.50;GREC_LATIN
simagrée;ESPRIT_ET_CARACTERE;THEATRE;COMIC_BURLESQUE;NEUTRE;MODERNE_20;0.388;0.600;0.50;FRANCAIS
sourcilleux;ESPRIT_ET_CARACTERE;CRITIQUE_MEMOIRES;LITTERAIRE_STANDARD;NEUTRE;ANTIQUITE;0.174;0.600;0.50;GREC_LATIN
spadassin;ESPRIT_ET_CARACTERE;THEATRE;ARCHAIQUE_RECHERCHE;NEUTRE;ANTIQUITE;0.252;0.250;0.50;GREC_LATIN
suzerain;ESPRIT_ET_CARACTERE;ROMANESQUE;ARCHAIQUE_RECHERCHE;NEUTRE;ANTIQUITE;0.310;0.600;0.50;GREC_LATIN
sycophante;ESPRIT_ET_CARACTERE;CRITIQUE_MEMOIRES;ARCHAIQUE_RECHERCHE;NEUTRE;ANTIQUITE;0.779;0.600;0.50;GREC_LATIN
taciturne;ESPRIT_ET_CARACTERE;CRITIQUE_MEMOIRES;LITTERAIRE_STANDARD;NEUTRE;ANTIQUITE;0.040;0.600;0.50;GREC_LATIN
thuriféraire;ESPRIT_ET_CARACTERE;CRITIQUE_MEMOIRES;LITTERAIRE_STANDARD;NEUTRE;MODERNE_20;0.366;0.650;0.50;GREC_LATIN
turpitude;ESPRIT_ET_CARACTERE;CRITIQUE_MEMOIRES;TRAGIQUE_DRAMATIQUE;NEUTRE;MODERNE_20;0.317;0.750;0.50;GREC_LATIN
urbanité;ESPRIT_ET_CARACTERE;CRITIQUE_MEMOIRES;LITTERAIRE_STANDARD;NEUTRE;ANTIQUITE;0.328;0.750;0.50;GREC_LATIN
valétudinaire;ESPRIT_ET_CARACTERE;CRITIQUE_MEMOIRES;LITTERAIRE_STANDARD;NEUTRE;CONTEMPORAIN_21;0.232;0.650;0.50;GREC_LATIN
velléité;ESPRIT_ET_CARACTERE;CRITIQUE_MEMOIRES;LITTERAIRE_STANDARD;NEUTRE;MODERNE_20;0.030;0.750;0.50;GREC_LATIN
vergogne;ESPRIT_ET_CARACTERE;CRITIQUE_MEMOIRES;ARCHAIQUE_RECHERCHE;NEUTRE;CLASSIQUE_17_18;0.030;0.600;0.50;FRANCAIS
viateur;ESPRIT_ET_CARACTERE;ROMANESQUE;ARCHAIQUE_RECHERCHE;NEUTRE;ANTIQUITE;1.000;0.600;0.50;GREC_LATIN
vilipender;ESPRIT_ET_CARACTERE;CRITIQUE_MEMOIRES;TRAGIQUE_DRAMATIQUE;NEUTRE;ANTIQUITE;0.502;0.600;0.50;GREC_LATIN
vitriolique;ESPRIT_ET_CARACTERE;ROMANESQUE;TRAGIQUE_DRAMATIQUE;NEUTRE;ANTIQUITE;0.753;0.650;0.50;GREC_LATIN
égrotant;ESPRIT_ET_CARACTERE;CRITIQUE_MEMOIRES;LITTERAIRE_STANDARD;NEUTRE;ANTIQUITE;0.395;0.600;0.50;GREC_LATIN
érémitique;ESPRIT_ET_CARACTERE;ESSAI_PHILOSOPHIQUE;LITTERAIRE_STANDARD;NEUTRE;ANTIQUITE;0.522;0.650;0.50;GREC_LATIN
aurore;NATURE_ET_COSMOS;POESIE;POETIQUE_LYRIQUE;NEUTRE;MODERNE_20;0.010;0.415;0.50;GREC_LATIN
clair-obscur;ARTS_ET_LANGAGE;ROMANESQUE;LITTERAIRE_STANDARD;NEUTRE;ANTIQUITE;0.070;0.500;0.50;GREC_LATIN
coruscant;NATURE_ET_COSMOS;ROMANESQUE;LITTERAIRE_STANDARD;NEUTRE;CONTEMPORAIN_21;0.040;0.200;0.50;GREC_LATIN
crépuscule;NATURE_ET_COSMOS;POESIE;POETIQUE_LYRIQUE;NEUTRE;MODERNE_20;0.050;0.478;0.50;FRANCAIS
diaphane;NATURE_ET_COSMOS;POESIE;POETIQUE_LYRIQUE;NEUTRE;MODERNE_20;0.030;0.050;0.50;GREC_LATIN
exsangue;SENTIMENTS_ET_PSYCHE;ROMANESQUE;TRAGIQUE_DRAMATIQUE;NEGATIF_CALME;MODERNE_20;0.030;0.750;0.50;GREC_LATIN
fuligineux;PHILOSOPHIE_ET_IDEES;ROMANESQUE;TRAGIQUE_DRAMATIQUE;NEUTRE;MODERNE_20;0.124;0.850;0.50;GREC_LATIN
incandescent;NATURE_ET_COSMOS;ROMANESQUE;LITTERAIRE_STANDARD;NEUTRE;ANTIQUITE;0.070;0.200;0.50;GREC_LATIN
irisé;NATURE_ET_COSMOS;POESIE;POETIQUE_LYRIQUE;NEUTRE;ANTIQUITE;0.230;0.200;0.50;GREC_LATIN
luminescence;NATURE_ET_COSMOS;ROMANESQUE;POETIQUE_LYRIQUE;NEUTRE;ANTIQUITE;0.619;0.200;0.50;GREC_LATIN
nimbe;ARTS_ET_LANGAGE;ROMANESQUE;POETIQUE_LYRIQUE;NEUTRE;ANTIQUITE;0.159;0.500;0.50;GREC_LATIN
opalin;NATURE_ET_COSMOS;POESIE;POETIQUE_LYRIQUE;NEUTRE;ANTIQUITE;0.337;0.200;0.50;GREC_LATIN
phosphorescence;NATURE_ET_COSMOS;ROMANESQUE;POETIQUE_LYRIQUE;NEUTRE;ANTIQUITE;0.303;0.200;0.50;GREC_LATIN
purpurine;ARTS_ET_LANGAGE;ROMANESQUE;LITTERAIRE_STANDARD;NEUTRE;ANTIQUITE;0.589;0.500;0.50;GREC_LATIN
pénombre;NATURE_ET_COSMOS;ROMANESQUE;POETIQUE_LYRIQUE;NEUTRE;CLASSIQUE_17_18;0.030;0.050;0.50;FRANCAIS
ténébreux;SENTIMENTS_ET_PSYCHE;ROMANESQUE;TRAGIQUE_DRAMATIQUE;NEUTRE;ANTIQUITE;0.040;0.750;0.50;GREC_LATIN
vespéral;NATURE_ET_COSMOS;POESIE;POETIQUE_LYRIQUE;NEUTRE;MODERNE_20;0.598;0.200;0.50;GREC_LATIN
alcyon;NATURE_ET_COSMOS;ROMANESQUE;POETIQUE_LYRIQUE;NEUTRE;ANTIQUITE;0.210;0.000;0.50;GREC_LATIN
améthyste;NATURE_ET_COSMOS;ROMANESQUE;LITTERAIRE_STANDARD;NEUTRE;ANTIQUITE;0.339;0.050;0.50;GREC_LATIN
arachnéen;NATURE_ET_COSMOS;ROMANESQUE;POETIQUE_LYRIQUE;NEUTRE;ANTIQUITE;0.516;0.200;0.50;GREC_LATIN
auréole;NATURE_ET_COSMOS;ROMANESQUE;LITTERAIRE_STANDARD;NEUTRE;ANTIQUITE;0.020;0.050;0.50;GREC_LATIN
azur;NATURE_ET_COSMOS;POESIE;POETIQUE_LYRIQUE;NEUTRE;MODERNE_20;0.000;0.200;0.50;GREC_LATIN
bocage;NATURE_ET_COSMOS;ROMANESQUE;POETIQUE_LYRIQUE;NEUTRE;ANTIQUITE;0.010;0.050;0.50;GREC_LATIN
brume;NATURE_ET_COSMOS;ROMANESQUE;LITTERAIRE_STANDARD;NEUTRE;ANTIQUITE;0.000;0.050;0.50;GREC_LATIN
bucolique;NATURE_ET_COSMOS;ROMANESQUE;LITTERAIRE_STANDARD;NEUTRE;MODERNE_20;0.040;0.100;0.50;GREC_LATIN
chrysanthème;NATURE_ET_COSMOS;ROMANESQUE;LITTERAIRE_STANDARD;NEUTRE;ANTIQUITE;0.449;0.000;0.50;GREC_LATIN
chthonien;NATURE_ET_COSMOS;ROMANESQUE;ARCHAIQUE_RECHERCHE;NEUTRE;ANTIQUITE;0.961;0.200;0.50;GREC_LATIN
constellation;NATURE_ET_COSMOS;ROMANESQUE;LITTERAIRE_STANDARD;NEUTRE;ANTIQUITE;0.080;0.000;0.50;GREC_LATIN
corolle;NATURE_ET_COSMOS;ROMANESQUE;LITTERAIRE_STANDARD;NEUTRE;ANTIQUITE;0.020;0.000;0.50;GREC_LATIN
céleste;NATURE_ET_COSMOS;ROMANESQUE;LITTERAIRE_STANDARD;NEUTRE;ANTIQUITE;0.020;0.050;0.50;GREC_LATIN
céruléen;NATURE_ET_COSMOS;POESIE;POETIQUE_LYRIQUE;NEUTRE;MODERNE_20;0.251;0.200;0.50;GREC_LATIN
dryade;NATURE_ET_COSMOS;ROMANESQUE;LITTERAIRE_STANDARD;NEUTRE;ANTIQUITE;0.359;0.000;0.50;GREC_LATIN
effluve;NATURE_ET_COSMOS;POESIE;POETIQUE_LYRIQUE;NEUTRE;MODERNE_20;0.218;0.050;0.50;GREC_LATIN
empyrée;NATURE_ET_COSMOS;POESIE;POETIQUE_LYRIQUE;NEUTRE;ANTIQUITE;0.210;0.050;0.50;GREC_LATIN
firmament;NATURE_ET_COSMOS;POESIE;POETIQUE_LYRIQUE;NEUTRE;MODERNE_20;0.040;0.558;0.50;GREC_LATIN
héliotrope;NATURE_ET_COSMOS;ROMANESQUE;LITTERAIRE_STANDARD;NEUTRE;ANTIQUITE;0.358;0.050;0.50;GREC_LATIN
inflorescence;NATURE_ET_COSMOS;ROMANESQUE;LITTERAIRE_STANDARD;NEUTRE;ANTIQUITE;1.000;0.200;0.50;GREC_LATIN
labyrinthe;NATURE_ET_COSMOS;ROMANESQUE;LITTERAIRE_STANDARD;NEUTRE;ANTIQUITE;0.050;0.130;0.50;GREC_LATIN
limpide;NATURE_ET_COSMOS;ROMANESQUE;LITTERAIRE_STANDARD;POSITIF_CALME;ANTIQUITE;0.020;0.050;0.50;GREC_LATIN
lustral;NATURE_ET_COSMOS;ROMANESQUE;LITTERAIRE_STANDARD;POSITIF_CALME;ANTIQUITE;0.225;0.200;0.50;GREC_LATIN
nadir;NATURE_ET_COSMOS;ROMANESQUE;LITTERAIRE_STANDARD;NEUTRE;MODERNE_20;0.061;0.200;0.50;GREC_LATIN
nymphe;NATURE_ET_COSMOS;POESIE;POETIQUE_LYRIQUE;NEUTRE;ANTIQUITE;0.010;0.000;0.50;GREC_LATIN
nébuleux;NATURE_ET_COSMOS;ROMANESQUE;LITTERAIRE_STANDARD;NEUTRE;ANTIQUITE;0.118;0.200;0.50;GREC_LATIN
ondine;NATURE_ET_COSMOS;POESIE;POETIQUE_LYRIQUE;NEUTRE;ANTIQUITE;0.349;0.000;0.50;GREC_LATIN
ondée;NATURE_ET_COSMOS;ROMANESQUE;LITTERAIRE_STANDARD;NEUTRE;ANTIQUITE;0.000;0.050;0.50;GREC_LATIN
oscillation;NATURE_ET_COSMOS;ROMANESQUE;LITTERAIRE_STANDARD;NEUTRE;ANTIQUITE;0.060;0.200;0.50;GREC_LATIN
parvis;NATURE_ET_COSMOS;ROMANESQUE;LITTERAIRE_STANDARD;NEUTRE;ANTIQUITE;0.010;0.000;0.50;GREC_LATIN
pistil;NATURE_ET_COSMOS;ROMANESQUE;LITTERAIRE_STANDARD;NEUTRE;ANTIQUITE;0.309;0.000;0.50;GREC_LATIN
pittoresque;NATURE_ET_COSMOS;ROMANESQUE;LITTERAIRE_STANDARD;NEUTRE;ANTIQUITE;0.060;0.050;0.50;GREC_LATIN
périgée;NATURE_ET_COSMOS;ROMANESQUE;LITTERAIRE_STANDARD;NEUTRE;ANTIQUITE;0.446;0.050;0.50;GREC_LATIN
pétale;NATURE_ET_COSMOS;ROMANESQUE;LITTERAIRE_STANDARD;NEUTRE;ANTIQUITE;0.010;0.137;0.50;GREC_LATIN
pétrichor;NATURE_ET_COSMOS;ROMANESQUE;LITTERAIRE_STANDARD;NEUTRE;CONTEMPORAIN_21;0.040;0.200;0.50;GREC_LATIN
sidéral;NATURE_ET_COSMOS;ROMANESQUE;LITTERAIRE_STANDARD;NEUTRE;ANTIQUITE;0.145;0.200;0.50;GREC_LATIN
sillage;NATURE_ET_COSMOS;ROMANESQUE;LITTERAIRE_STANDARD;NEUTRE;ROMANTIQUE_19;0.020;0.750;0.50;FRANCAIS
solstice;NATURE_ET_COSMOS;ROMANESQUE;LITTERAIRE_STANDARD;NEUTRE;ANTIQUITE;0.030;0.000;0.50;GREC_LATIN
sylphide;NATURE_ET_COSMOS;POESIE;POETIQUE_LYRIQUE;NEUTRE;ANTIQUITE;0.655;0.000;0.50;GREC_LATIN
sépale;NATURE_ET_COSMOS;ROMANESQUE;LITTERAIRE_STANDARD;NEUTRE;ANTIQUITE;1.000;0.000;0.50;GREC_LATIN
tumulte;NATURE_ET_COSMOS;ROMANESQUE;LITTERAIRE_STANDARD;NEGATIF_EXCITANT;ANTIQUITE;0.020;0.837;0.50;GREC_LATIN
villégiature;NATURE_ET_COSMOS;ROMANESQUE;LITTERAIRE_STANDARD;NEUTRE;ANTIQUITE;0.070;0.050;0.50;GREC_LATIN
zodiaque;NATURE_ET_COSMOS;ROMANESQUE;LITTERAIRE_STANDARD;NEUTRE;ANTIQUITE;0.253;0.000;0.50;GREC_LATIN
zénith;NATURE_ET_COSMOS;ROMANESQUE;LITTERAIRE_STANDARD;NEUTRE;ANTIQUITE;0.010;0.200;0.50;GREC_LATIN
zéphyr;NATURE_ET_COSMOS;POESIE;POETIQUE_LYRIQUE;NEUTRE;ANTIQUITE;0.282;0.200;0.50;GREC_LATIN
éolien;NATURE_ET_COSMOS;POESIE;LITTERAIRE_STANDARD;NEUTRE;ANTIQUITE;0.080;0.200;0.50;GREC_LATIN
équinoxe;NATURE_ET_COSMOS;ROMANESQUE;LITTERAIRE_STANDARD;NEUTRE;ANTIQUITE;0.030;0.050;0.50;GREC_LATIN
étamine;NATURE_ET_COSMOS;ROMANESQUE;LITTERAIRE_STANDARD;NEUTRE;ANTIQUITE;0.206;0.783;0.50;GREC_LATIN
éthéré;NATURE_ET_COSMOS;ROMANESQUE;POETIQUE_LYRIQUE;NEUTRE;MODERNE_20;0.365;0.200;0.50;GREC_LATIN
abscons;PHILOSOPHIE_ET_IDEES;ROMANESQUE;LITTERAIRE_STANDARD;NEUTRE;CONTEMPORAIN_21;0.062;0.850;0.50;GREC_LATIN
ambiguïté;PHILOSOPHIE_ET_IDEES;ROMANESQUE;LITTERAIRE_STANDARD;NEUTRE;ANTIQUITE;0.040;0.838;0.50;GREC_LATIN
anathème;PHILOSOPHIE_ET_IDEES;ROMANESQUE;TRAGIQUE_DRAMATIQUE;NEUTRE;MODERNE_20;0.091;0.850;0.50;GREC_LATIN
apostasie;PHILOSOPHIE_ET_IDEES;ROMANESQUE;LITTERAIRE_STANDARD;NEUTRE;ANTIQUITE;0.314;0.850;0.50;GREC_LATIN
casuistique;PHILOSOPHIE_ET_IDEES;ESSAI_PHILOSOPHIQUE;LITTERAIRE_STANDARD;NEUTRE;ANTIQUITE;0.276;0.900;0.50;GREC_LATIN
chimère;PHILOSOPHIE_ET_IDEES;ROMANESQUE;LITTERAIRE_STANDARD;NEUTRE;MODERNE_20;0.020;0.850;0.50;GREC_LATIN
conjecture;PHILOSOPHIE_ET_IDEES;ESSAI_PHILOSOPHIQUE;LITTERAIRE_STANDARD;NEUTRE;ANTIQUITE;0.331;0.850;0.50;GREC_LATIN
contingence;PHILOSOPHIE_ET_IDEES;ESSAI_PHILOSOPHIQUE;LITTERAIRE_STANDARD;NEUTRE;ANTIQUITE;0.415;1.000;0.50;GREC_LATIN
cryptique;PHILOSOPHIE_ET_IDEES;ROMANESQUE;LITTERAIRE_STANDARD;NEUTRE;MODERNE_20;0.441;0.900;0.50;GREC_LATIN
dirimant;PHILOSOPHIE_ET_IDEES;ESSAI_PHILOSOPHIQUE;LITTERAIRE_STANDARD;NEUTRE;MODERNE_20;0.396;0.850;0.50;GREC_LATIN
dogme;PHILOSOPHIE_ET_IDEES;ESSAI_PHILOSOPHIQUE;LITTERAIRE_STANDARD;NEUTRE;ANTIQUITE;0.000;0.850;0.50;GREC_LATIN
haruspice;PHILOSOPHIE_ET_IDEES;ROMANESQUE;ARCHAIQUE_RECHERCHE;NEUTRE;ANTIQUITE;1.000;0.850;0.50;GREC_LATIN
hermétique;PHILOSOPHIE_ET_IDEES;ESSAI_PHILOSOPHIQUE;LITTERAIRE_STANDARD;NEUTRE;ANTIQUITE;0.050;0.900;0.50;GREC_LATIN
heuristique;PHILOSOPHIE_ET_IDEES;ESSAI_PHILOSOPHIQUE;LITTERAIRE_STANDARD;NEUTRE;CONTEMPORAIN_21;0.380;0.900;0.50;GREC_LATIN
imbrication;PHILOSOPHIE_ET_IDEES;ROMANESQUE;LITTERAIRE_STANDARD;NEUTRE;ANTIQUITE;0.359;1.000;0.50;GREC_LATIN
immanence;PHILOSOPHIE_ET_IDEES;ESSAI_PHILOSOPHIQUE;LITTERAIRE_STANDARD;NEUTRE;ANTIQUITE;0.557;1.000;0.50;GREC_LATIN
infrangible;PHILOSOPHIE_ET_IDEES;ESSAI_PHILOSOPHIQUE;LITTERAIRE_STANDARD;NEUTRE;ANTIQUITE;0.463;0.850;0.50;GREC_LATIN
intrinsèque;PHILOSOPHIE_ET_IDEES;ESSAI_PHILOSOPHIQUE;LITTERAIRE_STANDARD;NEUTRE;MODERNE_20;0.219;0.850;0.50;GREC_LATIN
maxime;PHILOSOPHIE_ET_IDEES;ESSAI_PHILOSOPHIQUE;LITTERAIRE_STANDARD;NEUTRE;ANTIQUITE;0.016;0.850;0.50;GREC_LATIN
métaphysique;PHILOSOPHIE_ET_IDEES;ESSAI_PHILOSOPHIQUE;LITTERAIRE_STANDARD;NEUTRE;ANTIQUITE;0.070;0.900;0.50;GREC_LATIN
noumène;PHILOSOPHIE_ET_IDEES;ESSAI_PHILOSOPHIQUE;LITTERAIRE_STANDARD;NEUTRE;ANTIQUITE;0.713;0.850;0.50;GREC_LATIN
némésis;PHILOSOPHIE_ET_IDEES;ROMANESQUE;TRAGIQUE_DRAMATIQUE;NEUTRE;MODERNE_20;0.933;0.850;0.50;GREC_LATIN
obsidional;PHILOSOPHIE_ET_IDEES;ROMANESQUE;LITTERAIRE_STANDARD;NEUTRE;CONTEMPORAIN_21;0.348;0.850;0.50;GREC_LATIN
onirique;PHILOSOPHIE_ET_IDEES;ROMANESQUE;POETIQUE_LYRIQUE;NEUTRE;MODERNE_20;0.341;0.900;0.50;GREC_LATIN
ontologie;PHILOSOPHIE_ET_IDEES;ESSAI_PHILOSOPHIQUE;LITTERAIRE_STANDARD;NEUTRE;MODERNE_20;0.457;1.000;0.50;GREC_LATIN
ontologique;PHILOSOPHIE_ET_IDEES;ESSAI_PHILOSOPHIQUE;LITTERAIRE_STANDARD;NEUTRE;ANTIQUITE;0.356;0.900;0.50;GREC_LATIN
paradigme;PHILOSOPHIE_ET_IDEES;ESSAI_PHILOSOPHIQUE;LITTERAIRE_STANDARD;NEUTRE;MODERNE_20;0.389;0.850;0.50;GREC_LATIN
présage;PHILOSOPHIE_ET_IDEES;ROMANESQUE;LITTERAIRE_STANDARD;NEUTRE;ANTIQUITE;0.020;0.850;0.50;GREC_LATIN
pythonisse;PHILOSOPHIE_ET_IDEES;ROMANESQUE;ARCHAIQUE_RECHERCHE;NEUTRE;ANTIQUITE;0.493;0.850;0.50;GREC_LATIN
quintessence;PHILOSOPHIE_ET_IDEES;ROMANESQUE;LITTERAIRE_STANDARD;NEUTRE;MODERNE_20;0.073;1.000;0.50;GREC_LATIN
scholastique;PHILOSOPHIE_ET_IDEES;ROMANESQUE;ARCHAIQUE_RECHERCHE;NEUTRE;ANTIQUITE;1.000;0.900;0.50;GREC_LATIN
sibyllin;PHILOSOPHIE_ET_IDEES;ROMANESQUE;LITTERAIRE_STANDARD;NEUTRE;MODERNE_20;0.030;0.850;0.50;GREC_LATIN
solipsisme;PHILOSOPHIE_ET_IDEES;ESSAI_PHILOSOPHIQUE;LITTERAIRE_STANDARD;NEUTRE;ANTIQUITE;0.592;1.000;0.50;GREC_LATIN
sophisme;PHILOSOPHIE_ET_IDEES;ESSAI_PHILOSOPHIQUE;LITTERAIRE_STANDARD;NEUTRE;ANTIQUITE;0.428;1.000;0.50;GREC_LATIN
stigmate;PHILOSOPHIE_ET_IDEES;ROMANESQUE;LITTERAIRE_STANDARD;NEUTRE;ANTIQUITE;0.360;0.850;0.50;GREC_LATIN
stoïque;PHILOSOPHIE_ET_IDEES;ROMANESQUE;LITTERAIRE_STANDARD;NEUTRE;ANTIQUITE;0.083;0.850;0.50;GREC_LATIN
substantifique;PHILOSOPHIE_ET_IDEES;ESSAI_PHILOSOPHIQUE;LITTERAIRE_STANDARD;NEUTRE;ANTIQUITE;0.556;0.900;0.50;GREC_LATIN
syllogisme;PHILOSOPHIE_ET_IDEES;ESSAI_PHILOSOPHIQUE;LITTERAIRE_STANDARD;NEUTRE;ANTIQUITE;0.571;1.000;0.50;GREC_LATIN
syncrétisme;PHILOSOPHIE_ET_IDEES;ESSAI_PHILOSOPHIQUE;LITTERAIRE_STANDARD;NEUTRE;ANTIQUITE;0.571;1.000;0.50;GREC_LATIN
synesthésie;PHILOSOPHIE_ET_IDEES;ROMANESQUE;LITTERAIRE_STANDARD;NEUTRE;MODERNE_20;0.473;0.850;0.50;GREC_LATIN
sérendipité;PHILOSOPHIE_ET_IDEES;ESSAI_PHILOSOPHIQUE;LITTERAIRE_STANDARD;NEUTRE;CONTEMPORAIN_21;0.441;1.000;0.50;ANGLAIS
thaumaturge;PHILOSOPHIE_ET_IDEES;ROMANESQUE;ARCHAIQUE_RECHERCHE;NEUTRE;ANTIQUITE;0.379;0.850;0.50;GREC_LATIN
transcendance;PHILOSOPHIE_ET_IDEES;ESSAI_PHILOSOPHIQUE;LITTERAIRE_STANDARD;NEUTRE;ANTIQUITE;0.325;1.000;0.50;GREC_LATIN
truisme;PHILOSOPHIE_ET_IDEES;ESSAI_PHILOSOPHIQUE;LITTERAIRE_STANDARD;NEUTRE;MODERNE_20;0.393;1.000;0.50;GREC_LATIN
téléologique;PHILOSOPHIE_ET_IDEES;ESSAI_PHILOSOPHIQUE;LITTERAIRE_STANDARD;NEUTRE;ANTIQUITE;0.571;0.900;0.50;GREC_LATIN
éclectisme;PHILOSOPHIE_ET_IDEES;ESSAI_PHILOSOPHIQUE;LITTERAIRE_STANDARD;NEUTRE;ANTIQUITE;0.576;1.000;0.50;GREC_LATIN
énigmatique;PHILOSOPHIE_ET_IDEES;ROMANESQUE;LITTERAIRE_STANDARD;NEUTRE;ANTIQUITE;0.060;0.900;0.50;GREC_LATIN
épicurien;PHILOSOPHIE_ET_IDEES;ROMANESQUE;LITTERAIRE_STANDARD;NEUTRE;MODERNE_20;0.177;0.850;0.50;GREC_LATIN
ésotérique;PHILOSOPHIE_ET_IDEES;ROMANESQUE;LITTERAIRE_STANDARD;NEUTRE;ANTIQUITE;0.178;0.900;0.50;GREC_LATIN
abattement;SENTIMENTS_ET_PSYCHE;ROMANESQUE;TRAGIQUE_DRAMATIQUE;NEGATIF_CALME;ROMANTIQUE_19;0.050;0.750;0.50;FRANCAIS
abnégation;SENTIMENTS_ET_PSYCHE;ROMANESQUE;LITTERAIRE_STANDARD;NEUTRE;MODERNE_20;0.050;0.900;0.50;GREC_LATIN
aboulie;SENTIMENTS_ET_PSYCHE;ROMANESQUE;ARCHAIQUE_RECHERCHE;NEUTRE;ANTIQUITE;0.525;0.750;0.50;GREC_LATIN
accablement;SENTIMENTS_ET_PSYCHE;ROMANESQUE;TRAGIQUE_DRAMATIQUE;NEGATIF_CALME;CLASSIQUE_17_18;0.060;0.750;0.50;FRANCAIS
affliction;SENTIMENTS_ET_PSYCHE;ROMANESQUE;TRAGIQUE_DRAMATIQUE;NEGATIF_CALME;ROMANTIQUE_19;0.050;0.900;0.50;FRANCAIS
alacrité;SENTIMENTS_ET_PSYCHE;ROMANESQUE;LITTERAIRE_STANDARD;POSITIF_EXCITANT;MODERNE_20;0.109;0.900;0.50;GREC_LATIN
allégresse;SENTIMENTS_ET_PSYCHE;ROMANESQUE;POETIQUE_LYRIQUE;POSITIF_EXCITANT;ROMANTIQUE_19;0.050;0.807;0.50;FRANCAIS
anémie;SENTIMENTS_ET_PSYCHE;ROMANESQUE;TRAGIQUE_DRAMATIQUE;NEUTRE;MODERNE_20;0.090;0.750;0.50;GREC_LATIN
apathie;SENTIMENTS_ET_PSYCHE;ROMANESQUE;LITTERAIRE_STANDARD;NEGATIF_CALME;ANTIQUITE;0.020;0.750;0.50;GREC_LATIN
ataraxie;SENTIMENTS_ET_PSYCHE;ESSAI_PHILOSOPHIQUE;POETIQUE_LYRIQUE;NEUTRE;MODERNE_20;0.626;0.750;0.50;GREC_LATIN
atone;SENTIMENTS_ET_PSYCHE;ROMANESQUE;LITTERAIRE_STANDARD;NEUTRE;ANTIQUITE;0.092;0.750;0.50;GREC_LATIN
bannissement;SENTIMENTS_ET_PSYCHE;ROMANESQUE;LITTERAIRE_STANDARD;NEUTRE;ROMANTIQUE_19;0.161;0.750;0.50;FRANCAIS
chagrin;SENTIMENTS_ET_PSYCHE;ROMANESQUE;LITTERAIRE_STANDARD;NEUTRE;MODERNE_20;0.020;0.522;0.50;FRANCAIS
claustration;SENTIMENTS_ET_PSYCHE;ROMANESQUE;LITTERAIRE_STANDARD;NEUTRE;ANTIQUITE;0.211;0.900;0.50;GREC_LATIN
commisération;SENTIMENTS_ET_PSYCHE;ROMANESQUE;LITTERAIRE_STANDARD;NEUTRE;MODERNE_20;0.080;0.900;0.50;GREC_LATIN
concorde;SENTIMENTS_ET_PSYCHE;ROMANESQUE;LITTERAIRE_STANDARD;NEUTRE;ANTIQUITE;0.030;0.750;0.50;GREC_LATIN
consternation;SENTIMENTS_ET_PSYCHE;ROMANESQUE;LITTERAIRE_STANDARD;NEUTRE;ANTIQUITE;0.080;0.900;0.50;GREC_LATIN
cors;SENTIMENTS_ET_PSYCHE;ROMANESQUE;LITTERAIRE_STANDARD;NEUTRE;ANTIQUITE;0.052;0.667;0.50;GREC_LATIN
courroux;SENTIMENTS_ET_PSYCHE;THEATRE;TRAGIQUE_DRAMATIQUE;NEGATIF_EXCITANT;CLASSIQUE_17_18;0.030;0.750;0.50;FRANCAIS
cénesthésie;SENTIMENTS_ET_PSYCHE;ROMANESQUE;LITTERAIRE_STANDARD;NEUTRE;ANTIQUITE;1.000;0.750;0.50;GREC_LATIN
dilection;SENTIMENTS_ET_PSYCHE;ROMANESQUE;LITTERAIRE_STANDARD;NEUTRE;ANTIQUITE;0.212;0.900;0.50;GREC_LATIN
dolent;SENTIMENTS_ET_PSYCHE;ROMANESQUE;LITTERAIRE_STANDARD;NEUTRE;ANTIQUITE;0.167;0.750;0.50;GREC_LATIN
désabusé;SENTIMENTS_ET_PSYCHE;ROMANESQUE;LITTERAIRE_STANDARD;NEGATIF_CALME;ANTIQUITE;0.030;0.750;0.50;GREC_LATIN
effervescence;SENTIMENTS_ET_PSYCHE;ROMANESQUE;LITTERAIRE_STANDARD;POSITIF_EXCITANT;ROMANTIQUE_19;0.080;0.900;0.50;FRANCAIS
exaltation;SENTIMENTS_ET_PSYCHE;ROMANESQUE;LITTERAIRE_STANDARD;POSITIF_EXCITANT;ANTIQUITE;0.050;0.773;0.50;GREC_LATIN
extase;SENTIMENTS_ET_PSYCHE;ROMANESQUE;LITTERAIRE_STANDARD;POSITIF_EXCITANT;ANTIQUITE;0.010;0.677;0.50;GREC_LATIN
ferveur;SENTIMENTS_ET_PSYCHE;ROMANESQUE;LITTERAIRE_STANDARD;POSITIF_EXCITANT;ANTIQUITE;0.020;0.795;0.50;GREC_LATIN
fielueux;SENTIMENTS_ET_PSYCHE;ROMANESQUE;LITTERAIRE_STANDARD;NEUTRE;ANTIQUITE;1.000;0.750;0.50;GREC_LATIN
félicité;SENTIMENTS_ET_PSYCHE;ROMANESQUE;POETIQUE_LYRIQUE;POSITIF_CALME;ANTIQUITE;0.030;0.900;0.50;GREC_LATIN
heur;SENTIMENTS_ET_PSYCHE;ROMANESQUE;LITTERAIRE_STANDARD;NEUTRE;MODERNE_20;0.098;0.750;0.50;GREC_LATIN
hypocondrie;SENTIMENTS_ET_PSYCHE;ROMANESQUE;LITTERAIRE_STANDARD;NEUTRE;ANTIQUITE;0.442;0.750;0.50;GREC_LATIN
idylle;SENTIMENTS_ET_PSYCHE;ROMANESQUE;POETIQUE_LYRIQUE;NEUTRE;MODERNE_20;0.010;0.750;0.50;FRANCAIS
indolence;SENTIMENTS_ET_PSYCHE;ROMANESQUE;POETIQUE_LYRIQUE;NEGATIF_CALME;ANTIQUITE;0.040;0.900;0.50;GREC_LATIN
inextinguible;SENTIMENTS_ET_PSYCHE;ROMANESQUE;LITTERAIRE_STANDARD;NEUTRE;ANTIQUITE;0.235;0.750;0.50;GREC_LATIN
inimitié;SENTIMENTS_ET_PSYCHE;ROMANESQUE;LITTERAIRE_STANDARD;NEUTRE;ANTIQUITE;0.119;0.750;0.50;GREC_LATIN
insatiable;SENTIMENTS_ET_PSYCHE;ROMANESQUE;LITTERAIRE_STANDARD;NEUTRE;ANTIQUITE;0.050;0.750;0.50;GREC_LATIN
insouciance;SENTIMENTS_ET_PSYCHE;ROMANESQUE;LITTERAIRE_STANDARD;NEUTRE;ANTIQUITE;0.060;0.900;0.50;GREC_LATIN
jubilation;SENTIMENTS_ET_PSYCHE;ROMANESQUE;LITTERAIRE_STANDARD;POSITIF_EXCITANT;ANTIQUITE;0.050;0.900;0.50;GREC_LATIN
langoureux;SENTIMENTS_ET_PSYCHE;ROMANESQUE;LITTERAIRE_STANDARD;NEUTRE;ANTIQUITE;0.050;0.750;0.50;GREC_LATIN
langueur;SENTIMENTS_ET_PSYCHE;ROMANESQUE;POETIQUE_LYRIQUE;NEGATIF_CALME;MODERNE_20;0.030;0.750;0.50;FRANCAIS
lascif;SENTIMENTS_ET_PSYCHE;ROMANESQUE;POETIQUE_LYRIQUE;NEGATIF_CALME;ANTIQUITE;0.170;0.750;0.50;GREC_LATIN
léthargie;SENTIMENTS_ET_PSYCHE;ROMANESQUE;LITTERAIRE_STANDARD;NEGATIF_CALME;ANTIQUITE;0.040;0.750;0.50;GREC_LATIN
miséricorde;SENTIMENTS_ET_PSYCHE;ROMANESQUE;LITTERAIRE_STANDARD;NEUTRE;MODERNE_20;0.060;0.750;0.50;GREC_LATIN
morose;SENTIMENTS_ET_PSYCHE;ROMANESQUE;TRAGIQUE_DRAMATIQUE;NEGATIF_CALME;ANTIQUITE;0.010;0.750;0.50;GREC_LATIN
mélancolie;SENTIMENTS_ET_PSYCHE;ROMANESQUE;POETIQUE_LYRIQUE;NEGATIF_CALME;ANTIQUITE;0.050;0.748;0.50;GREC_LATIN
neurasthénie;SENTIMENTS_ET_PSYCHE;ROMANESQUE;TRAGIQUE_DRAMATIQUE;NEGATIF_CALME;MODERNE_20;0.149;0.750;0.50;GREC_LATIN
neurasthénique;SENTIMENTS_ET_PSYCHE;ROMANESQUE;LITTERAIRE_STANDARD;NEUTRE;ANTIQUITE;0.222;0.800;0.50;GREC_LATIN
nostalgie;SENTIMENTS_ET_PSYCHE;ROMANESQUE;LITTERAIRE_STANDARD;NEUTRE;MODERNE_20;0.040;0.750;0.50;GREC_LATIN
nostalgique;SENTIMENTS_ET_PSYCHE;ROMANESQUE;LITTERAIRE_STANDARD;NEUTRE;ANTIQUITE;0.060;0.800;0.50;GREC_LATIN
noévie;SENTIMENTS_ET_PSYCHE;ROMANESQUE;ARCHAIQUE_RECHERCHE;NEUTRE;ANTIQUITE;1.000;0.750;0.50;GREC_LATIN
parapathique;SENTIMENTS_ET_PSYCHE;ROMANESQUE;LITTERAIRE_STANDARD;NEUTRE;ANTIQUITE;1.000;0.800;0.50;GREC_LATIN
paresthésie;SENTIMENTS_ET_PSYCHE;ROMANESQUE;LITTERAIRE_STANDARD;NEUTRE;ANTIQUITE;0.822;0.750;0.50;GREC_LATIN
perplexité;SENTIMENTS_ET_PSYCHE;ROMANESQUE;LITTERAIRE_STANDARD;NEUTRE;ANTIQUITE;0.050;0.900;0.50;GREC_LATIN
placidité;SENTIMENTS_ET_PSYCHE;ROMANESQUE;LITTERAIRE_STANDARD;POSITIF_CALME;ANTIQUITE;0.040;0.900;0.50;GREC_LATIN
pétulant;SENTIMENTS_ET_PSYCHE;ROMANESQUE;LITTERAIRE_STANDARD;POSITIF_EXCITANT;ANTIQUITE;0.442;0.750;0.50;GREC_LATIN
quiétude;SENTIMENTS_ET_PSYCHE;ROMANESQUE;POETIQUE_LYRIQUE;POSITIF_CALME;ROMANTIQUE_19;0.030;0.900;0.50;FRANCAIS
résilience;SENTIMENTS_ET_PSYCHE;ROMANESQUE;LITTERAIRE_STANDARD;NEUTRE;MODERNE_20;0.382;0.900;0.50;GREC_LATIN
solitaire;SENTIMENTS_ET_PSYCHE;ROMANESQUE;LITTERAIRE_STANDARD;NEUTRE;ROMANTIQUE_19;0.040;0.538;0.50;FRANCAIS
somatisation;SENTIMENTS_ET_PSYCHE;ROMANESQUE;LITTERAIRE_STANDARD;NEUTRE;ANTIQUITE;0.667;0.900;0.50;GREC_LATIN
spleen;SENTIMENTS_ET_PSYCHE;POESIE;POETIQUE_LYRIQUE;NEGATIF_CALME;MODERNE_20;0.039;0.750;0.50;ANGLAIS
spleenétique;SENTIMENTS_ET_PSYCHE;ROMANESQUE;LITTERAIRE_STANDARD;NEUTRE;ANTIQUITE;1.000;0.800;0.50;GREC_LATIN
stupeur;SENTIMENTS_ET_PSYCHE;ROMANESQUE;TRAGIQUE_DRAMATIQUE;NEUTRE;ANTIQUITE;0.020;0.725;0.50;GREC_LATIN
séquestration;SENTIMENTS_ET_PSYCHE;ROMANESQUE;LITTERAIRE_STANDARD;NEUTRE;ANTIQUITE;0.281;0.900;0.50;GREC_LATIN
sérénité;SENTIMENTS_ET_PSYCHE;ROMANESQUE;POETIQUE_LYRIQUE;POSITIF_CALME;MODERNE_20;0.030;0.785;0.50;GREC_LATIN
torpeur;SENTIMENTS_ET_PSYCHE;ROMANESQUE;POETIQUE_LYRIQUE;NEGATIF_CALME;ANTIQUITE;0.020;0.820;0.50;GREC_LATIN
varicose;SENTIMENTS_ET_PSYCHE;ROMANESQUE;LITTERAIRE_STANDARD;NEUTRE;ANTIQUITE;1.000;0.750;0.50;GREC_LATIN
venimeux;SENTIMENTS_ET_PSYCHE;ROMANESQUE;LITTERAIRE_STANDARD;NEUTRE;ANTIQUITE;0.030;0.750;0.50;GREC_LATIN
volupté;SENTIMENTS_ET_PSYCHE;POESIE;POETIQUE_LYRIQUE;POSITIF_CALME;ANTIQUITE;0.020;0.782;0.50;GREC_LATIN
équanimité;SENTIMENTS_ET_PSYCHE;ROMANESQUE;LITTERAIRE_STANDARD;NEUTRE;MODERNE_20;0.402;0.900;0.50;GREC_LATIN
ancestral;PHILOSOPHIE_ET_IDEES;ROMANESQUE;LITTERAIRE_STANDARD;NEUTRE;ANTIQUITE;0.051;0.850;0.50;GREC_LATIN
antédiluvien;PHILOSOPHIE_ET_IDEES;ROMANESQUE;LITTERAIRE_STANDARD;NEUTRE;MODERNE_20;0.258;0.850;0.50;GREC_LATIN
apogée;PHILOSOPHIE_ET_IDEES;ROMANESQUE;LITTERAIRE_STANDARD;NEUTRE;MODERNE_20;0.010;0.808;0.50;GREC_LATIN
caduc;PHILOSOPHIE_ET_IDEES;ROMANESQUE;ARCHAIQUE_RECHERCHE;NEUTRE;ANTIQUITE;0.143;0.850;0.50;GREC_LATIN
caducité;PHILOSOPHIE_ET_IDEES;ROMANESQUE;LITTERAIRE_STANDARD;NEGATIF_CALME;ANTIQUITE;0.723;1.000;0.50;GREC_LATIN
célérité;ESPRIT_ET_CARACTERE;ROMANESQUE;LITTERAIRE_STANDARD;NEUTRE;ANTIQUITE;0.059;0.750;0.50;GREC_LATIN
déliquescence;PHILOSOPHIE_ET_IDEES;ROMANESQUE;TRAGIQUE_DRAMATIQUE;NEGATIF_CALME;ANTIQUITE;0.550;1.000;0.50;GREC_LATIN
désuet;ARTS_ET_LANGAGE;ROMANESQUE;LITTERAIRE_STANDARD;NEUTRE;MODERNE_20;0.010;0.500;0.50;GREC_LATIN
fugace;SENTIMENTS_ET_PSYCHE;ROMANESQUE;LITTERAIRE_STANDARD;NEGATIF_CALME;ANTIQUITE;0.010;0.750;0.50;GREC_LATIN
hécatombe;PHILOSOPHIE_ET_IDEES;ROMANESQUE;TRAGIQUE_DRAMATIQUE;NEUTRE;ANTIQUITE;0.100;0.850;0.50;GREC_LATIN
imminent;PHILOSOPHIE_ET_IDEES;ROMANESQUE;LITTERAIRE_STANDARD;NEUTRE;ANTIQUITE;0.030;0.850;0.50;GREC_LATIN
immuable;PHILOSOPHIE_ET_IDEES;ROMANESQUE;LITTERAIRE_STANDARD;NEUTRE;ANTIQUITE;0.030;0.850;0.50;GREC_LATIN
immémorial;PHILOSOPHIE_ET_IDEES;ROMANESQUE;LITTERAIRE_STANDARD;NEUTRE;ANTIQUITE;0.060;0.850;0.50;GREC_LATIN
inexorable;PHILOSOPHIE_ET_IDEES;ROMANESQUE;TRAGIQUE_DRAMATIQUE;NEUTRE;ANTIQUITE;0.050;0.850;0.50;GREC_LATIN
intemporel;PHILOSOPHIE_ET_IDEES;ROMANESQUE;LITTERAIRE_STANDARD;NEUTRE;ANTIQUITE;0.214;0.900;0.50;GREC_LATIN
jadis;PHILOSOPHIE_ET_IDEES;ROMANESQUE;LITTERAIRE_STANDARD;NEUTRE;MODERNE_20;0.000;0.850;0.50;GREC_LATIN
millénaire;PHILOSOPHIE_ET_IDEES;ROMANESQUE;LITTERAIRE_STANDARD;NEUTRE;ANTIQUITE;0.050;0.900;0.50;GREC_LATIN
obsolescence;PHILOSOPHIE_ET_IDEES;ROMANESQUE;LITTERAIRE_STANDARD;NEUTRE;ANTIQUITE;0.584;1.000;0.50;GREC_LATIN
obsolète;PHILOSOPHIE_ET_IDEES;ROMANESQUE;LITTERAIRE_STANDARD;NEUTRE;CONTEMPORAIN_21;0.080;0.850;0.50;GREC_LATIN
précurseur;PHILOSOPHIE_ET_IDEES;ROMANESQUE;LITTERAIRE_STANDARD;NEUTRE;MODERNE_20;0.050;0.850;0.50;GREC_LATIN
prémices;NATURE_ET_COSMOS;ROMANESQUE;LITTERAIRE_STANDARD;NEUTRE;ANTIQUITE;0.030;0.200;0.50;GREC_LATIN
périssable;PHILOSOPHIE_ET_IDEES;ROMANESQUE;TRAGIQUE_DRAMATIQUE;NEUTRE;ANTIQUITE;0.050;0.850;0.50;GREC_LATIN
réminiscence;SENTIMENTS_ET_PSYCHE;ROMANESQUE;LITTERAIRE_STANDARD;NEUTRE;MODERNE_20;0.070;0.900;0.50;GREC_LATIN
sénescence;NATURE_ET_COSMOS;ROMANESQUE;LITTERAIRE_STANDARD;NEUTRE;ANTIQUITE;0.599;0.200;0.50;GREC_LATIN
transitoire;PHILOSOPHIE_ET_IDEES;ROMANESQUE;LITTERAIRE_STANDARD;NEUTRE;ANTIQUITE;0.201;0.850;0.50;GREC_LATIN
trépas;PHILOSOPHIE_ET_IDEES;ROMANESQUE;ARCHAIQUE_RECHERCHE;NEUTRE;CLASSIQUE_17_18;0.046;0.850;0.50;FRANCAIS
vicissitude;PHILOSOPHIE_ET_IDEES;ROMANESQUE;LITTERAIRE_STANDARD;NEUTRE;MODERNE_20;0.461;1.000;0.50;GREC_LATIN
éphémère;SENTIMENTS_ET_PSYCHE;ROMANESQUE;POETIQUE_LYRIQUE;NEUTRE;MODERNE_20;0.030;0.750;0.50;GREC_LATIN
évanescent;SENTIMENTS_ET_PSYCHE;POESIE;POETIQUE_LYRIQUE;NEGATIF_CALME;ANTIQUITE;0.244;0.750;0.50;GREC_LATIN
