Mot;Pageviews;Zipf_Ancien;Zipf_Nouveau;Difficulte_Ancienne;Difficulte_Nouvelle;Delta;Explication
allitération;1305;1.699;1.699;1.000;0.815;-0.185;Malus Buzz pageviews: -0.017 (1305 vues), Recalibrage longueur, Retrait bonus suffixe standard
amphigourique;6022;1.845;1.845;1.000;0.656;-0.344;Malus Buzz pageviews: -0.117 (6022 vues), Recalibrage longueur, Retrait bonus suffixe standard
aphorisme;4658;2.146;2.146;0.949;0.539;-0.410;Malus Buzz pageviews: -0.100 (4658 vues), Recalibrage longueur
aphoristique;328;0.000;2.046;0.990;0.667;-0.323;Repli morphologique (Zipf: 0.00 -> 2.05), Recalibrage longueur, Retrait bonus suffixe standard
apophtegme;2580;0.000;0.000;0.850;0.988;0.138;Malus Buzz pageviews: -0.062 (2580 vues), Recalibrage longueur
assonance;910;1.845;1.845;0.957;0.733;-0.224;Recalibrage longueur
aède;1647;2.301;2.301;0.714;0.443;-0.271;Malus Buzz pageviews: -0.033 (1647 vues)
calice;3093;3.422;3.422;0.334;0.010;-0.324;Recalibrage longueur
calligramme;943;0.000;0.000;0.870;1.000;0.130;Recalibrage longueur
cantilène;617;2.531;2.531;0.712;0.406;-0.306;Recalibrage longueur
codex;2007;2.792;2.792;0.588;0.242;-0.346;Retrait bonus lettre rare
cénacle;2811;2.613;2.613;0.643;0.347;-0.296;Recalibrage longueur
césure;1655;2.613;2.613;0.623;0.337;-0.286;Recalibrage longueur
diatribe;2912;3.173;3.173;0.462;0.090;-0.372;Recalibrage longueur
dilettante;6892;3.061;3.061;0.543;0.164;-0.379;Recalibrage longueur
enlumineur;170;2.431;2.431;0.767;0.464;-0.303;Recalibrage longueur
esthète;5315;3.173;3.173;0.442;0.080;-0.362;Recalibrage longueur
estocade;994;2.613;2.613;0.663;0.357;-0.306;Recalibrage longueur
faconde;4424;3.210;3.210;0.429;0.063;-0.366;Recalibrage longueur
frémissement;363;3.933;3.933;0.271;0.070;-0.201;Recalibrage longueur
funambule;4876;3.130;3.130;0.498;0.121;-0.377;Recalibrage longueur
garrulité;1933;0.000;0.000;0.830;0.997;0.167;Malus Buzz pageviews: -0.043 (1933 vues), Recalibrage longueur
gnomique;679;0.000;0.000;0.910;1.000;0.090;Recalibrage longueur, Retrait bonus suffixe standard
grimoire;1668;2.672;2.672;0.641;0.329;-0.312;Recalibrage longueur
harangue;2642;2.944;2.944;0.544;0.199;-0.345;Recalibrage longueur
hémistiche;1121;1.845;1.845;0.977;0.735;-0.242;Malus Buzz pageviews: -0.007 (1121 vues), Recalibrage longueur
héraut;4998;2.544;2.544;0.647;0.370;-0.277;Recalibrage longueur
incantation;1257;3.124;3.124;0.640;0.144;-0.496;Recalibrage longueur, Retrait bonus suffixe standard
invective;1945;3.004;3.004;0.543;0.181;-0.362;Recalibrage longueur
laconique;6049;3.190;3.190;0.576;0.092;-0.484;Recalibrage longueur, Retrait bonus suffixe standard
laudateur;1139;1.845;1.845;0.957;0.724;-0.233;Malus Buzz pageviews: -0.008 (1139 vues), Recalibrage longueur
libation;1863;2.301;2.301;0.874;0.465;-0.409;Malus Buzz pageviews: -0.041 (1863 vues), Recalibrage longueur, Retrait bonus suffixe standard
liminaire;7184;1.845;1.845;0.957;0.604;-0.353;Malus Buzz pageviews: -0.128 (7184 vues), Recalibrage longueur
liturgie;1540;3.320;3.320;0.410;0.030;-0.380;Recalibrage longueur
loquace;2540;3.307;3.307;0.394;0.020;-0.374;Recalibrage longueur
loquacité;362;1.000;3.207;1.000;0.084;-0.916;Repli morphologique (Zipf: 1.00 -> 3.21), Recalibrage longueur
lyrisme;495;3.493;3.493;0.478;0.070;-0.408;Retrait bonus lettre rare, Recalibrage longueur
mignardise;2143;2.146;2.146;0.869;0.550;-0.319;Malus Buzz pageviews: -0.050 (2143 vues), Recalibrage longueur
mignonne;1063;4.306;4.306;0.060;0.030;-0.030;Recalibrage longueur
murmure;1271;4.602;4.602;0.040;0.020;-0.020;Recalibrage longueur
mélopée;3419;3.453;3.453;0.342;0.020;-0.322;Recalibrage longueur
ménestrel;1343;2.447;2.447;0.742;0.427;-0.315;Malus Buzz pageviews: -0.019 (1343 vues), Recalibrage longueur
métrique;1330;2.531;2.531;0.792;0.446;-0.346;Recalibrage longueur, Retrait bonus suffixe standard
oblation;1692;2.301;2.301;0.874;0.471;-0.403;Malus Buzz pageviews: -0.034 (1692 vues), Recalibrage longueur, Retrait bonus suffixe standard
ostensoir;955;3.107;3.107;0.506;0.132;-0.374;Recalibrage longueur
palimpseste;4190;2.301;2.301;0.834;0.442;-0.392;Malus Buzz pageviews: -0.093 (4190 vues), Recalibrage longueur
panégyrique;2486;2.342;2.342;0.969;0.457;-0.512;Malus Buzz pageviews: -0.059 (2486 vues), Retrait bonus lettre rare, Recalibrage longueur, Retrait bonus suffixe standard
pataquès;9033;2.531;2.531;0.692;0.396;-0.296;Recalibrage longueur
patène;661;2.431;2.431;0.687;0.424;-0.263;Recalibrage longueur
poétique;1030;3.830;3.830;0.328;0.030;-0.298;Recalibrage longueur, Retrait bonus suffixe standard
prolixe;3692;3.107;3.107;0.516;0.112;-0.404;Retrait bonus lettre rare, Recalibrage longueur
prolixité;326;2.301;2.301;0.844;0.516;-0.328;Retrait bonus lettre rare, Recalibrage longueur
psalmodie;555;2.875;2.875;0.589;0.242;-0.347;Recalibrage longueur
psalmodier;1053;2.672;2.672;0.681;0.349;-0.332;Recalibrage longueur
psautier;452;2.146;2.146;0.829;0.579;-0.250;Recalibrage longueur
quiproquo;2963;2.785;2.785;0.621;0.285;-0.336;Recalibrage longueur
ratiociner;3104;0.000;0.000;0.850;0.976;0.126;Malus Buzz pageviews: -0.074 (3104 vues), Recalibrage longueur
rhapsode;593;0.000;0.000;0.810;1.000;0.190;Recalibrage longueur
rhapsodie;1055;2.531;2.531;0.712;0.406;-0.306;Recalibrage longueur
satirique;795;2.613;2.613;0.783;0.367;-0.416;Recalibrage longueur, Retrait bonus suffixe standard
satyrique;266;1.000;1.000;1.000;1.000;0.000;Retrait bonus lettre rare, Recalibrage longueur, Retrait bonus suffixe standard
soliloque;1961;3.061;3.061;0.523;0.154;-0.369;Recalibrage longueur
somnambule;768;3.680;3.680;0.321;0.050;-0.271;Recalibrage longueur
soporifique;1421;2.771;2.771;0.766;0.312;-0.454;Recalibrage longueur, Retrait bonus suffixe standard
talisman;1473;3.422;3.422;0.374;0.030;-0.344;Recalibrage longueur
tintamarre;917;3.520;3.520;0.379;0.050;-0.329;Recalibrage longueur
troubadour;2389;2.833;2.833;0.624;0.273;-0.351;Recalibrage longueur
trépidation;365;3.086;3.086;0.653;0.162;-0.491;Recalibrage longueur, Retrait bonus suffixe standard
vate;270;0.000;0.000;0.750;1.000;0.250;Ajustement global des bornes Zipf
vaticination;1518;1.845;2.046;1.000;0.640;-0.360;Repli morphologique (Zipf: 1.85 -> 2.05), Malus Buzz pageviews: -0.027 (1518 vues), Recalibrage longueur, Retrait bonus suffixe standard
verbeux;1185;2.431;2.431;0.757;0.423;-0.334;Malus Buzz pageviews: -0.011 (1185 vues), Retrait bonus lettre rare, Recalibrage longueur
volubile;3073;3.571;3.571;0.321;0.030;-0.291;Recalibrage longueur
volubilité;489;3.190;3.190;0.496;0.102;-0.394;Recalibrage longueur
vélin;1156;2.833;2.833;0.524;0.223;-0.301;Ajustement global des bornes Zipf
élixir;1644;3.182;3.182;0.469;0.066;-0.403;Retrait bonus lettre rare, Recalibrage longueur
élucubration;2783;1.845;2.046;1.000;0.600;-0.400;Repli morphologique (Zipf: 1.85 -> 2.05), Malus Buzz pageviews: -0.067 (2783 vues), Recalibrage longueur, Retrait bonus suffixe standard
élégiaque;1796;2.531;2.531;0.712;0.406;-0.306;Recalibrage longueur
élégie;3323;2.431;2.431;0.687;0.345;-0.342;Malus Buzz pageviews: -0.078 (3323 vues), Recalibrage longueur
épigone;5686;2.301;2.301;0.754;0.382;-0.372;Malus Buzz pageviews: -0.113 (5686 vues), Recalibrage longueur
acrimonie;3759;2.908;2.908;0.577;0.226;-0.351;Recalibrage longueur
anachorète;3460;2.613;2.613;0.703;0.377;-0.326;Recalibrage longueur
atermoiement;3564;2.146;2.146;0.909;0.537;-0.372;Malus Buzz pageviews: -0.083 (3564 vues), Recalibrage longueur
atrabilaire;2880;2.146;2.146;0.889;0.541;-0.348;Malus Buzz pageviews: -0.069 (2880 vues), Recalibrage longueur
auguste;3269;3.420;3.420;0.354;0.020;-0.334;Recalibrage longueur
bilieux;714;2.613;2.613;0.693;0.347;-0.346;Retrait bonus lettre rare, Recalibrage longueur
bonhomie;2715;3.615;3.615;0.305;0.030;-0.275;Recalibrage longueur
brigand;1569;3.322;3.322;0.389;0.020;-0.369;Recalibrage longueur
captieux;2019;1.845;1.845;0.987;0.677;-0.310;Malus Buzz pageviews: -0.046 (2019 vues), Retrait bonus lettre rare, Recalibrage longueur
causticité;213;1.845;2.986;0.977;0.199;-0.778;Repli morphologique (Zipf: 1.85 -> 2.99), Recalibrage longueur
caustique;2903;3.086;3.086;0.613;0.142;-0.471;Recalibrage longueur, Retrait bonus suffixe standard
circonspect;5247;3.292;3.292;0.480;0.064;-0.416;Recalibrage longueur
clémence;1005;3.537;3.537;0.333;0.030;-0.303;Recalibrage longueur
collusion;1878;2.732;2.732;0.640;0.310;-0.330;Recalibrage longueur
condottiere;866;2.732;2.732;0.680;0.330;-0.350;Recalibrage longueur
connivence;3476;3.784;3.784;0.284;0.050;-0.234;Recalibrage longueur
cénobite;2182;1.845;1.845;0.937;0.672;-0.265;Malus Buzz pageviews: -0.051 (2182 vues), Recalibrage longueur
effronterie;986;3.061;3.061;0.563;0.174;-0.389;Recalibrage longueur
estafette;2306;3.386;3.386;0.407;0.040;-0.367;Recalibrage longueur
facétieux;2395;2.944;2.944;0.614;0.209;-0.405;Retrait bonus lettre rare, Recalibrage longueur
fallacieux;8841;3.130;3.130;0.568;0.131;-0.437;Retrait bonus lettre rare, Recalibrage longueur
famélique;2047;3.061;3.061;0.623;0.154;-0.469;Recalibrage longueur, Retrait bonus suffixe standard
fielleux;704;2.672;2.672;0.691;0.329;-0.362;Retrait bonus lettre rare, Recalibrage longueur
flegmatique;1319;2.869;2.869;0.731;0.265;-0.466;Recalibrage longueur, Retrait bonus suffixe standard
flibustier;1105;2.833;2.833;0.624;0.273;-0.351;Recalibrage longueur
flâneur;727;3.009;3.462;0.501;0.020;-0.481;Repli morphologique (Zipf: 3.01 -> 3.46), Recalibrage longueur
fripon;1920;2.875;2.875;0.529;0.212;-0.317;Recalibrage longueur
goguenard;2671;3.585;3.585;0.335;0.040;-0.295;Recalibrage longueur
graveleux;2896;2.833;2.833;0.654;0.263;-0.391;Retrait bonus lettre rare, Recalibrage longueur
gredin;2424;3.097;3.097;0.450;0.107;-0.343;Recalibrage longueur
grivois;2159;2.531;2.531;0.672;0.386;-0.286;Recalibrage longueur
grivoiserie;390;2.146;2.146;0.889;0.609;-0.280;Recalibrage longueur
grognard;814;2.431;2.431;0.727;0.444;-0.283;Recalibrage longueur
ignominie;3000;3.502;3.502;0.365;0.040;-0.325;Recalibrage longueur
ilote;3074;2.431;2.431;0.667;0.340;-0.327;Malus Buzz pageviews: -0.073 (3074 vues)
imbroglio;3525;3.190;3.190;0.476;0.092;-0.384;Recalibrage longueur
impertinence;594;3.130;3.130;0.558;0.151;-0.407;Recalibrage longueur
impudence;1543;3.107;3.107;0.506;0.132;-0.374;Recalibrage longueur
impérieux;2112;3.816;3.816;0.303;0.040;-0.263;Retrait bonus lettre rare, Recalibrage longueur
impéritie;9160;2.301;2.301;0.794;0.371;-0.423;Malus Buzz pageviews: -0.144 (9160 vues), Recalibrage longueur
incurie;2552;2.833;2.833;0.564;0.243;-0.321;Recalibrage longueur
indocile;450;2.869;2.869;0.571;0.235;-0.336;Recalibrage longueur
insidieux;2971;3.130;3.130;0.548;0.121;-0.427;Retrait bonus lettre rare, Recalibrage longueur
insolence;1248;3.943;3.943;0.207;0.040;-0.167;Recalibrage longueur
insoumis;479;3.246;3.246;0.437;0.056;-0.381;Recalibrage longueur
intransigeance;463;3.464;3.464;0.449;0.080;-0.369;Recalibrage longueur
intrépide;2632;3.442;3.442;0.386;0.040;-0.346;Recalibrage longueur
intègre;1943;3.405;3.405;0.360;0.020;-0.340;Recalibrage longueur
irrévérence;388;2.477;2.477;0.771;0.452;-0.319;Recalibrage longueur
larron;3163;2.978;2.978;0.492;0.163;-0.329;Recalibrage longueur
libidineux;1476;2.785;2.785;0.691;0.295;-0.396;Retrait bonus lettre rare, Recalibrage longueur
licencieux;1648;2.613;2.613;0.753;0.377;-0.376;Retrait bonus lettre rare, Recalibrage longueur
longanimité;1687;2.146;2.146;0.889;0.575;-0.314;Malus Buzz pageviews: -0.034 (1687 vues), Recalibrage longueur
magnanime;3846;3.190;3.190;0.476;0.092;-0.384;Recalibrage longueur
malandrin;2160;2.146;2.146;0.849;0.539;-0.310;Malus Buzz pageviews: -0.050 (2160 vues), Recalibrage longueur
mansuétude;5987;3.307;3.307;0.454;0.050;-0.404;Recalibrage longueur
maraudeur;851;3.176;3.176;0.481;0.099;-0.382;Recalibrage longueur
marmiton;1275;2.613;2.613;0.663;0.357;-0.306;Recalibrage longueur
mentor;3134;3.210;3.210;0.409;0.053;-0.356;Recalibrage longueur
moujik;861;2.732;2.732;0.630;0.280;-0.350;Recalibrage longueur
méticuleux;1275;3.615;3.615;0.395;0.050;-0.345;Retrait bonus lettre rare, Recalibrage longueur
narquois;2446;3.675;3.675;0.283;0.030;-0.253;Recalibrage longueur
noctambule;2014;2.978;2.978;0.572;0.203;-0.369;Recalibrage longueur
obséquieux;4364;2.833;2.833;0.674;0.273;-0.401;Retrait bonus lettre rare, Recalibrage longueur
ombrageux;1219;3.276;3.276;0.496;0.051;-0.445;Retrait bonus lettre rare, Recalibrage longueur
opiniâtre;4796;3.362;3.362;0.415;0.040;-0.375;Recalibrage longueur
opulence;1196;3.511;3.511;0.342;0.030;-0.312;Recalibrage longueur
ostentatoire;3424;3.152;3.152;0.550;0.140;-0.410;Recalibrage longueur
ostracisme;2450;3.033;3.033;0.652;0.227;-0.425;Recalibrage longueur
outrageux;323;2.301;2.301;0.844;0.516;-0.328;Retrait bonus lettre rare, Recalibrage longueur
outrecuidance;4491;2.869;2.869;0.661;0.285;-0.376;Recalibrage longueur
outrecuidant;1827;2.301;2.301;0.854;0.506;-0.348;Malus Buzz pageviews: -0.039 (1827 vues), Recalibrage longueur
paladin;1392;2.732;2.732;0.600;0.290;-0.310;Recalibrage longueur
palefrenier;1601;2.833;2.833;0.644;0.283;-0.361;Recalibrage longueur
parangon;14302;3.033;3.033;0.512;0.157;-0.355;Recalibrage longueur
paria;3679;3.190;3.190;0.396;0.052;-0.344;Ajustement global des bornes Zipf
parjure;1171;3.161;3.161;0.447;0.086;-0.361;Recalibrage longueur
patricien;1074;2.431;2.431;0.747;0.449;-0.298;Malus Buzz pageviews: -0.005 (1074 vues), Recalibrage longueur
pernicieux;4007;3.033;3.033;0.602;0.177;-0.425;Retrait bonus lettre rare, Recalibrage longueur
plébéien;2189;2.531;2.531;0.692;0.396;-0.296;Recalibrage longueur
pointilleux;1291;2.964;2.964;0.647;0.220;-0.427;Retrait bonus lettre rare, Recalibrage longueur
potentat;1623;2.531;2.531;0.692;0.396;-0.296;Recalibrage longueur
preux;3845;3.182;3.182;0.449;0.056;-0.393;Retrait bonus lettre rare
probe;2285;2.556;2.556;0.623;0.354;-0.269;Ajustement global des bornes Zipf
procrastination;1454;1.000;3.600;1.000;0.080;-0.920;Repli morphologique (Zipf: 1.00 -> 3.60), Recalibrage longueur, Retrait bonus suffixe standard
prodigalité;1175;2.978;2.978;0.592;0.213;-0.379;Recalibrage longueur
précepteur;1123;3.334;3.334;0.445;0.050;-0.395;Recalibrage longueur
préséance;1377;2.672;2.672;0.661;0.339;-0.322;Recalibrage longueur
pugnace;2458;2.146;2.146;0.809;0.511;-0.298;Malus Buzz pageviews: -0.059 (2458 vues), Recalibrage longueur
pusillanime;10839;2.908;2.908;0.617;0.246;-0.371;Recalibrage longueur
renégat;1844;3.061;3.061;0.483;0.134;-0.349;Recalibrage longueur
sardonique;4018;2.978;2.978;0.672;0.203;-0.469;Recalibrage longueur, Retrait bonus suffixe standard
satyre;4088;3.585;3.585;0.325;0.010;-0.315;Retrait bonus lettre rare, Recalibrage longueur
sbire;4939;2.633;2.633;0.595;0.317;-0.278;Ajustement global des bornes Zipf
scabreux;2482;3.033;3.033;0.562;0.157;-0.405;Retrait bonus lettre rare, Recalibrage longueur
scrupuleux;778;3.386;3.386;0.477;0.050;-0.427;Retrait bonus lettre rare, Recalibrage longueur
scélérat;3112;3.459;3.459;0.360;0.030;-0.330;Recalibrage longueur
sicaire;2500;1.845;1.845;0.917;0.653;-0.264;Malus Buzz pageviews: -0.060 (2500 vues), Recalibrage longueur
simagrée;3991;2.301;2.301;0.774;0.416;-0.358;Malus Buzz pageviews: -0.090 (3991 vues), Recalibrage longueur
sourcilleux;384;3.061;3.061;0.613;0.174;-0.439;Retrait bonus lettre rare, Recalibrage longueur
spadassin;1285;2.833;2.833;0.604;0.263;-0.341;Recalibrage longueur
suzerain;1588;2.672;2.672;0.691;0.329;-0.362;Retrait bonus lettre rare, Recalibrage longueur
sycophante;5175;1.477;1.477;1.000;0.811;-0.189;Malus Buzz pageviews: -0.107 (5175 vues), Retrait bonus lettre rare, Recalibrage longueur
taciturne;4442;3.733;3.733;0.282;0.040;-0.242;Recalibrage longueur
thuriféraire;3793;2.146;2.146;0.909;0.533;-0.376;Malus Buzz pageviews: -0.087 (3793 vues), Recalibrage longueur
turpitude;3406;2.613;2.613;0.683;0.367;-0.316;Recalibrage longueur
urbanité;1232;2.613;2.613;0.663;0.357;-0.306;Recalibrage longueur
valétudinaire;8831;2.146;2.146;0.919;0.488;-0.431;Malus Buzz pageviews: -0.142 (8831 vues), Recalibrage longueur
velléité;5128;3.190;3.190;0.456;0.082;-0.374;Recalibrage longueur
vergogne;3677;3.607;3.607;0.307;0.030;-0.277;Recalibrage longueur
viateur;0;0.000;0.000;0.790;1.000;0.210;Recalibrage longueur
vilipender;2666;2.176;2.176;0.859;0.521;-0.338;Malus Buzz pageviews: -0.064 (2666 vues), Recalibrage longueur
vitriolique;374;1.845;1.845;1.000;0.753;-0.247;Recalibrage longueur, Retrait bonus suffixe standard
égrotant;1814;2.301;2.301;0.774;0.467;-0.307;Malus Buzz pageviews: -0.039 (1814 vues), Recalibrage longueur
érémitique;1276;0.000;0.000;0.950;1.000;0.050;Malus Buzz pageviews: -0.016 (1276 vues), Recalibrage longueur, Retrait bonus suffixe standard
aurore;4746;3.973;3.973;0.137;0.010;-0.127;Recalibrage longueur
clair-obscur;1456;3.210;3.210;0.529;0.113;-0.416;Recalibrage longueur
coruscant;10402;2.114;2.114;0.861;0.452;-0.409;Malus Buzz pageviews: -0.153 (10402 vues), Recalibrage longueur
crépuscule;4385;4.396;4.396;0.100;0.050;-0.050;Recalibrage longueur
diaphane;4157;3.307;3.307;0.414;0.030;-0.384;Recalibrage longueur
exsangue;4921;3.453;3.453;0.412;0.030;-0.382;Retrait bonus lettre rare, Recalibrage longueur
fuligineux;3614;3.033;3.033;0.602;0.177;-0.425;Retrait bonus lettre rare, Recalibrage longueur
incandescent;1321;3.292;3.292;0.500;0.074;-0.426;Recalibrage longueur
irisé;1453;2.785;2.785;0.541;0.245;-0.296;Ajustement global des bornes Zipf
luminescence;257;2.146;2.146;0.909;0.619;-0.290;Recalibrage longueur
nimbe;1946;2.908;2.908;0.497;0.186;-0.311;Ajustement global des bornes Zipf
opalin;614;2.613;2.613;0.623;0.337;-0.286;Recalibrage longueur
phosphorescence;223;2.833;2.833;0.674;0.303;-0.371;Recalibrage longueur
purpurine;201;2.146;2.146;0.849;0.589;-0.260;Recalibrage longueur
pénombre;1298;4.448;4.448;0.060;0.030;-0.030;Recalibrage longueur
ténébreux;741;3.668;3.668;0.356;0.040;-0.316;Retrait bonus lettre rare, Recalibrage longueur
vespéral;4348;1.845;1.845;0.937;0.627;-0.310;Malus Buzz pageviews: -0.096 (4348 vues), Recalibrage longueur
alcyon;2941;2.785;2.785;0.611;0.255;-0.356;Retrait bonus lettre rare, Recalibrage longueur
améthyste;704;2.672;2.672;0.711;0.339;-0.372;Retrait bonus lettre rare, Recalibrage longueur
arachnéen;757;2.301;2.301;0.794;0.516;-0.278;Recalibrage longueur
auréole;1702;3.680;3.680;0.261;0.020;-0.241;Recalibrage longueur
azur;3441;4.042;4.042;0.142;0.000;-0.142;Retrait bonus lettre rare
bocage;1562;3.398;3.398;0.342;0.010;-0.332;Recalibrage longueur
brume;1818;4.555;4.555;0.000;0.000;0.000;Ajustement global des bornes Zipf
bucolique;3661;2.978;2.978;0.652;0.193;-0.459;Recalibrage longueur, Retrait bonus suffixe standard
chrysanthème;1262;2.301;2.301;0.904;0.531;-0.373;Malus Buzz pageviews: -0.015 (1262 vues), Retrait bonus lettre rare, Recalibrage longueur
chthonien;6104;0.000;0.000;0.830;0.922;0.092;Malus Buzz pageviews: -0.118 (6104 vues), Recalibrage longueur
constellation;1418;3.554;3.554;0.516;0.080;-0.436;Recalibrage longueur, Retrait bonus suffixe standard
corolle;1425;3.307;3.307;0.394;0.020;-0.374;Recalibrage longueur
céleste;2209;3.764;3.764;0.231;0.020;-0.211;Recalibrage longueur
céruléen;6578;2.672;2.672;0.641;0.329;-0.312;Recalibrage longueur
dryade;1598;1.845;1.845;0.947;0.672;-0.275;Malus Buzz pageviews: -0.031 (1598 vues), Retrait bonus lettre rare, Recalibrage longueur
effluve;3150;2.785;2.785;0.581;0.265;-0.316;Recalibrage longueur
empyrée;1435;2.869;2.869;0.601;0.225;-0.376;Retrait bonus lettre rare, Recalibrage longueur
firmament;3108;3.307;3.307;0.434;0.040;-0.394;Recalibrage longueur
héliotrope;1343;2.431;2.431;0.767;0.444;-0.323;Malus Buzz pageviews: -0.019 (1343 vues), Recalibrage longueur
inflorescence;662;1.000;1.000;1.000;1.000;0.000;Recalibrage longueur
labyrinthe;2000;3.847;3.847;0.312;0.050;-0.262;Retrait bonus lettre rare, Recalibrage longueur
limpide;1705;3.994;3.994;0.149;0.020;-0.129;Recalibrage longueur
lustral;708;2.869;2.869;0.551;0.225;-0.326;Recalibrage longueur
nadir;3804;2.301;2.301;0.714;0.389;-0.325;Malus Buzz pageviews: -0.087 (3804 vues)
nymphe;2612;3.246;3.246;0.447;0.036;-0.411;Retrait bonus lettre rare, Recalibrage longueur
nébuleux;1544;2.833;2.833;0.634;0.253;-0.381;Retrait bonus lettre rare, Recalibrage longueur
ondine;1899;2.531;2.531;0.652;0.376;-0.276;Recalibrage longueur
ondée;1147;3.260;3.260;0.371;0.019;-0.352;Ajustement global des bornes Zipf
oscillation;648;2.944;3.364;0.704;0.060;-0.644;Repli morphologique (Zipf: 2.94 -> 3.36), Recalibrage longueur, Retrait bonus suffixe standard
parvis;1522;3.798;3.798;0.199;0.010;-0.189;Recalibrage longueur
pistil;697;2.672;2.672;0.601;0.309;-0.292;Recalibrage longueur
pittoresque;2699;3.909;3.909;0.260;0.060;-0.200;Recalibrage longueur
périgée;1277;1.845;1.845;0.917;0.697;-0.220;Malus Buzz pageviews: -0.016 (1277 vues), Recalibrage longueur
pétale;2386;3.152;3.152;0.430;0.080;-0.350;Recalibrage longueur
pétrichor;9079;0.000;0.000;0.830;0.896;0.066;Malus Buzz pageviews: -0.144 (9079 vues), Recalibrage longueur
sidéral;1917;2.613;2.613;0.643;0.347;-0.296;Recalibrage longueur
sillage;1976;4.003;4.003;0.146;0.020;-0.126;Recalibrage longueur
solstice;1541;3.107;3.107;0.486;0.122;-0.364;Recalibrage longueur
sylphide;2225;1.845;1.845;0.987;0.671;-0.316;Malus Buzz pageviews: -0.052 (2225 vues), Retrait bonus lettre rare, Recalibrage longueur
sépale;683;1.000;1.000;1.000;1.000;0.000;Recalibrage longueur
tumulte;1758;4.082;4.082;0.118;0.020;-0.098;Recalibrage longueur
villégiature;1333;3.334;3.334;0.485;0.070;-0.415;Recalibrage longueur
zodiaque;849;2.833;2.833;0.634;0.253;-0.381;Retrait bonus lettre rare, Recalibrage longueur
zénith;2550;3.529;3.529;0.345;0.010;-0.335;Retrait bonus lettre rare, Recalibrage longueur
zéphyr;1930;2.672;2.672;0.651;0.309;-0.342;Retrait bonus lettre rare, Recalibrage longueur
éolien;968;3.152;3.152;0.430;0.080;-0.350;Recalibrage longueur
équinoxe;1578;3.398;3.398;0.432;0.030;-0.402;Retrait bonus lettre rare, Recalibrage longueur
étamine;1576;2.785;2.785;0.581;0.265;-0.316;Recalibrage longueur
éthéré;4140;2.431;2.431;0.687;0.331;-0.356;Malus Buzz pageviews: -0.093 (4140 vues), Recalibrage longueur
abscons;8190;2.732;2.732;0.600;0.290;-0.310;Recalibrage longueur
ambiguïté;1832;3.453;3.453;0.382;0.040;-0.342;Recalibrage longueur
anathème;4888;3.033;3.033;0.512;0.157;-0.355;Recalibrage longueur
apostasie;1635;2.613;2.613;0.683;0.367;-0.316;Recalibrage longueur
casuistique;1724;2.740;2.740;0.777;0.326;-0.451;Recalibrage longueur, Retrait bonus suffixe standard
chimère;3291;3.348;3.348;0.380;0.020;-0.360;Recalibrage longueur
conjecture;2313;2.519;2.519;0.736;0.422;-0.314;Recalibrage longueur
contingence;2567;2.431;2.431;0.887;0.412;-0.475;Malus Buzz pageviews: -0.061 (2567 vues), Recalibrage longueur, Retrait bonus suffixe standard
cryptique;2466;1.000;1.000;1.000;0.981;-0.019;Malus Buzz pageviews: -0.059 (2466 vues), Retrait bonus lettre rare, Recalibrage longueur, Retrait bonus suffixe standard
dirimant;4297;1.845;1.845;0.937;0.628;-0.309;Malus Buzz pageviews: -0.095 (4297 vues), Recalibrage longueur
dogme;2461;3.130;3.130;0.418;0.081;-0.337;Ajustement global des bornes Zipf
haruspice;1249;0.000;0.000;0.830;1.000;0.170;Malus Buzz pageviews: -0.014 (1249 vues), Recalibrage longueur
hermétique;2156;3.292;3.292;0.560;0.054;-0.506;Recalibrage longueur, Retrait bonus suffixe standard
heuristique;8933;1.602;1.602;1.000;0.726;-0.274;Malus Buzz pageviews: -0.143 (8933 vues), Recalibrage longueur, Retrait bonus suffixe standard
imbrication;366;2.672;2.672;0.801;0.359;-0.442;Recalibrage longueur, Retrait bonus suffixe standard
immanence;1067;1.845;1.845;0.957;0.729;-0.228;Malus Buzz pageviews: -0.004 (1067 vues), Recalibrage longueur
infrangible;1072;2.431;2.431;0.787;0.469;-0.318;Malus Buzz pageviews: -0.005 (1072 vues), Recalibrage longueur
intrinsèque;4730;2.613;2.613;0.723;0.387;-0.336;Recalibrage longueur
maxime;2424;3.086;3.086;0.503;0.112;-0.391;Retrait bonus lettre rare, Recalibrage longueur
métaphysique;2345;3.875;3.875;0.442;0.070;-0.372;Retrait bonus lettre rare, Recalibrage longueur, Retrait bonus suffixe standard
noumène;811;1.845;1.845;0.917;0.713;-0.204;Recalibrage longueur
némésis;7449;0.000;0.000;0.790;0.889;0.099;Malus Buzz pageviews: -0.131 (7449 vues), Recalibrage longueur
obsidional;8026;1.845;1.845;0.977;0.607;-0.370;Malus Buzz pageviews: -0.136 (8026 vues), Recalibrage longueur
onirique;3744;2.531;2.531;0.792;0.396;-0.396;Recalibrage longueur, Retrait bonus suffixe standard
ontologie;4415;2.146;2.146;0.949;0.543;-0.406;Malus Buzz pageviews: -0.097 (4415 vues), Recalibrage longueur
ontologique;2116;2.531;2.531;0.852;0.426;-0.426;Recalibrage longueur, Retrait bonus suffixe standard
paradigme;4998;2.146;2.146;0.849;0.485;-0.364;Malus Buzz pageviews: -0.105 (4998 vues), Recalibrage longueur
présage;1135;3.502;3.502;0.325;0.020;-0.305;Recalibrage longueur
pythonisse;1463;2.301;2.301;0.864;0.501;-0.363;Malus Buzz pageviews: -0.025 (1463 vues), Retrait bonus lettre rare, Recalibrage longueur
quintessence;4894;3.086;3.086;0.573;0.172;-0.401;Recalibrage longueur
scholastique;301;0.000;0.000;0.990;1.000;0.010;Recalibrage longueur, Retrait bonus suffixe standard
sibyllin;5709;2.978;2.978;0.582;0.183;-0.399;Retrait bonus lettre rare, Recalibrage longueur
solipsisme;1351;1.000;1.000;1.000;1.000;0.000;Malus Buzz pageviews: -0.020 (1351 vues), Recalibrage longueur
sophisme;2254;2.462;2.462;0.816;0.426;-0.390;Malus Buzz pageviews: -0.053 (2254 vues), Recalibrage longueur
stigmate;2156;2.431;2.431;0.727;0.394;-0.333;Malus Buzz pageviews: -0.050 (2156 vues), Recalibrage longueur
stoïque;1799;3.033;3.033;0.492;0.147;-0.345;Recalibrage longueur
substantifique;314;2.301;2.301;0.964;0.556;-0.408;Recalibrage longueur, Retrait bonus suffixe standard
syllogisme;1654;2.146;2.146;1.000;0.617;-0.383;Malus Buzz pageviews: -0.033 (1654 vues), Retrait bonus lettre rare, Recalibrage longueur
syncrétisme;1812;2.146;2.146;1.000;0.621;-0.379;Malus Buzz pageviews: -0.039 (1812 vues), Retrait bonus lettre rare, Recalibrage longueur
synesthésie;2079;1.000;1.000;1.000;1.000;0.000;Malus Buzz pageviews: -0.048 (2079 vues), Retrait bonus lettre rare, Recalibrage longueur
sérendipité;10026;0.000;0.000;0.870;0.910;0.040;Malus Buzz pageviews: -0.150 (10026 vues), Recalibrage longueur
thaumaturge;3096;2.531;2.531;0.752;0.426;-0.326;Recalibrage longueur
transcendance;936;2.785;2.785;0.691;0.325;-0.366;Recalibrage longueur
truisme;6735;2.146;2.146;0.909;0.495;-0.414;Malus Buzz pageviews: -0.124 (6735 vues), Recalibrage longueur
téléologique;1181;1.000;1.000;1.000;1.000;0.000;Malus Buzz pageviews: -0.011 (1181 vues), Recalibrage longueur, Retrait bonus suffixe standard
éclectisme;590;2.301;2.301;0.914;0.576;-0.338;Recalibrage longueur
énigmatique;628;3.769;3.769;0.410;0.060;-0.350;Recalibrage longueur, Retrait bonus suffixe standard
épicurien;3404;2.732;2.732;0.640;0.310;-0.330;Recalibrage longueur
ésotérique;2758;2.833;2.833;0.724;0.273;-0.451;Recalibrage longueur, Retrait bonus suffixe standard
abattement;845;3.373;3.373;0.431;0.050;-0.381;Recalibrage longueur
abnégation;5035;3.554;3.554;0.466;0.050;-0.416;Recalibrage longueur, Retrait bonus suffixe standard
aboulie;1695;2.146;2.146;0.809;0.535;-0.274;Malus Buzz pageviews: -0.034 (1695 vues), Recalibrage longueur
accablement;341;3.554;3.554;0.386;0.060;-0.326;Recalibrage longueur
affliction;2844;3.398;3.398;0.422;0.050;-0.372;Recalibrage longueur
alacrité;5986;2.785;2.785;0.601;0.275;-0.326;Recalibrage longueur
allégresse;2651;4.073;4.073;0.181;0.050;-0.131;Recalibrage longueur
anémie;1108;3.124;3.124;0.440;0.094;-0.346;Recalibrage longueur
apathie;1890;3.173;3.173;0.442;0.080;-0.362;Recalibrage longueur
ataraxie;3121;1.845;1.845;0.987;0.649;-0.338;Malus Buzz pageviews: -0.074 (3121 vues), Retrait bonus lettre rare, Recalibrage longueur
atone;2243;2.869;2.869;0.511;0.205;-0.306;Ajustement global des bornes Zipf
bannissement;326;2.771;3.110;0.686;0.161;-0.525;Repli morphologique (Zipf: 2.77 -> 3.11), Recalibrage longueur
chagrin;3726;4.618;4.618;0.040;0.020;-0.020;Recalibrage longueur
claustration;556;3.004;3.004;0.703;0.211;-0.492;Recalibrage longueur, Retrait bonus suffixe standard
commisération;4387;3.398;3.398;0.572;0.080;-0.492;Recalibrage longueur, Retrait bonus suffixe standard
concorde;1878;3.225;3.225;0.444;0.066;-0.378;Recalibrage longueur
consternation;772;3.656;3.656;0.480;0.080;-0.400;Recalibrage longueur, Retrait bonus suffixe standard
cors;610;3.190;3.190;0.396;0.052;-0.344;Ajustement global des bornes Zipf
courroux;2509;3.550;3.550;0.378;0.030;-0.348;Retrait bonus lettre rare, Recalibrage longueur
cénesthésie;732;0.000;0.000;0.870;1.000;0.130;Recalibrage longueur
dilection;2889;2.732;2.732;0.640;0.310;-0.330;Recalibrage longueur
dolent;1605;2.833;2.833;0.544;0.233;-0.311;Recalibrage longueur
désabusé;1503;3.629;3.629;0.299;0.030;-0.269;Recalibrage longueur
effervescence;1406;3.577;3.577;0.408;0.080;-0.328;Recalibrage longueur
exaltation;1291;4.176;4.176;0.294;0.050;-0.244;Retrait bonus lettre rare, Recalibrage longueur, Retrait bonus suffixe standard
extase;1876;4.023;4.023;0.169;0.010;-0.159;Retrait bonus lettre rare, Recalibrage longueur
ferveur;1778;4.026;4.026;0.138;0.020;-0.118;Recalibrage longueur
fielueux;0;0.000;0.000;0.860;1.000;0.140;Retrait bonus lettre rare, Recalibrage longueur
félicité;2192;3.668;3.668;0.286;0.030;-0.256;Recalibrage longueur
heur;5183;2.613;2.613;0.603;0.327;-0.276;Ajustement global des bornes Zipf
hypocondrie;1189;2.431;2.431;0.837;0.462;-0.375;Malus Buzz pageviews: -0.011 (1189 vues), Retrait bonus lettre rare, Recalibrage longueur
idylle;3034;3.431;3.431;0.380;0.010;-0.370;Retrait bonus lettre rare, Recalibrage longueur
indolence;2700;3.398;3.398;0.402;0.040;-0.362;Recalibrage longueur
inextinguible;1428;2.869;2.869;0.711;0.285;-0.426;Retrait bonus lettre rare, Recalibrage longueur
inimitié;2302;2.869;2.869;0.571;0.235;-0.336;Recalibrage longueur
insatiable;1262;3.453;3.453;0.402;0.050;-0.352;Recalibrage longueur
insouciance;900;3.898;3.898;0.264;0.060;-0.204;Recalibrage longueur
jubilation;575;3.808;3.808;0.376;0.050;-0.326;Recalibrage longueur, Retrait bonus suffixe standard
langoureux;1871;3.228;3.228;0.533;0.084;-0.449;Retrait bonus lettre rare, Recalibrage longueur
langueur;3434;3.577;3.577;0.318;0.030;-0.288;Recalibrage longueur
lascif;2950;2.869;2.869;0.531;0.215;-0.316;Recalibrage longueur
léthargie;1431;3.320;3.320;0.430;0.040;-0.390;Recalibrage longueur
miséricorde;3105;3.943;3.943;0.248;0.060;-0.188;Recalibrage longueur
morose;2113;3.859;3.859;0.177;0.010;-0.167;Recalibrage longueur
mélancolie;2688;4.316;4.316;0.100;0.050;-0.050;Recalibrage longueur
neurasthénie;1353;3.107;3.107;0.566;0.162;-0.404;Recalibrage longueur
neurasthénique;1093;2.978;2.978;0.722;0.233;-0.489;Recalibrage longueur, Retrait bonus suffixe standard
nostalgie;3284;4.256;4.256;0.096;0.040;-0.056;Recalibrage longueur
nostalgique;766;3.600;3.600;0.470;0.060;-0.410;Recalibrage longueur, Retrait bonus suffixe standard
noévie;0;0.000;0.000;0.770;1.000;0.230;Recalibrage longueur
parapathique;0;0.000;0.000;0.990;1.000;0.010;Recalibrage longueur, Retrait bonus suffixe standard
paresthésie;395;1.699;1.699;1.000;0.822;-0.178;Recalibrage longueur
perplexité;925;3.668;3.668;0.376;0.050;-0.326;Retrait bonus lettre rare, Recalibrage longueur
placidité;550;3.307;3.307;0.434;0.040;-0.394;Recalibrage longueur
pétulant;1414;2.301;2.301;0.774;0.483;-0.291;Malus Buzz pageviews: -0.023 (1414 vues), Recalibrage longueur
quiétude;1541;3.705;3.705;0.272;0.030;-0.242;Recalibrage longueur
résilience;4088;1.301;3.800;1.000;0.050;-0.950;Repli morphologique (Zipf: 1.30 -> 3.80), Recalibrage longueur
solitaire;1503;4.431;4.431;0.080;0.040;-0.040;Recalibrage longueur
somatisation;225;0.000;2.046;0.990;0.667;-0.323;Repli morphologique (Zipf: 0.00 -> 2.05), Recalibrage longueur, Retrait bonus suffixe standard
spleen;3463;3.130;3.130;0.438;0.091;-0.347;Recalibrage longueur
spleenétique;155;0.000;0.000;0.990;1.000;0.010;Recalibrage longueur, Retrait bonus suffixe standard
stupeur;2084;4.381;4.381;0.040;0.020;-0.020;Recalibrage longueur
séquestration;281;2.531;2.878;0.882;0.281;-0.601;Repli morphologique (Zipf: 2.53 -> 2.88), Recalibrage longueur, Retrait bonus suffixe standard
sérénité;3934;4.111;4.111;0.128;0.030;-0.098;Recalibrage longueur
torpeur;2862;4.122;4.122;0.104;0.020;-0.084;Recalibrage longueur
varicose;42;0.000;0.000;0.810;1.000;0.190;Recalibrage longueur
venimeux;853;3.228;3.453;0.493;0.030;-0.463;Repli morphologique (Zipf: 3.23 -> 3.45), Retrait bonus lettre rare, Recalibrage longueur
volupté;2455;4.009;4.009;0.144;0.020;-0.124;Recalibrage longueur
équanimité;3514;2.146;2.146;0.869;0.518;-0.351;Malus Buzz pageviews: -0.082 (3514 vues), Recalibrage longueur
ancestral;864;3.276;3.276;0.446;0.051;-0.395;Recalibrage longueur
antédiluvien;3609;2.613;2.613;0.743;0.397;-0.346;Recalibrage longueur
apogée;3030;3.246;3.246;0.397;0.036;-0.361;Recalibrage longueur
caduc;4538;2.869;2.869;0.511;0.205;-0.306;Ajustement global des bornes Zipf
caducité;364;1.845;1.845;0.937;0.723;-0.214;Recalibrage longueur
célérité;2734;2.944;2.944;0.544;0.199;-0.345;Recalibrage longueur
déliquescence;1841;2.204;2.204;0.899;0.562;-0.337;Malus Buzz pageviews: -0.040 (1841 vues), Recalibrage longueur
désuet;3316;3.210;3.210;0.409;0.053;-0.356;Recalibrage longueur
fugace;2224;3.502;3.502;0.305;0.010;-0.295;Recalibrage longueur
hécatombe;2169;3.107;3.107;0.506;0.132;-0.374;Recalibrage longueur
imminent;1492;3.307;3.307;0.414;0.030;-0.384;Recalibrage longueur
immuable;2591;3.894;3.894;0.205;0.030;-0.175;Recalibrage longueur
immémorial;1015;3.276;3.276;0.466;0.061;-0.405;Recalibrage longueur
inexorable;2138;3.577;3.577;0.408;0.050;-0.358;Retrait bonus lettre rare, Recalibrage longueur
intemporel;1869;2.833;2.833;0.624;0.273;-0.351;Recalibrage longueur
jadis;3444;4.736;4.736;0.000;0.000;0.000;Ajustement global des bornes Zipf
millénaire;935;3.600;3.600;0.350;0.050;-0.300;Recalibrage longueur
obsolescence;1101;1.845;1.845;1.000;0.757;-0.243;Malus Buzz pageviews: -0.006 (1101 vues), Recalibrage longueur
obsolète;3281;2.924;2.924;0.551;0.209;-0.342;Recalibrage longueur
précurseur;4958;3.243;3.243;0.477;0.077;-0.400;Recalibrage longueur
prémices;2852;3.130;3.130;0.478;0.111;-0.367;Recalibrage longueur
périssable;437;3.130;3.593;0.518;0.050;-0.468;Repli morphologique (Zipf: 3.13 -> 3.59), Recalibrage longueur
réminiscence;3519;3.173;3.173;0.542;0.130;-0.412;Recalibrage longueur
sénescence;851;2.146;2.146;0.869;0.599;-0.270;Recalibrage longueur
transitoire;599;3.004;3.004;0.583;0.201;-0.382;Recalibrage longueur
trépas;1498;3.190;3.190;0.416;0.062;-0.354;Recalibrage longueur
vicissitude;3218;2.146;2.146;0.889;0.533;-0.356;Malus Buzz pageviews: -0.076 (3218 vues), Recalibrage longueur
éphémère;3839;3.855;3.855;0.219;0.030;-0.189;Recalibrage longueur
évanescent;2002;2.833;2.833;0.624;0.273;-0.351;Recalibrage longueur
