Mot;Pole_Semantique;Domaine_Ecriture;Registre_Tonalite;Profil_Emotionnel;Epoque;Difficulte;Pertinence;Origine_Geographique
allitération;ARTS_ET_LANGAGE;POESIE;POETIQUE_LYRIQUE;NEUTRE;CLASSIQUE_17_18;0.810;0.00;FRANCAIS
amphigourique;ARTS_ET_LANGAGE;ROMANESQUE;COMIC_BURLESQUE;NEUTRE;MODERNE_20;0.621;0.00;FRANCAIS
aphorisme;ARTS_ET_LANGAGE;ESSAI_PHILOSOPHIQUE;LITTERAIRE_STANDARD;NEUTRE;MODERNE_20;0.351;0.00;FRANCAIS
aphoristique;ARTS_ET_LANGAGE;ROMANESQUE;LITTERAIRE_STANDARD;NEUTRE;CLASSIQUE_17_18;0.667;0.00;FRANCAIS
apophtegme;ARTS_ET_LANGAGE;ESSAI_PHILOSOPHIQUE;LITTERAIRE_STANDARD;NEUTRE;ANTIQUITE;0.368;0.00;FRANCAIS
assonance;ARTS_ET_LANGAGE;POESIE;POETIQUE_LYRIQUE;NEUTRE;CLASSIQUE_17_18;0.733;0.00;FRANCAIS
aède;ARTS_ET_LANGAGE;POESIE;ARCHAIQUE_RECHERCHE;NEUTRE;ANTIQUITE;0.433;0.00;FRANCAIS
calice;ARTS_ET_LANGAGE;ROMANESQUE;ARCHAIQUE_RECHERCHE;NEUTRE;CLASSIQUE_17_18;0.010;0.00;FRANCAIS
calligramme;ARTS_ET_LANGAGE;POESIE;LITTERAIRE_STANDARD;NEUTRE;ROMANTIQUE_19;1.000;0.00;FRANCAIS
cantilène;ARTS_ET_LANGAGE;POESIE;POETIQUE_LYRIQUE;NEUTRE;CLASSIQUE_17_18;0.406;0.00;FRANCAIS
codex;ARTS_ET_LANGAGE;ROMANESQUE;ARCHAIQUE_RECHERCHE;NEUTRE;ANTIQUITE;0.213;0.00;FRANCAIS
cénacle;ARTS_ET_LANGAGE;CRITIQUE_MEMOIRES;LITTERAIRE_STANDARD;NEUTRE;ROMANTIQUE_19;0.123;0.00;FRANCAIS
césure;ARTS_ET_LANGAGE;POESIE;LITTERAIRE_STANDARD;NEUTRE;CLASSIQUE_17_18;0.228;0.00;FRANCAIS
diatribe;ARTS_ET_LANGAGE;CRITIQUE_MEMOIRES;TRAGIQUE_DRAMATIQUE;NEGATIF_EXCITANT;ROMANTIQUE_19;0.046;0.00;FRANCAIS
dilettante;ARTS_ET_LANGAGE;CRITIQUE_MEMOIRES;LITTERAIRE_STANDARD;NEUTRE;ROMANTIQUE_19;0.050;0.00;ITALIEN
enlumineur;ARTS_ET_LANGAGE;ROMANESQUE;LITTERAIRE_STANDARD;NEUTRE;CLASSIQUE_17_18;0.464;0.00;FRANCAIS
esthète;ARTS_ET_LANGAGE;CRITIQUE_MEMOIRES;LITTERAIRE_STANDARD;NEUTRE;MODERNE_20;0.020;0.00;FRANCAIS
estocade;ARTS_ET_LANGAGE;ROMANESQUE;TRAGIQUE_DRAMATIQUE;NEUTRE;ROMANTIQUE_19;0.357;0.00;ITALIEN
faconde;ARTS_ET_LANGAGE;THEATRE;COMIC_BURLESQUE;NEUTRE;CLASSIQUE_17_18;0.020;0.00;FRANCAIS
frémissement;ARTS_ET_LANGAGE;POESIE;POETIQUE_LYRIQUE;POSITIF_EXCITANT;CLASSIQUE_17_18;0.070;0.00;FRANCAIS
funambule;ARTS_ET_LANGAGE;ROMANESQUE;LITTERAIRE_STANDARD;NEUTRE;CLASSIQUE_17_18;0.040;0.00;FRANCAIS
garrulité;ARTS_ET_LANGAGE;ROMANESQUE;COMIC_BURLESQUE;NEUTRE;CLASSIQUE_17_18;1.000;0.00;FRANCAIS
gnomique;ARTS_ET_LANGAGE;ESSAI_PHILOSOPHIQUE;LITTERAIRE_STANDARD;NEUTRE;ANTIQUITE;1.000;0.00;FRANCAIS
grimoire;ARTS_ET_LANGAGE;ROMANESQUE;LITTERAIRE_STANDARD;NEUTRE;CLASSIQUE_17_18;0.162;0.00;FRANCAIS
harangue;ARTS_ET_LANGAGE;THEATRE;LITTERAIRE_STANDARD;NEUTRE;CLASSIQUE_17_18;0.159;0.00;FRANCAIS
hémistiche;ARTS_ET_LANGAGE;ROMANESQUE;LITTERAIRE_STANDARD;NEUTRE;CLASSIQUE_17_18;0.544;0.00;FRANCAIS
héraut;ARTS_ET_LANGAGE;ROMANESQUE;ARCHAIQUE_RECHERCHE;NEUTRE;CLASSIQUE_17_18;0.303;0.00;FRANCAIS
incantation;ARTS_ET_LANGAGE;ROMANESQUE;LITTERAIRE_STANDARD;NEUTRE;CLASSIQUE_17_18;0.105;0.00;FRANCAIS
invective;ARTS_ET_LANGAGE;THEATRE;TRAGIQUE_DRAMATIQUE;NEGATIF_EXCITANT;ROMANTIQUE_19;0.153;0.00;FRANCAIS
laconique;ARTS_ET_LANGAGE;ROMANESQUE;LITTERAIRE_STANDARD;NEUTRE;CLASSIQUE_17_18;0.040;0.00;FRANCAIS
laudateur;ARTS_ET_LANGAGE;CRITIQUE_MEMOIRES;LITTERAIRE_STANDARD;NEUTRE;CLASSIQUE_17_18;0.530;0.00;FRANCAIS
libation;ARTS_ET_LANGAGE;ROMANESQUE;ARCHAIQUE_RECHERCHE;NEUTRE;ANTIQUITE;0.453;0.00;FRANCAIS
liminaire;ARTS_ET_LANGAGE;CRITIQUE_MEMOIRES;LITTERAIRE_STANDARD;NEUTRE;MODERNE_20;0.166;0.00;FRANCAIS
liturgie;ARTS_ET_LANGAGE;ROMANESQUE;LITTERAIRE_STANDARD;NEUTRE;CLASSIQUE_17_18;0.030;0.00;FRANCAIS
loquace;ARTS_ET_LANGAGE;THEATRE;LITTERAIRE_STANDARD;NEUTRE;CLASSIQUE_17_18;0.020;0.00;FRANCAIS
loquacité;ARTS_ET_LANGAGE;ROMANESQUE;LITTERAIRE_STANDARD;NEUTRE;CLASSIQUE_17_18;0.084;0.00;FRANCAIS
lyrisme;ARTS_ET_LANGAGE;POESIE;POETIQUE_LYRIQUE;POSITIF_EXCITANT;ROMANTIQUE_19;0.070;0.00;FRANCAIS
mignardise;ARTS_ET_LANGAGE;ROMANESQUE;LITTERAIRE_STANDARD;NEUTRE;CLASSIQUE_17_18;0.408;0.00;FRANCAIS
mignonne;ARTS_ET_LANGAGE;POESIE;POETIQUE_LYRIQUE;NEUTRE;CLASSIQUE_17_18;0.030;0.00;FRANCAIS
murmure;ARTS_ET_LANGAGE;POESIE;POETIQUE_LYRIQUE;POSITIF_CALME;ROMANTIQUE_19;0.020;0.00;FRANCAIS
mélopée;ARTS_ET_LANGAGE;POESIE;POETIQUE_LYRIQUE;NEGATIF_CALME;CLASSIQUE_17_18;0.020;0.00;FRANCAIS
ménestrel;ARTS_ET_LANGAGE;POESIE;POETIQUE_LYRIQUE;POSITIF_CALME;CLASSIQUE_17_18;0.421;0.00;FRANCAIS
métrique;ARTS_ET_LANGAGE;POESIE;LITTERAIRE_STANDARD;NEUTRE;CLASSIQUE_17_18;0.388;0.00;FRANCAIS
oblation;ARTS_ET_LANGAGE;ESSAI_PHILOSOPHIQUE;ARCHAIQUE_RECHERCHE;NEUTRE;CLASSIQUE_17_18;0.461;0.00;FRANCAIS
ostensoir;ARTS_ET_LANGAGE;ROMANESQUE;ARCHAIQUE_RECHERCHE;NEUTRE;ANTIQUITE;0.132;0.00;FRANCAIS
palimpseste;ARTS_ET_LANGAGE;ROMANESQUE;LITTERAIRE_STANDARD;NEUTRE;CLASSIQUE_17_18;0.414;0.00;FRANCAIS
panégyrique;ARTS_ET_LANGAGE;CRITIQUE_MEMOIRES;LITTERAIRE_STANDARD;NEUTRE;CLASSIQUE_17_18;0.332;0.00;FRANCAIS
pataquès;ARTS_ET_LANGAGE;THEATRE;COMIC_BURLESQUE;NEUTRE;CLASSIQUE_17_18;0.305;0.00;FRANCAIS
patène;ARTS_ET_LANGAGE;ROMANESQUE;ARCHAIQUE_RECHERCHE;NEUTRE;ANTIQUITE;0.424;0.00;FRANCAIS
poétique;ARTS_ET_LANGAGE;ROMANESQUE;LITTERAIRE_STANDARD;NEUTRE;ROMANTIQUE_19;0.030;0.00;FRANCAIS
prolixe;ARTS_ET_LANGAGE;THEATRE;LITTERAIRE_STANDARD;NEUTRE;MODERNE_20;0.020;0.00;FRANCAIS
prolixité;ARTS_ET_LANGAGE;ROMANESQUE;LITTERAIRE_STANDARD;NEUTRE;CLASSIQUE_17_18;0.516;0.00;FRANCAIS
psalmodie;ARTS_ET_LANGAGE;POESIE;POETIQUE_LYRIQUE;NEUTRE;CLASSIQUE_17_18;0.242;0.00;FRANCAIS
psalmodier;ARTS_ET_LANGAGE;POESIE;LITTERAIRE_STANDARD;NEUTRE;CLASSIQUE_17_18;0.338;0.00;FRANCAIS
psautier;ARTS_ET_LANGAGE;ROMANESQUE;ARCHAIQUE_RECHERCHE;NEUTRE;CLASSIQUE_17_18;0.579;0.00;FRANCAIS
quiproquo;ARTS_ET_LANGAGE;THEATRE;COMIC_BURLESQUE;NEUTRE;ROMANTIQUE_19;0.240;0.00;ITALIEN
ratiociner;ARTS_ET_LANGAGE;ESSAI_PHILOSOPHIQUE;LITTERAIRE_STANDARD;NEUTRE;MODERNE_20;0.328;0.00;FRANCAIS
rhapsode;ARTS_ET_LANGAGE;POESIE;ARCHAIQUE_RECHERCHE;NEUTRE;ANTIQUITE;1.000;0.00;FRANCAIS
rhapsodie;ARTS_ET_LANGAGE;POESIE;LITTERAIRE_STANDARD;NEUTRE;ROMANTIQUE_19;0.394;0.00;FRANCAIS
satirique;ARTS_ET_LANGAGE;ROMANESQUE;LITTERAIRE_STANDARD;NEUTRE;CLASSIQUE_17_18;0.367;0.00;FRANCAIS
satyrique;ARTS_ET_LANGAGE;ROMANESQUE;LITTERAIRE_STANDARD;NEUTRE;CLASSIQUE_17_18;1.000;0.00;FRANCAIS
soliloque;ARTS_ET_LANGAGE;THEATRE;COMIC_BURLESQUE;NEUTRE;CLASSIQUE_17_18;0.126;0.00;FRANCAIS
somnambule;SENTIMENTS_ET_PSYCHE;ROMANESQUE;LITTERAIRE_STANDARD;NEUTRE;ROMANTIQUE_19;0.050;0.00;FRANCAIS
soporifique;ARTS_ET_LANGAGE;CRITIQUE_MEMOIRES;LITTERAIRE_STANDARD;NEUTRE;CLASSIQUE_17_18;0.241;0.00;FRANCAIS
talisman;ARTS_ET_LANGAGE;ROMANESQUE;LITTERAIRE_STANDARD;NEUTRE;CLASSIQUE_17_18;0.030;0.00;ARABE
tintamarre;ARTS_ET_LANGAGE;THEATRE;LITTERAIRE_STANDARD;NEUTRE;CLASSIQUE_17_18;0.050;0.00;FRANCAIS
troubadour;ARTS_ET_LANGAGE;POESIE;POETIQUE_LYRIQUE;POSITIF_CALME;ROMANTIQUE_19;0.237;0.00;FRANCAIS
trépidation;ARTS_ET_LANGAGE;ROMANESQUE;LITTERAIRE_STANDARD;NEUTRE;CLASSIQUE_17_18;0.162;0.00;FRANCAIS
vate;ARTS_ET_LANGAGE;POESIE;ARCHAIQUE_RECHERCHE;NEUTRE;ANTIQUITE;1.000;0.00;FRANCAIS
vaticination;ARTS_ET_LANGAGE;ESSAI_PHILOSOPHIQUE;LITTERAIRE_STANDARD;NEUTRE;CLASSIQUE_17_18;0.504;0.00;FRANCAIS
verbeux;ARTS_ET_LANGAGE;ROMANESQUE;COMIC_BURLESQUE;NEUTRE;CLASSIQUE_17_18;0.419;0.00;FRANCAIS
volubile;ARTS_ET_LANGAGE;ROMANESQUE;COMIC_BURLESQUE;NEUTRE;CLASSIQUE_17_18;0.030;0.00;FRANCAIS
volubilité;ARTS_ET_LANGAGE;ROMANESQUE;LITTERAIRE_STANDARD;NEUTRE;CLASSIQUE_17_18;0.102;0.00;FRANCAIS
vélin;ARTS_ET_LANGAGE;ROMANESQUE;ARCHAIQUE_RECHERCHE;NEUTRE;CLASSIQUE_17_18;0.217;0.00;FRANCAIS
élixir;ARTS_ET_LANGAGE;ROMANESQUE;LITTERAIRE_STANDARD;NEUTRE;CLASSIQUE_17_18;0.010;0.00;ARABE
élucubration;ARTS_ET_LANGAGE;ROMANESQUE;LITTERAIRE_STANDARD;NEUTRE;CLASSIQUE_17_18;0.419;0.00;FRANCAIS
élégiaque;ARTS_ET_LANGAGE;POESIE;POETIQUE_LYRIQUE;NEUTRE;CLASSIQUE_17_18;0.382;0.00;FRANCAIS
élégie;ARTS_ET_LANGAGE;POESIE;POETIQUE_LYRIQUE;NEUTRE;CLASSIQUE_17_18;0.374;0.00;FRANCAIS
épigone;ARTS_ET_LANGAGE;CRITIQUE_MEMOIRES;LITTERAIRE_STANDARD;NEUTRE;MODERNE_20;0.118;0.00;FRANCAIS
acrimonie;ESPRIT_ET_CARACTERE;CRITIQUE_MEMOIRES;TRAGIQUE_DRAMATIQUE;NEGATIF_EXCITANT;ROMANTIQUE_19;0.172;0.00;FRANCAIS
anachorète;ESPRIT_ET_CARACTERE;CRITIQUE_MEMOIRES;ARCHAIQUE_RECHERCHE;NEUTRE;CLASSIQUE_17_18;0.326;0.00;FRANCAIS
atermoiement;ESPRIT_ET_CARACTERE;CRITIQUE_MEMOIRES;LITTERAIRE_STANDARD;NEGATIF_CALME;CLASSIQUE_17_18;0.357;0.00;FRANCAIS
atrabilaire;ESPRIT_ET_CARACTERE;CRITIQUE_MEMOIRES;ARCHAIQUE_RECHERCHE;NEGATIF_EXCITANT;CLASSIQUE_17_18;0.520;0.00;FRANCAIS
auguste;ESPRIT_ET_CARACTERE;ROMANESQUE;LITTERAIRE_STANDARD;NEUTRE;MODERNE_20;0.020;0.00;FRANCAIS
bilieux;ESPRIT_ET_CARACTERE;ROMANESQUE;LITTERAIRE_STANDARD;NEGATIF_EXCITANT;CLASSIQUE_17_18;0.347;0.00;FRANCAIS
bonhomie;ESPRIT_ET_CARACTERE;CRITIQUE_MEMOIRES;LITTERAIRE_STANDARD;POSITIF_CALME;CLASSIQUE_17_18;0.030;0.00;FRANCAIS
brigand;ESPRIT_ET_CARACTERE;ROMANESQUE;LITTERAIRE_STANDARD;NEGATIF_EXCITANT;CLASSIQUE_17_18;0.020;0.00;FRANCAIS
captieux;ESPRIT_ET_CARACTERE;ROMANESQUE;LITTERAIRE_STANDARD;NEGATIF_CALME;CLASSIQUE_17_18;0.393;0.00;FRANCAIS
causticité;ESPRIT_ET_CARACTERE;CRITIQUE_MEMOIRES;LITTERAIRE_STANDARD;NEGATIF_EXCITANT;CLASSIQUE_17_18;0.199;0.00;FRANCAIS
caustique;ESPRIT_ET_CARACTERE;CRITIQUE_MEMOIRES;LITTERAIRE_STANDARD;NEGATIF_EXCITANT;CLASSIQUE_17_18;0.040;0.00;FRANCAIS
circonspect;ESPRIT_ET_CARACTERE;CRITIQUE_MEMOIRES;LITTERAIRE_STANDARD;NEUTRE;CLASSIQUE_17_18;0.060;0.00;FRANCAIS
clémence;ESPRIT_ET_CARACTERE;CRITIQUE_MEMOIRES;LITTERAIRE_STANDARD;POSITIF_CALME;ROMANTIQUE_19;0.030;0.00;FRANCAIS
collusion;ESPRIT_ET_CARACTERE;CRITIQUE_MEMOIRES;LITTERAIRE_STANDARD;NEGATIF_EXCITANT;ROMANTIQUE_19;0.193;0.00;FRANCAIS
condottiere;ESPRIT_ET_CARACTERE;CRITIQUE_MEMOIRES;ARCHAIQUE_RECHERCHE;NEUTRE;CLASSIQUE_17_18;0.330;0.00;ITALIEN
connivence;ESPRIT_ET_CARACTERE;CRITIQUE_MEMOIRES;LITTERAIRE_STANDARD;NEUTRE;MODERNE_20;0.050;0.00;FRANCAIS
cénobite;ESPRIT_ET_CARACTERE;ESSAI_PHILOSOPHIQUE;ARCHAIQUE_RECHERCHE;NEUTRE;CLASSIQUE_17_18;0.657;0.00;FRANCAIS
effronterie;ESPRIT_ET_CARACTERE;ROMANESQUE;LITTERAIRE_STANDARD;NEGATIF_EXCITANT;CLASSIQUE_17_18;0.174;0.00;FRANCAIS
estafette;ESPRIT_ET_CARACTERE;CRITIQUE_MEMOIRES;ARCHAIQUE_RECHERCHE;NEUTRE;CLASSIQUE_17_18;0.040;0.00;FRANCAIS
facétieux;ESPRIT_ET_CARACTERE;ROMANESQUE;COMIC_BURLESQUE;POSITIF_EXCITANT;CLASSIQUE_17_18;0.173;0.00;FRANCAIS
fallacieux;ESPRIT_ET_CARACTERE;ROMANESQUE;LITTERAIRE_STANDARD;NEGATIF_CALME;CONTEMPORAIN_21;0.050;0.00;FRANCAIS
famélique;ESPRIT_ET_CARACTERE;ROMANESQUE;ARCHAIQUE_RECHERCHE;NEGATIF_CALME;CLASSIQUE_17_18;0.124;0.00;FRANCAIS
fielleux;ESPRIT_ET_CARACTERE;ROMANESQUE;TRAGIQUE_DRAMATIQUE;NEGATIF_EXCITANT;CLASSIQUE_17_18;0.329;0.00;FRANCAIS
flegmatique;ESPRIT_ET_CARACTERE;CRITIQUE_MEMOIRES;LITTERAIRE_STANDARD;NEUTRE;CLASSIQUE_17_18;0.218;0.00;FRANCAIS
flibustier;ESPRIT_ET_CARACTERE;ROMANESQUE;LITTERAIRE_STANDARD;NEGATIF_EXCITANT;CLASSIQUE_17_18;0.268;0.00;FRANCAIS
flâneur;ESPRIT_ET_CARACTERE;POESIE;POETIQUE_LYRIQUE;POSITIF_CALME;ROMANTIQUE_19;0.159;0.00;FRANCAIS
fripon;ESPRIT_ET_CARACTERE;THEATRE;LITTERAIRE_STANDARD;NEGATIF_CALME;CLASSIQUE_17_18;0.091;0.00;FRANCAIS
goguenard;ESPRIT_ET_CARACTERE;THEATRE;COMIC_BURLESQUE;NEGATIF_CALME;CLASSIQUE_17_18;0.040;0.00;FRANCAIS
graveleux;ESPRIT_ET_CARACTERE;ROMANESQUE;LITTERAIRE_STANDARD;NEGATIF_CALME;CLASSIQUE_17_18;0.065;0.00;FRANCAIS
gredin;ESPRIT_ET_CARACTERE;THEATRE;LITTERAIRE_STANDARD;NEGATIF_EXCITANT;MODERNE_20;0.010;0.00;FRANCAIS
grivois;ESPRIT_ET_CARACTERE;THEATRE;COMIC_BURLESQUE;NEGATIF_CALME;CLASSIQUE_17_18;0.354;0.00;FRANCAIS
grivoiserie;ESPRIT_ET_CARACTERE;THEATRE;COMIC_BURLESQUE;NEGATIF_CALME;CLASSIQUE_17_18;0.609;0.00;FRANCAIS
grognard;ESPRIT_ET_CARACTERE;CRITIQUE_MEMOIRES;LITTERAIRE_STANDARD;NEGATIF_CALME;ROMANTIQUE_19;0.444;0.00;FRANCAIS
ignominie;ESPRIT_ET_CARACTERE;CRITIQUE_MEMOIRES;TRAGIQUE_DRAMATIQUE;NEGATIF_EXCITANT;ROMANTIQUE_19;0.040;0.00;FRANCAIS
ilote;ESPRIT_ET_CARACTERE;ESSAI_PHILOSOPHIQUE;ARCHAIQUE_RECHERCHE;NEGATIF_CALME;ANTIQUITE;0.367;0.00;FRANCAIS
imbroglio;ARTS_ET_LANGAGE;THEATRE;COMIC_BURLESQUE;NEUTRE;MODERNE_20;0.040;0.00;ITALIEN
impertinence;ESPRIT_ET_CARACTERE;CRITIQUE_MEMOIRES;LITTERAIRE_STANDARD;NEGATIF_EXCITANT;CLASSIQUE_17_18;0.151;0.00;FRANCAIS
impudence;ESPRIT_ET_CARACTERE;CRITIQUE_MEMOIRES;LITTERAIRE_STANDARD;NEGATIF_EXCITANT;CLASSIQUE_17_18;0.071;0.00;FRANCAIS
impérieux;ESPRIT_ET_CARACTERE;CRITIQUE_MEMOIRES;LITTERAIRE_STANDARD;NEGATIF_EXCITANT;CLASSIQUE_17_18;0.040;0.00;FRANCAIS
impéritie;ESPRIT_ET_CARACTERE;CRITIQUE_MEMOIRES;LITTERAIRE_STANDARD;NEGATIF_CALME;CONTEMPORAIN_21;0.103;0.00;FRANCAIS
incurie;ESPRIT_ET_CARACTERE;CRITIQUE_MEMOIRES;LITTERAIRE_STANDARD;NEGATIF_CALME;CLASSIQUE_17_18;0.068;0.00;FRANCAIS
indocile;ESPRIT_ET_CARACTERE;CRITIQUE_MEMOIRES;LITTERAIRE_STANDARD;NEGATIF_EXCITANT;CLASSIQUE_17_18;0.235;0.00;FRANCAIS
insidieux;ESPRIT_ET_CARACTERE;CRITIQUE_MEMOIRES;LITTERAIRE_STANDARD;NEGATIF_CALME;CLASSIQUE_17_18;0.040;0.00;FRANCAIS
insolence;ESPRIT_ET_CARACTERE;THEATRE;LITTERAIRE_STANDARD;NEGATIF_EXCITANT;CLASSIQUE_17_18;0.040;0.00;FRANCAIS
insoumis;ESPRIT_ET_CARACTERE;CRITIQUE_MEMOIRES;LITTERAIRE_STANDARD;NEGATIF_EXCITANT;ROMANTIQUE_19;0.056;0.00;FRANCAIS
intransigeance;ESPRIT_ET_CARACTERE;CRITIQUE_MEMOIRES;LITTERAIRE_STANDARD;NEGATIF_EXCITANT;ROMANTIQUE_19;0.080;0.00;FRANCAIS
intrépide;ESPRIT_ET_CARACTERE;ROMANESQUE;LITTERAIRE_STANDARD;POSITIF_EXCITANT;CLASSIQUE_17_18;0.040;0.00;FRANCAIS
intègre;ESPRIT_ET_CARACTERE;CRITIQUE_MEMOIRES;LITTERAIRE_STANDARD;POSITIF_CALME;CLASSIQUE_17_18;0.020;0.00;FRANCAIS
irrévérence;ESPRIT_ET_CARACTERE;THEATRE;LITTERAIRE_STANDARD;NEGATIF_EXCITANT;CLASSIQUE_17_18;0.452;0.00;FRANCAIS
larron;ESPRIT_ET_CARACTERE;THEATRE;ARCHAIQUE_RECHERCHE;NEGATIF_EXCITANT;CLASSIQUE_17_18;0.116;0.00;FRANCAIS
libidineux;ESPRIT_ET_CARACTERE;CRITIQUE_MEMOIRES;LITTERAIRE_STANDARD;NEGATIF_EXCITANT;CLASSIQUE_17_18;0.223;0.00;FRANCAIS
licencieux;ESPRIT_ET_CARACTERE;CRITIQUE_MEMOIRES;LITTERAIRE_STANDARD;NEGATIF_CALME;CLASSIQUE_17_18;0.284;0.00;FRANCAIS
longanimité;ESPRIT_ET_CARACTERE;ROMANESQUE;LITTERAIRE_STANDARD;POSITIF_CALME;ROMANTIQUE_19;0.488;0.00;FRANCAIS
magnanime;ESPRIT_ET_CARACTERE;CRITIQUE_MEMOIRES;LITTERAIRE_STANDARD;POSITIF_CALME;CLASSIQUE_17_18;0.040;0.00;FRANCAIS
malandrin;ESPRIT_ET_CARACTERE;ROMANESQUE;ARCHAIQUE_RECHERCHE;NEGATIF_EXCITANT;CLASSIQUE_17_18;0.524;0.00;FRANCAIS
mansuétude;ESPRIT_ET_CARACTERE;CRITIQUE_MEMOIRES;LITTERAIRE_STANDARD;POSITIF_CALME;CLASSIQUE_17_18;0.050;0.00;FRANCAIS
maraudeur;ESPRIT_ET_CARACTERE;ROMANESQUE;LITTERAIRE_STANDARD;NEGATIF_EXCITANT;ROMANTIQUE_19;0.099;0.00;FRANCAIS
marmiton;ESPRIT_ET_CARACTERE;ROMANESQUE;ARCHAIQUE_RECHERCHE;NEUTRE;CLASSIQUE_17_18;0.347;0.00;FRANCAIS
mentor;ESPRIT_ET_CARACTERE;CRITIQUE_MEMOIRES;LITTERAIRE_STANDARD;POSITIF_CALME;MODERNE_20;0.010;0.00;FRANCAIS
moujik;ESPRIT_ET_CARACTERE;CRITIQUE_MEMOIRES;ARCHAIQUE_RECHERCHE;NEUTRE;CLASSIQUE_17_18;0.280;0.00;RUSSE
méticuleux;ESPRIT_ET_CARACTERE;CRITIQUE_MEMOIRES;LITTERAIRE_STANDARD;POSITIF_CALME;CLASSIQUE_17_18;0.050;0.00;FRANCAIS
narquois;ESPRIT_ET_CARACTERE;ROMANESQUE;COMIC_BURLESQUE;NEGATIF_CALME;CLASSIQUE_17_18;0.030;0.00;FRANCAIS
noctambule;ESPRIT_ET_CARACTERE;POESIE;POETIQUE_LYRIQUE;NEUTRE;ROMANTIQUE_19;0.175;0.00;FRANCAIS
obséquieux;ESPRIT_ET_CARACTERE;CRITIQUE_MEMOIRES;LITTERAIRE_STANDARD;NEGATIF_CALME;MODERNE_20;0.050;0.00;FRANCAIS
ombrageux;ESPRIT_ET_CARACTERE;CRITIQUE_MEMOIRES;LITTERAIRE_STANDARD;NEGATIF_EXCITANT;CLASSIQUE_17_18;0.040;0.00;FRANCAIS
opiniâtre;ESPRIT_ET_CARACTERE;CRITIQUE_MEMOIRES;LITTERAIRE_STANDARD;NEGATIF_EXCITANT;CLASSIQUE_17_18;0.040;0.00;FRANCAIS
opulence;ESPRIT_ET_CARACTERE;ROMANESQUE;LITTERAIRE_STANDARD;POSITIF_CALME;ROMANTIQUE_19;0.030;0.00;FRANCAIS
ostentatoire;ESPRIT_ET_CARACTERE;CRITIQUE_MEMOIRES;LITTERAIRE_STANDARD;NEGATIF_CALME;CLASSIQUE_17_18;0.089;0.00;FRANCAIS
ostracisme;ESPRIT_ET_CARACTERE;CRITIQUE_MEMOIRES;TRAGIQUE_DRAMATIQUE;NEUTRE;ROMANTIQUE_19;0.190;0.00;FRANCAIS
outrageux;ESPRIT_ET_CARACTERE;CRITIQUE_MEMOIRES;LITTERAIRE_STANDARD;NEGATIF_EXCITANT;CLASSIQUE_17_18;0.516;0.00;FRANCAIS
outrecuidance;ESPRIT_ET_CARACTERE;CRITIQUE_MEMOIRES;LITTERAIRE_STANDARD;NEGATIF_EXCITANT;MODERNE_20;0.080;0.00;FRANCAIS
outrecuidant;ESPRIT_ET_CARACTERE;ROMANESQUE;LITTERAIRE_STANDARD;NEGATIF_EXCITANT;CLASSIQUE_17_18;0.434;0.00;FRANCAIS
paladin;ESPRIT_ET_CARACTERE;ROMANESQUE;LITTERAIRE_STANDARD;POSITIF_EXCITANT;CLASSIQUE_17_18;0.193;0.00;FRANCAIS
palefrenier;ESPRIT_ET_CARACTERE;ROMANESQUE;ARCHAIQUE_RECHERCHE;NEUTRE;CLASSIQUE_17_18;0.263;0.00;FRANCAIS
parangon;ESPRIT_ET_CARACTERE;CRITIQUE_MEMOIRES;LITTERAIRE_STANDARD;POSITIF_CALME;CONTEMPORAIN_21;0.030;0.00;FRANCAIS
paria;ESPRIT_ET_CARACTERE;ESSAI_PHILOSOPHIQUE;LITTERAIRE_STANDARD;NEGATIF_CALME;MODERNE_20;0.000;0.00;PORTUGAIS
parjure;ESPRIT_ET_CARACTERE;CRITIQUE_MEMOIRES;TRAGIQUE_DRAMATIQUE;NEGATIF_EXCITANT;CLASSIQUE_17_18;0.079;0.00;FRANCAIS
patricien;ESPRIT_ET_CARACTERE;CRITIQUE_MEMOIRES;LITTERAIRE_STANDARD;POSITIF_CALME;CLASSIQUE_17_18;0.437;0.00;FRANCAIS
pernicieux;ESPRIT_ET_CARACTERE;ESSAI_PHILOSOPHIQUE;LITTERAIRE_STANDARD;NEGATIF_CALME;MODERNE_20;0.050;0.00;FRANCAIS
plébéien;ESPRIT_ET_CARACTERE;CRITIQUE_MEMOIRES;LITTERAIRE_STANDARD;NEGATIF_CALME;CLASSIQUE_17_18;0.250;0.00;FRANCAIS
pointilleux;ESPRIT_ET_CARACTERE;CRITIQUE_MEMOIRES;LITTERAIRE_STANDARD;NEGATIF_CALME;CLASSIQUE_17_18;0.173;0.00;FRANCAIS
potentat;ESPRIT_ET_CARACTERE;THEATRE;LITTERAIRE_STANDARD;NEGATIF_EXCITANT;CLASSIQUE_17_18;0.376;0.00;FRANCAIS
preux;ESPRIT_ET_CARACTERE;ROMANESQUE;ARCHAIQUE_RECHERCHE;POSITIF_EXCITANT;CLASSIQUE_17_18;0.001;0.00;FRANCAIS
probe;ESPRIT_ET_CARACTERE;CRITIQUE_MEMOIRES;LITTERAIRE_STANDARD;POSITIF_CALME;CLASSIQUE_17_18;0.320;0.00;FRANCAIS
procrastination;ESPRIT_ET_CARACTERE;CRITIQUE_MEMOIRES;LITTERAIRE_STANDARD;NEUTRE;MODERNE_20;0.535;0.00;FRANCAIS
prodigalité;ESPRIT_ET_CARACTERE;ESSAI_PHILOSOPHIQUE;LITTERAIRE_STANDARD;NEGATIF_CALME;ROMANTIQUE_19;0.191;0.00;FRANCAIS
précepteur;ESPRIT_ET_CARACTERE;ROMANESQUE;LITTERAIRE_STANDARD;POSITIF_CALME;CLASSIQUE_17_18;0.050;0.00;FRANCAIS
préséance;ESPRIT_ET_CARACTERE;CRITIQUE_MEMOIRES;LITTERAIRE_STANDARD;NEUTRE;CLASSIQUE_17_18;0.294;0.00;FRANCAIS
pugnace;ESPRIT_ET_CARACTERE;CRITIQUE_MEMOIRES;LITTERAIRE_STANDARD;NEGATIF_EXCITANT;CLASSIQUE_17_18;0.376;0.00;FRANCAIS
pusillanime;ESPRIT_ET_CARACTERE;CRITIQUE_MEMOIRES;LITTERAIRE_STANDARD;NEGATIF_CALME;CLASSIQUE_17_18;0.148;0.00;FRANCAIS
renégat;ESPRIT_ET_CARACTERE;CRITIQUE_MEMOIRES;LITTERAIRE_STANDARD;NEGATIF_EXCITANT;CLASSIQUE_17_18;0.020;0.00;FRANCAIS
sardonique;ESPRIT_ET_CARACTERE;THEATRE;TRAGIQUE_DRAMATIQUE;NEGATIF_CALME;MODERNE_20;0.146;0.00;FRANCAIS
satyre;ESPRIT_ET_CARACTERE;THEATRE;LITTERAIRE_STANDARD;NEGATIF_EXCITANT;MODERNE_20;0.010;0.00;FRANCAIS
sbire;ESPRIT_ET_CARACTERE;THEATRE;ARCHAIQUE_RECHERCHE;NEUTRE;CLASSIQUE_17_18;0.251;0.00;ITALIEN
scabreux;ESPRIT_ET_CARACTERE;CRITIQUE_MEMOIRES;LITTERAIRE_STANDARD;NEGATIF_CALME;CLASSIQUE_17_18;0.030;0.00;FRANCAIS
scrupuleux;ESPRIT_ET_CARACTERE;CRITIQUE_MEMOIRES;LITTERAIRE_STANDARD;POSITIF_CALME;CLASSIQUE_17_18;0.050;0.00;FRANCAIS
scélérat;ESPRIT_ET_CARACTERE;ROMANESQUE;TRAGIQUE_DRAMATIQUE;NEGATIF_EXCITANT;MODERNE_20;0.030;0.00;FRANCAIS
sicaire;ESPRIT_ET_CARACTERE;ROMANESQUE;ARCHAIQUE_RECHERCHE;NEUTRE;CLASSIQUE_17_18;0.635;0.00;FRANCAIS
simagrée;ESPRIT_ET_CARACTERE;THEATRE;COMIC_BURLESQUE;NEGATIF_CALME;MODERNE_20;0.388;0.00;FRANCAIS
sourcilleux;ESPRIT_ET_CARACTERE;CRITIQUE_MEMOIRES;LITTERAIRE_STANDARD;NEGATIF_CALME;CLASSIQUE_17_18;0.174;0.00;FRANCAIS
spadassin;ESPRIT_ET_CARACTERE;THEATRE;ARCHAIQUE_RECHERCHE;NEGATIF_EXCITANT;CLASSIQUE_17_18;0.252;0.00;ITALIEN
suzerain;ESPRIT_ET_CARACTERE;ROMANESQUE;ARCHAIQUE_RECHERCHE;NEUTRE;CLASSIQUE_17_18;0.310;0.00;FRANCAIS
sycophante;ESPRIT_ET_CARACTERE;CRITIQUE_MEMOIRES;ARCHAIQUE_RECHERCHE;NEGATIF_CALME;CLASSIQUE_17_18;0.779;0.00;FRANCAIS
taciturne;ESPRIT_ET_CARACTERE;CRITIQUE_MEMOIRES;LITTERAIRE_STANDARD;NEGATIF_CALME;CLASSIQUE_17_18;0.040;0.00;FRANCAIS
thuriféraire;ESPRIT_ET_CARACTERE;CRITIQUE_MEMOIRES;LITTERAIRE_STANDARD;NEGATIF_CALME;MODERNE_20;0.366;0.00;FRANCAIS
turpitude;ESPRIT_ET_CARACTERE;CRITIQUE_MEMOIRES;TRAGIQUE_DRAMATIQUE;NEUTRE;MODERNE_20;0.317;0.00;FRANCAIS
urbanité;ESPRIT_ET_CARACTERE;CRITIQUE_MEMOIRES;LITTERAIRE_STANDARD;POSITIF_CALME;CLASSIQUE_17_18;0.349;0.00;FRANCAIS
valétudinaire;ESPRIT_ET_CARACTERE;CRITIQUE_MEMOIRES;LITTERAIRE_STANDARD;NEGATIF_CALME;CLASSIQUE_17_18;0.445;0.00;FRANCAIS
velléité;ESPRIT_ET_CARACTERE;CRITIQUE_MEMOIRES;LITTERAIRE_STANDARD;NEGATIF_CALME;CLASSIQUE_17_18;0.030;0.00;FRANCAIS
vergogne;ESPRIT_ET_CARACTERE;CRITIQUE_MEMOIRES;ARCHAIQUE_RECHERCHE;NEGATIF_CALME;CLASSIQUE_17_18;0.030;0.00;FRANCAIS
viateur;ESPRIT_ET_CARACTERE;ROMANESQUE;ARCHAIQUE_RECHERCHE;NEUTRE;CLASSIQUE_17_18;1.000;0.00;FRANCAIS
vilipender;ESPRIT_ET_CARACTERE;CRITIQUE_MEMOIRES;TRAGIQUE_DRAMATIQUE;NEGATIF_EXCITANT;CLASSIQUE_17_18;0.502;0.00;FRANCAIS
vitriolique;ESPRIT_ET_CARACTERE;ROMANESQUE;TRAGIQUE_DRAMATIQUE;NEGATIF_EXCITANT;CLASSIQUE_17_18;0.753;0.00;FRANCAIS
égrotant;ESPRIT_ET_CARACTERE;CRITIQUE_MEMOIRES;LITTERAIRE_STANDARD;NEGATIF_CALME;CLASSIQUE_17_18;0.395;0.00;FRANCAIS
érémitique;ESPRIT_ET_CARACTERE;ESSAI_PHILOSOPHIQUE;LITTERAIRE_STANDARD;NEGATIF_CALME;CLASSIQUE_17_18;0.522;0.00;FRANCAIS
aurore;NATURE_ET_COSMOS;POESIE;POETIQUE_LYRIQUE;POSITIF_CALME;CLASSIQUE_17_18;0.010;0.00;FRANCAIS
clair-obscur;ARTS_ET_LANGAGE;ROMANESQUE;LITTERAIRE_STANDARD;NEUTRE;CLASSIQUE_17_18;0.098;0.00;FRANCAIS
coruscant;NATURE_ET_COSMOS;ROMANESQUE;LITTERAIRE_STANDARD;NEUTRE;CONTEMPORAIN_21;0.040;0.00;FRANCAIS
crépuscule;NATURE_ET_COSMOS;POESIE;POETIQUE_LYRIQUE;NEGATIF_CALME;ROMANTIQUE_19;0.050;0.00;FRANCAIS
diaphane;NATURE_ET_COSMOS;POESIE;POETIQUE_LYRIQUE;POSITIF_CALME;CLASSIQUE_17_18;0.030;0.00;FRANCAIS
exsangue;SENTIMENTS_ET_PSYCHE;ROMANESQUE;TRAGIQUE_DRAMATIQUE;NEGATIF_CALME;MODERNE_20;0.030;0.00;FRANCAIS
fuligineux;PHILOSOPHIE_ET_IDEES;ROMANESQUE;TRAGIQUE_DRAMATIQUE;NEGATIF_CALME;MODERNE_20;0.124;0.00;FRANCAIS
incandescent;NATURE_ET_COSMOS;ROMANESQUE;LITTERAIRE_STANDARD;NEUTRE;ROMANTIQUE_19;0.070;0.00;FRANCAIS
irisé;NATURE_ET_COSMOS;POESIE;POETIQUE_LYRIQUE;POSITIF_CALME;ROMANTIQUE_19;0.230;0.00;FRANCAIS
luminescence;NATURE_ET_COSMOS;ROMANESQUE;POETIQUE_LYRIQUE;NEUTRE;ROMANTIQUE_19;0.619;0.00;FRANCAIS
nimbe;ARTS_ET_LANGAGE;ROMANESQUE;POETIQUE_LYRIQUE;NEUTRE;ROMANTIQUE_19;0.159;0.00;FRANCAIS
opalin;NATURE_ET_COSMOS;POESIE;POETIQUE_LYRIQUE;POSITIF_CALME;ROMANTIQUE_19;0.337;0.00;FRANCAIS
phosphorescence;NATURE_ET_COSMOS;ROMANESQUE;POETIQUE_LYRIQUE;NEUTRE;ROMANTIQUE_19;0.303;0.00;FRANCAIS
purpurine;ARTS_ET_LANGAGE;ROMANESQUE;LITTERAIRE_STANDARD;NEUTRE;ROMANTIQUE_19;0.589;0.00;FRANCAIS
pénombre;NATURE_ET_COSMOS;ROMANESQUE;POETIQUE_LYRIQUE;NEGATIF_CALME;CLASSIQUE_17_18;0.030;0.00;FRANCAIS
ténébreux;SENTIMENTS_ET_PSYCHE;ROMANESQUE;TRAGIQUE_DRAMATIQUE;NEUTRE;ROMANTIQUE_19;0.040;0.00;FRANCAIS
vespéral;NATURE_ET_COSMOS;POESIE;POETIQUE_LYRIQUE;NEUTRE;MODERNE_20;0.598;0.00;FRANCAIS
alcyon;NATURE_ET_COSMOS;ROMANESQUE;POETIQUE_LYRIQUE;NEUTRE;ROMANTIQUE_19;0.210;0.00;FRANCAIS
améthyste;NATURE_ET_COSMOS;ROMANESQUE;LITTERAIRE_STANDARD;NEUTRE;ROMANTIQUE_19;0.339;0.00;FRANCAIS
arachnéen;NATURE_ET_COSMOS;ROMANESQUE;POETIQUE_LYRIQUE;NEUTRE;ROMANTIQUE_19;0.516;0.00;FRANCAIS
auréole;NATURE_ET_COSMOS;ROMANESQUE;LITTERAIRE_STANDARD;NEUTRE;ROMANTIQUE_19;0.020;0.00;FRANCAIS
azur;NATURE_ET_COSMOS;POESIE;POETIQUE_LYRIQUE;NEUTRE;ROMANTIQUE_19;0.000;0.00;ARABE
bocage;NATURE_ET_COSMOS;ROMANESQUE;POETIQUE_LYRIQUE;NEUTRE;CLASSIQUE_17_18;0.010;0.00;FRANCAIS
brume;NATURE_ET_COSMOS;ROMANESQUE;LITTERAIRE_STANDARD;NEUTRE;ROMANTIQUE_19;0.000;0.00;FRANCAIS
bucolique;NATURE_ET_COSMOS;ROMANESQUE;LITTERAIRE_STANDARD;NEUTRE;CLASSIQUE_17_18;0.140;0.00;FRANCAIS
chrysanthème;NATURE_ET_COSMOS;ROMANESQUE;LITTERAIRE_STANDARD;NEUTRE;ROMANTIQUE_19;0.449;0.00;FRANCAIS
chthonien;NATURE_ET_COSMOS;ROMANESQUE;ARCHAIQUE_RECHERCHE;NEUTRE;CLASSIQUE_17_18;0.961;0.00;FRANCAIS
constellation;NATURE_ET_COSMOS;ROMANESQUE;LITTERAIRE_STANDARD;NEUTRE;ROMANTIQUE_19;0.080;0.00;FRANCAIS
corolle;NATURE_ET_COSMOS;ROMANESQUE;LITTERAIRE_STANDARD;NEUTRE;ROMANTIQUE_19;0.020;0.00;FRANCAIS
céleste;NATURE_ET_COSMOS;ROMANESQUE;LITTERAIRE_STANDARD;NEUTRE;ROMANTIQUE_19;0.020;0.00;FRANCAIS
céruléen;NATURE_ET_COSMOS;POESIE;POETIQUE_LYRIQUE;NEUTRE;ROMANTIQUE_19;0.251;0.00;FRANCAIS
dryade;NATURE_ET_COSMOS;ROMANESQUE;LITTERAIRE_STANDARD;NEUTRE;ANTIQUITE;0.359;0.00;FRANCAIS
effluve;NATURE_ET_COSMOS;POESIE;POETIQUE_LYRIQUE;POSITIF_CALME;ROMANTIQUE_19;0.218;0.00;FRANCAIS
empyrée;NATURE_ET_COSMOS;POESIE;POETIQUE_LYRIQUE;POSITIF_CALME;ROMANTIQUE_19;0.210;0.00;FRANCAIS
firmament;NATURE_ET_COSMOS;POESIE;POETIQUE_LYRIQUE;POSITIF_CALME;CLASSIQUE_17_18;0.040;0.00;FRANCAIS
héliotrope;NATURE_ET_COSMOS;ROMANESQUE;LITTERAIRE_STANDARD;NEUTRE;ROMANTIQUE_19;0.358;0.00;FRANCAIS
inflorescence;NATURE_ET_COSMOS;ROMANESQUE;LITTERAIRE_STANDARD;NEUTRE;ROMANTIQUE_19;1.000;0.00;FRANCAIS
labyrinthe;NATURE_ET_COSMOS;ROMANESQUE;LITTERAIRE_STANDARD;NEUTRE;ROMANTIQUE_19;0.050;0.00;FRANCAIS
limpide;NATURE_ET_COSMOS;ROMANESQUE;LITTERAIRE_STANDARD;POSITIF_CALME;CLASSIQUE_17_18;0.020;0.00;FRANCAIS
lustral;NATURE_ET_COSMOS;ROMANESQUE;LITTERAIRE_STANDARD;POSITIF_CALME;CLASSIQUE_17_18;0.225;0.00;FRANCAIS
nadir;NATURE_ET_COSMOS;ROMANESQUE;LITTERAIRE_STANDARD;NEUTRE;MODERNE_20;0.061;0.00;ARABE
nymphe;NATURE_ET_COSMOS;POESIE;POETIQUE_LYRIQUE;NEUTRE;ANTIQUITE;0.010;0.00;FRANCAIS
nébuleux;NATURE_ET_COSMOS;ROMANESQUE;LITTERAIRE_STANDARD;NEGATIF_CALME;ROMANTIQUE_19;0.118;0.00;FRANCAIS
ondine;NATURE_ET_COSMOS;POESIE;POETIQUE_LYRIQUE;NEUTRE;ANTIQUITE;0.349;0.00;FRANCAIS
ondée;NATURE_ET_COSMOS;ROMANESQUE;LITTERAIRE_STANDARD;NEUTRE;CLASSIQUE_17_18;0.013;0.00;FRANCAIS
oscillation;NATURE_ET_COSMOS;ROMANESQUE;LITTERAIRE_STANDARD;NEUTRE;ROMANTIQUE_19;0.060;0.00;FRANCAIS
parvis;NATURE_ET_COSMOS;ROMANESQUE;LITTERAIRE_STANDARD;NEUTRE;CLASSIQUE_17_18;0.010;0.00;FRANCAIS
pistil;NATURE_ET_COSMOS;ROMANESQUE;LITTERAIRE_STANDARD;NEUTRE;ROMANTIQUE_19;0.309;0.00;FRANCAIS
pittoresque;NATURE_ET_COSMOS;ROMANESQUE;LITTERAIRE_STANDARD;NEUTRE;ROMANTIQUE_19;0.060;0.00;FRANCAIS
périgée;NATURE_ET_COSMOS;ROMANESQUE;LITTERAIRE_STANDARD;NEUTRE;ROMANTIQUE_19;0.446;0.00;FRANCAIS
pétale;NATURE_ET_COSMOS;ROMANESQUE;LITTERAIRE_STANDARD;NEUTRE;ROMANTIQUE_19;0.010;0.00;FRANCAIS
pétrichor;NATURE_ET_COSMOS;ROMANESQUE;LITTERAIRE_STANDARD;NEUTRE;CONTEMPORAIN_21;0.040;0.00;FRANCAIS
sidéral;NATURE_ET_COSMOS;ROMANESQUE;LITTERAIRE_STANDARD;NEUTRE;ROMANTIQUE_19;0.145;0.00;FRANCAIS
sillage;NATURE_ET_COSMOS;ROMANESQUE;LITTERAIRE_STANDARD;NEUTRE;ROMANTIQUE_19;0.020;0.00;FRANCAIS
solstice;NATURE_ET_COSMOS;ROMANESQUE;LITTERAIRE_STANDARD;NEUTRE;ROMANTIQUE_19;0.030;0.00;FRANCAIS
sylphide;NATURE_ET_COSMOS;POESIE;POETIQUE_LYRIQUE;NEUTRE;ANTIQUITE;0.655;0.00;FRANCAIS
sépale;NATURE_ET_COSMOS;ROMANESQUE;LITTERAIRE_STANDARD;NEUTRE;ROMANTIQUE_19;1.000;0.00;FRANCAIS
tumulte;SENTIMENTS_ET_PSYCHE;ROMANESQUE;LITTERAIRE_STANDARD;NEGATIF_EXCITANT;ROMANTIQUE_19;0.020;0.00;FRANCAIS
villégiature;NATURE_ET_COSMOS;ROMANESQUE;LITTERAIRE_STANDARD;NEUTRE;CLASSIQUE_17_18;0.070;0.00;FRANCAIS
zodiaque;NATURE_ET_COSMOS;ROMANESQUE;LITTERAIRE_STANDARD;NEUTRE;ROMANTIQUE_19;0.253;0.00;FRANCAIS
zénith;NATURE_ET_COSMOS;ROMANESQUE;LITTERAIRE_STANDARD;NEUTRE;ROMANTIQUE_19;0.010;0.00;ARABE
zéphyr;NATURE_ET_COSMOS;POESIE;POETIQUE_LYRIQUE;NEUTRE;CLASSIQUE_17_18;0.282;0.00;FRANCAIS
éolien;NATURE_ET_COSMOS;POESIE;LITTERAIRE_STANDARD;NEUTRE;CLASSIQUE_17_18;0.080;0.00;FRANCAIS
équinoxe;NATURE_ET_COSMOS;ROMANESQUE;LITTERAIRE_STANDARD;NEUTRE;CLASSIQUE_17_18;0.030;0.00;FRANCAIS
étamine;NATURE_ET_COSMOS;ROMANESQUE;LITTERAIRE_STANDARD;NEUTRE;ROMANTIQUE_19;0.206;0.00;FRANCAIS
éthéré;NATURE_ET_COSMOS;ROMANESQUE;POETIQUE_LYRIQUE;NEUTRE;ROMANTIQUE_19;0.365;0.00;FRANCAIS
abscons;PHILOSOPHIE_ET_IDEES;ROMANESQUE;LITTERAIRE_STANDARD;NEUTRE;CLASSIQUE_17_18;0.203;0.00;FRANCAIS
ambiguïté;PHILOSOPHIE_ET_IDEES;ROMANESQUE;LITTERAIRE_STANDARD;NEUTRE;MODERNE_20;0.040;0.00;FRANCAIS
anathème;PHILOSOPHIE_ET_IDEES;ROMANESQUE;TRAGIQUE_DRAMATIQUE;NEGATIF_EXCITANT;MODERNE_20;0.091;0.00;FRANCAIS
apostasie;PHILOSOPHIE_ET_IDEES;ROMANESQUE;LITTERAIRE_STANDARD;NEUTRE;CLASSIQUE_17_18;0.314;0.00;FRANCAIS
casuistique;PHILOSOPHIE_ET_IDEES;ESSAI_PHILOSOPHIQUE;LITTERAIRE_STANDARD;NEUTRE;CLASSIQUE_17_18;0.276;0.00;FRANCAIS
chimère;PHILOSOPHIE_ET_IDEES;ROMANESQUE;LITTERAIRE_STANDARD;NEGATIF_CALME;ROMANTIQUE_19;0.020;0.00;FRANCAIS
conjecture;PHILOSOPHIE_ET_IDEES;ESSAI_PHILOSOPHIQUE;LITTERAIRE_STANDARD;NEUTRE;CLASSIQUE_17_18;0.331;0.00;FRANCAIS
contingence;PHILOSOPHIE_ET_IDEES;ESSAI_PHILOSOPHIQUE;LITTERAIRE_STANDARD;NEUTRE;CONTEMPORAIN_21;0.415;0.00;FRANCAIS
cryptique;PHILOSOPHIE_ET_IDEES;ROMANESQUE;LITTERAIRE_STANDARD;NEUTRE;MODERNE_20;0.441;0.00;FRANCAIS
dirimant;PHILOSOPHIE_ET_IDEES;ESSAI_PHILOSOPHIQUE;LITTERAIRE_STANDARD;NEUTRE;MODERNE_20;0.396;0.00;FRANCAIS
dogme;PHILOSOPHIE_ET_IDEES;ESSAI_PHILOSOPHIQUE;LITTERAIRE_STANDARD;NEUTRE;ROMANTIQUE_19;0.000;0.00;FRANCAIS
haruspice;PHILOSOPHIE_ET_IDEES;ROMANESQUE;ARCHAIQUE_RECHERCHE;NEUTRE;ANTIQUITE;1.000;0.00;FRANCAIS
hermétique;PHILOSOPHIE_ET_IDEES;ESSAI_PHILOSOPHIQUE;LITTERAIRE_STANDARD;NEUTRE;ROMANTIQUE_19;0.050;0.00;FRANCAIS
heuristique;PHILOSOPHIE_ET_IDEES;ESSAI_PHILOSOPHIQUE;LITTERAIRE_STANDARD;NEUTRE;MODERNE_20;0.380;0.00;FRANCAIS
imbrication;PHILOSOPHIE_ET_IDEES;ROMANESQUE;LITTERAIRE_STANDARD;NEUTRE;CLASSIQUE_17_18;0.359;0.00;FRANCAIS
immanence;PHILOSOPHIE_ET_IDEES;ESSAI_PHILOSOPHIQUE;LITTERAIRE_STANDARD;NEUTRE;CLASSIQUE_17_18;0.557;0.00;FRANCAIS
infrangible;PHILOSOPHIE_ET_IDEES;ESSAI_PHILOSOPHIQUE;LITTERAIRE_STANDARD;NEUTRE;CLASSIQUE_17_18;0.463;0.00;FRANCAIS
intrinsèque;PHILOSOPHIE_ET_IDEES;ESSAI_PHILOSOPHIQUE;LITTERAIRE_STANDARD;NEUTRE;MODERNE_20;0.219;0.00;FRANCAIS
maxime;PHILOSOPHIE_ET_IDEES;ESSAI_PHILOSOPHIQUE;LITTERAIRE_STANDARD;NEUTRE;CLASSIQUE_17_18;0.075;0.00;FRANCAIS
métaphysique;PHILOSOPHIE_ET_IDEES;ESSAI_PHILOSOPHIQUE;LITTERAIRE_STANDARD;NEUTRE;CLASSIQUE_17_18;0.070;0.00;FRANCAIS
noumène;PHILOSOPHIE_ET_IDEES;ESSAI_PHILOSOPHIQUE;LITTERAIRE_STANDARD;NEUTRE;ROMANTIQUE_19;0.713;0.00;FRANCAIS
némésis;PHILOSOPHIE_ET_IDEES;ROMANESQUE;TRAGIQUE_DRAMATIQUE;NEGATIF_EXCITANT;MODERNE_20;0.933;0.00;FRANCAIS
obsidional;PHILOSOPHIE_ET_IDEES;ROMANESQUE;LITTERAIRE_STANDARD;NEUTRE;CLASSIQUE_17_18;0.566;0.00;FRANCAIS
onirique;PHILOSOPHIE_ET_IDEES;ROMANESQUE;POETIQUE_LYRIQUE;POSITIF_CALME;MODERNE_20;0.341;0.00;FRANCAIS
ontologie;PHILOSOPHIE_ET_IDEES;ESSAI_PHILOSOPHIQUE;LITTERAIRE_STANDARD;NEUTRE;MODERNE_20;0.457;0.00;FRANCAIS
ontologique;PHILOSOPHIE_ET_IDEES;ESSAI_PHILOSOPHIQUE;LITTERAIRE_STANDARD;NEUTRE;CLASSIQUE_17_18;0.356;0.00;FRANCAIS
paradigme;PHILOSOPHIE_ET_IDEES;ESSAI_PHILOSOPHIQUE;LITTERAIRE_STANDARD;NEUTRE;MODERNE_20;0.389;0.00;FRANCAIS
présage;PHILOSOPHIE_ET_IDEES;ROMANESQUE;LITTERAIRE_STANDARD;NEGATIF_CALME;CLASSIQUE_17_18;0.020;0.00;FRANCAIS
pythonisse;PHILOSOPHIE_ET_IDEES;ROMANESQUE;ARCHAIQUE_RECHERCHE;NEUTRE;ANTIQUITE;0.493;0.00;FRANCAIS
quintessence;PHILOSOPHIE_ET_IDEES;ROMANESQUE;LITTERAIRE_STANDARD;NEUTRE;MODERNE_20;0.073;0.00;FRANCAIS
scholastique;PHILOSOPHIE_ET_IDEES;ROMANESQUE;ARCHAIQUE_RECHERCHE;NEUTRE;ANTIQUITE;1.000;0.00;FRANCAIS
sibyllin;PHILOSOPHIE_ET_IDEES;ROMANESQUE;LITTERAIRE_STANDARD;NEUTRE;MODERNE_20;0.030;0.00;FRANCAIS
solipsisme;PHILOSOPHIE_ET_IDEES;ESSAI_PHILOSOPHIQUE;LITTERAIRE_STANDARD;NEUTRE;ROMANTIQUE_19;0.592;0.00;FRANCAIS
sophisme;PHILOSOPHIE_ET_IDEES;ESSAI_PHILOSOPHIQUE;LITTERAIRE_STANDARD;NEUTRE;CLASSIQUE_17_18;0.428;0.00;FRANCAIS
stigmate;PHILOSOPHIE_ET_IDEES;ROMANESQUE;LITTERAIRE_STANDARD;NEGATIF_CALME;CLASSIQUE_17_18;0.360;0.00;FRANCAIS
stoïque;PHILOSOPHIE_ET_IDEES;ROMANESQUE;LITTERAIRE_STANDARD;POSITIF_CALME;CLASSIQUE_17_18;0.083;0.00;FRANCAIS
substantifique;PHILOSOPHIE_ET_IDEES;ESSAI_PHILOSOPHIQUE;LITTERAIRE_STANDARD;NEUTRE;CLASSIQUE_17_18;0.556;0.00;FRANCAIS
syllogisme;PHILOSOPHIE_ET_IDEES;ESSAI_PHILOSOPHIQUE;LITTERAIRE_STANDARD;NEUTRE;CLASSIQUE_17_18;0.571;0.00;FRANCAIS
syncrétisme;PHILOSOPHIE_ET_IDEES;ESSAI_PHILOSOPHIQUE;LITTERAIRE_STANDARD;NEUTRE;CLASSIQUE_17_18;0.571;0.00;FRANCAIS
synesthésie;PHILOSOPHIE_ET_IDEES;ROMANESQUE;LITTERAIRE_STANDARD;POSITIF_EXCITANT;MODERNE_20;0.473;0.00;FRANCAIS
sérendipité;PHILOSOPHIE_ET_IDEES;ESSAI_PHILOSOPHIQUE;LITTERAIRE_STANDARD;NEUTRE;CONTEMPORAIN_21;0.441;0.00;ANGLAIS
thaumaturge;PHILOSOPHIE_ET_IDEES;ROMANESQUE;ARCHAIQUE_RECHERCHE;POSITIF_EXCITANT;ANTIQUITE;0.379;0.00;FRANCAIS
transcendance;PHILOSOPHIE_ET_IDEES;ESSAI_PHILOSOPHIQUE;LITTERAIRE_STANDARD;POSITIF_CALME;ROMANTIQUE_19;0.325;0.00;FRANCAIS
truisme;PHILOSOPHIE_ET_IDEES;ESSAI_PHILOSOPHIQUE;LITTERAIRE_STANDARD;NEUTRE;MODERNE_20;0.393;0.00;ANGLAIS
téléologique;PHILOSOPHIE_ET_IDEES;ESSAI_PHILOSOPHIQUE;LITTERAIRE_STANDARD;NEUTRE;CLASSIQUE_17_18;0.571;0.00;FRANCAIS
éclectisme;PHILOSOPHIE_ET_IDEES;ESSAI_PHILOSOPHIQUE;LITTERAIRE_STANDARD;NEUTRE;CLASSIQUE_17_18;0.576;0.00;FRANCAIS
énigmatique;PHILOSOPHIE_ET_IDEES;ROMANESQUE;LITTERAIRE_STANDARD;NEGATIF_CALME;CLASSIQUE_17_18;0.060;0.00;FRANCAIS
épicurien;PHILOSOPHIE_ET_IDEES;ROMANESQUE;LITTERAIRE_STANDARD;POSITIF_CALME;MODERNE_20;0.177;0.00;FRANCAIS
ésotérique;PHILOSOPHIE_ET_IDEES;ROMANESQUE;LITTERAIRE_STANDARD;NEUTRE;CLASSIQUE_17_18;0.178;0.00;FRANCAIS
abattement;SENTIMENTS_ET_PSYCHE;ROMANESQUE;TRAGIQUE_DRAMATIQUE;NEGATIF_CALME;ROMANTIQUE_19;0.050;0.00;FRANCAIS
abnégation;SENTIMENTS_ET_PSYCHE;ROMANESQUE;LITTERAIRE_STANDARD;POSITIF_CALME;CLASSIQUE_17_18;0.050;0.00;FRANCAIS
aboulie;SENTIMENTS_ET_PSYCHE;ROMANESQUE;ARCHAIQUE_RECHERCHE;NEGATIF_CALME;CLASSIQUE_17_18;0.525;0.00;FRANCAIS
accablement;SENTIMENTS_ET_PSYCHE;ROMANESQUE;TRAGIQUE_DRAMATIQUE;NEGATIF_CALME;CLASSIQUE_17_18;0.060;0.00;FRANCAIS
affliction;SENTIMENTS_ET_PSYCHE;ROMANESQUE;TRAGIQUE_DRAMATIQUE;NEGATIF_CALME;ROMANTIQUE_19;0.050;0.00;FRANCAIS
alacrité;SENTIMENTS_ET_PSYCHE;ROMANESQUE;LITTERAIRE_STANDARD;POSITIF_EXCITANT;CLASSIQUE_17_18;0.201;0.00;FRANCAIS
allégresse;SENTIMENTS_ET_PSYCHE;ROMANESQUE;POETIQUE_LYRIQUE;POSITIF_EXCITANT;ROMANTIQUE_19;0.050;0.00;FRANCAIS
anémie;SENTIMENTS_ET_PSYCHE;ROMANESQUE;TRAGIQUE_DRAMATIQUE;NEGATIF_CALME;MODERNE_20;0.090;0.00;FRANCAIS
apathie;SENTIMENTS_ET_PSYCHE;ROMANESQUE;LITTERAIRE_STANDARD;NEGATIF_CALME;ROMANTIQUE_19;0.020;0.00;FRANCAIS
ataraxie;SENTIMENTS_ET_PSYCHE;ESSAI_PHILOSOPHIQUE;POETIQUE_LYRIQUE;NEUTRE;ANTIQUITE;0.626;0.00;FRANCAIS
atone;SENTIMENTS_ET_PSYCHE;ROMANESQUE;LITTERAIRE_STANDARD;NEGATIF_CALME;CLASSIQUE_17_18;0.092;0.00;FRANCAIS
bannissement;SENTIMENTS_ET_PSYCHE;ROMANESQUE;LITTERAIRE_STANDARD;NEGATIF_CALME;CLASSIQUE_17_18;0.161;0.00;FRANCAIS
chagrin;SENTIMENTS_ET_PSYCHE;ROMANESQUE;LITTERAIRE_STANDARD;NEGATIF_CALME;CLASSIQUE_17_18;0.020;0.00;FRANCAIS
claustration;SENTIMENTS_ET_PSYCHE;ROMANESQUE;LITTERAIRE_STANDARD;NEGATIF_CALME;CLASSIQUE_17_18;0.211;0.00;FRANCAIS
commisération;SENTIMENTS_ET_PSYCHE;ROMANESQUE;LITTERAIRE_STANDARD;NEGATIF_CALME;CLASSIQUE_17_18;0.080;0.00;FRANCAIS
concorde;SENTIMENTS_ET_PSYCHE;ROMANESQUE;LITTERAIRE_STANDARD;POSITIF_CALME;CLASSIQUE_17_18;0.030;0.00;FRANCAIS
consternation;SENTIMENTS_ET_PSYCHE;ROMANESQUE;LITTERAIRE_STANDARD;NEGATIF_EXCITANT;CLASSIQUE_17_18;0.080;0.00;FRANCAIS
courroux;SENTIMENTS_ET_PSYCHE;THEATRE;TRAGIQUE_DRAMATIQUE;NEGATIF_EXCITANT;CLASSIQUE_17_18;0.030;0.00;FRANCAIS
cénesthésie;SENTIMENTS_ET_PSYCHE;ROMANESQUE;LITTERAIRE_STANDARD;NEUTRE;ROMANTIQUE_19;1.000;0.00;FRANCAIS
dilection;SENTIMENTS_ET_PSYCHE;ROMANESQUE;LITTERAIRE_STANDARD;POSITIF_CALME;CLASSIQUE_17_18;0.212;0.00;FRANCAIS
dolent;SENTIMENTS_ET_PSYCHE;ROMANESQUE;LITTERAIRE_STANDARD;NEGATIF_CALME;CLASSIQUE_17_18;0.167;0.00;FRANCAIS
désabusé;SENTIMENTS_ET_PSYCHE;ROMANESQUE;LITTERAIRE_STANDARD;NEGATIF_CALME;CLASSIQUE_17_18;0.030;0.00;FRANCAIS
effervescence;SENTIMENTS_ET_PSYCHE;ROMANESQUE;LITTERAIRE_STANDARD;POSITIF_EXCITANT;ROMANTIQUE_19;0.080;0.00;FRANCAIS
exaltation;SENTIMENTS_ET_PSYCHE;ROMANESQUE;LITTERAIRE_STANDARD;POSITIF_EXCITANT;CLASSIQUE_17_18;0.050;0.00;FRANCAIS
extase;SENTIMENTS_ET_PSYCHE;ROMANESQUE;LITTERAIRE_STANDARD;POSITIF_EXCITANT;ROMANTIQUE_19;0.010;0.00;FRANCAIS
ferveur;SENTIMENTS_ET_PSYCHE;ROMANESQUE;LITTERAIRE_STANDARD;POSITIF_EXCITANT;ROMANTIQUE_19;0.020;0.00;FRANCAIS
félicité;SENTIMENTS_ET_PSYCHE;ROMANESQUE;POETIQUE_LYRIQUE;POSITIF_CALME;ROMANTIQUE_19;0.030;0.00;FRANCAIS
heur;SENTIMENTS_ET_PSYCHE;ROMANESQUE;LITTERAIRE_STANDARD;POSITIF_CALME;CLASSIQUE_17_18;0.259;0.00;FRANCAIS
hypocondrie;SENTIMENTS_ET_PSYCHE;ROMANESQUE;LITTERAIRE_STANDARD;NEGATIF_CALME;CLASSIQUE_17_18;0.442;0.00;FRANCAIS
idylle;SENTIMENTS_ET_PSYCHE;ROMANESQUE;POETIQUE_LYRIQUE;POSITIF_CALME;CLASSIQUE_17_18;0.010;0.00;FRANCAIS
indolence;SENTIMENTS_ET_PSYCHE;ROMANESQUE;POETIQUE_LYRIQUE;NEGATIF_CALME;ROMANTIQUE_19;0.040;0.00;FRANCAIS
inextinguible;SENTIMENTS_ET_PSYCHE;ROMANESQUE;LITTERAIRE_STANDARD;POSITIF_EXCITANT;CLASSIQUE_17_18;0.235;0.00;FRANCAIS
inimitié;SENTIMENTS_ET_PSYCHE;ROMANESQUE;LITTERAIRE_STANDARD;NEGATIF_EXCITANT;CLASSIQUE_17_18;0.119;0.00;FRANCAIS
insatiable;SENTIMENTS_ET_PSYCHE;ROMANESQUE;LITTERAIRE_STANDARD;NEGATIF_EXCITANT;CLASSIQUE_17_18;0.050;0.00;FRANCAIS
insouciance;SENTIMENTS_ET_PSYCHE;ROMANESQUE;LITTERAIRE_STANDARD;POSITIF_CALME;CLASSIQUE_17_18;0.060;0.00;FRANCAIS
jubilation;SENTIMENTS_ET_PSYCHE;ROMANESQUE;LITTERAIRE_STANDARD;POSITIF_EXCITANT;CLASSIQUE_17_18;0.050;0.00;FRANCAIS
langoureux;SENTIMENTS_ET_PSYCHE;ROMANESQUE;LITTERAIRE_STANDARD;NEGATIF_CALME;ROMANTIQUE_19;0.050;0.00;FRANCAIS
langueur;SENTIMENTS_ET_PSYCHE;ROMANESQUE;POETIQUE_LYRIQUE;NEGATIF_CALME;ROMANTIQUE_19;0.030;0.00;FRANCAIS
lascif;SENTIMENTS_ET_PSYCHE;ROMANESQUE;POETIQUE_LYRIQUE;NEGATIF_CALME;ROMANTIQUE_19;0.170;0.00;FRANCAIS
léthargie;SENTIMENTS_ET_PSYCHE;ROMANESQUE;LITTERAIRE_STANDARD;NEGATIF_CALME;ROMANTIQUE_19;0.040;0.00;FRANCAIS
miséricorde;SENTIMENTS_ET_PSYCHE;ROMANESQUE;LITTERAIRE_STANDARD;POSITIF_CALME;CLASSIQUE_17_18;0.060;0.00;FRANCAIS
morose;SENTIMENTS_ET_PSYCHE;ROMANESQUE;TRAGIQUE_DRAMATIQUE;NEGATIF_CALME;ROMANTIQUE_19;0.010;0.00;FRANCAIS
mélancolie;SENTIMENTS_ET_PSYCHE;ROMANESQUE;POETIQUE_LYRIQUE;NEGATIF_CALME;ROMANTIQUE_19;0.050;0.00;FRANCAIS
neurasthénie;SENTIMENTS_ET_PSYCHE;ROMANESQUE;TRAGIQUE_DRAMATIQUE;NEGATIF_CALME;MODERNE_20;0.149;0.00;FRANCAIS
neurasthénique;SENTIMENTS_ET_PSYCHE;ROMANESQUE;LITTERAIRE_STANDARD;NEGATIF_CALME;MODERNE_20;0.222;0.00;FRANCAIS
nostalgie;SENTIMENTS_ET_PSYCHE;ROMANESQUE;LITTERAIRE_STANDARD;NEGATIF_CALME;ROMANTIQUE_19;0.040;0.00;FRANCAIS
nostalgique;SENTIMENTS_ET_PSYCHE;ROMANESQUE;LITTERAIRE_STANDARD;NEGATIF_CALME;ROMANTIQUE_19;0.060;0.00;FRANCAIS
paresthésie;SENTIMENTS_ET_PSYCHE;ROMANESQUE;LITTERAIRE_STANDARD;NEGATIF_CALME;ROMANTIQUE_19;0.822;0.00;FRANCAIS
perplexité;SENTIMENTS_ET_PSYCHE;ROMANESQUE;LITTERAIRE_STANDARD;NEGATIF_CALME;CLASSIQUE_17_18;0.050;0.00;FRANCAIS
placidité;SENTIMENTS_ET_PSYCHE;ROMANESQUE;LITTERAIRE_STANDARD;POSITIF_CALME;CLASSIQUE_17_18;0.040;0.00;FRANCAIS
pétulant;SENTIMENTS_ET_PSYCHE;ROMANESQUE;LITTERAIRE_STANDARD;POSITIF_EXCITANT;ROMANTIQUE_19;0.442;0.00;FRANCAIS
quiétude;SENTIMENTS_ET_PSYCHE;ROMANESQUE;POETIQUE_LYRIQUE;POSITIF_CALME;ROMANTIQUE_19;0.030;0.00;FRANCAIS
résilience;SENTIMENTS_ET_PSYCHE;ROMANESQUE;LITTERAIRE_STANDARD;POSITIF_CALME;MODERNE_20;0.382;0.00;FRANCAIS
solitaire;SENTIMENTS_ET_PSYCHE;ROMANESQUE;LITTERAIRE_STANDARD;NEGATIF_CALME;ROMANTIQUE_19;0.040;0.00;FRANCAIS
somatisation;SENTIMENTS_ET_PSYCHE;ROMANESQUE;LITTERAIRE_STANDARD;NEGATIF_CALME;MODERNE_20;0.667;0.00;FRANCAIS
spleen;SENTIMENTS_ET_PSYCHE;POESIE;POETIQUE_LYRIQUE;NEGATIF_CALME;ROMANTIQUE_19;0.039;0.00;ANGLAIS
spleenétique;SENTIMENTS_ET_PSYCHE;ROMANESQUE;LITTERAIRE_STANDARD;NEGATIF_CALME;ROMANTIQUE_19;1.000;0.00;FRANCAIS
stupeur;SENTIMENTS_ET_PSYCHE;ROMANESQUE;TRAGIQUE_DRAMATIQUE;NEGATIF_EXCITANT;CLASSIQUE_17_18;0.020;0.00;FRANCAIS
séquestration;SENTIMENTS_ET_PSYCHE;ROMANESQUE;LITTERAIRE_STANDARD;NEGATIF_EXCITANT;CLASSIQUE_17_18;0.281;0.00;FRANCAIS
sérénité;SENTIMENTS_ET_PSYCHE;ROMANESQUE;POETIQUE_LYRIQUE;POSITIF_CALME;CLASSIQUE_17_18;0.030;0.00;FRANCAIS
torpeur;SENTIMENTS_ET_PSYCHE;ROMANESQUE;POETIQUE_LYRIQUE;NEGATIF_CALME;CLASSIQUE_17_18;0.020;0.00;FRANCAIS
venimeux;SENTIMENTS_ET_PSYCHE;ROMANESQUE;LITTERAIRE_STANDARD;NEGATIF_EXCITANT;CLASSIQUE_17_18;0.030;0.00;FRANCAIS
volupté;SENTIMENTS_ET_PSYCHE;POESIE;POETIQUE_LYRIQUE;POSITIF_CALME;ROMANTIQUE_19;0.020;0.00;FRANCAIS
équanimité;SENTIMENTS_ET_PSYCHE;ROMANESQUE;LITTERAIRE_STANDARD;POSITIF_CALME;MODERNE_20;0.402;0.00;FRANCAIS
ancestral;PHILOSOPHIE_ET_IDEES;ROMANESQUE;LITTERAIRE_STANDARD;NEUTRE;CLASSIQUE_17_18;0.051;0.00;FRANCAIS
antédiluvien;PHILOSOPHIE_ET_IDEES;ROMANESQUE;LITTERAIRE_STANDARD;NEGATIF_CALME;MODERNE_20;0.258;0.00;FRANCAIS
apogée;PHILOSOPHIE_ET_IDEES;ROMANESQUE;LITTERAIRE_STANDARD;POSITIF_EXCITANT;CLASSIQUE_17_18;0.010;0.00;FRANCAIS
caduc;PHILOSOPHIE_ET_IDEES;ROMANESQUE;ARCHAIQUE_RECHERCHE;NEUTRE;CLASSIQUE_17_18;0.143;0.00;FRANCAIS
caducité;PHILOSOPHIE_ET_IDEES;ROMANESQUE;LITTERAIRE_STANDARD;NEGATIF_CALME;ROMANTIQUE_19;0.723;0.00;FRANCAIS
célérité;ESPRIT_ET_CARACTERE;ROMANESQUE;LITTERAIRE_STANDARD;POSITIF_EXCITANT;ROMANTIQUE_19;0.059;0.00;FRANCAIS
déliquescence;PHILOSOPHIE_ET_IDEES;ROMANESQUE;TRAGIQUE_DRAMATIQUE;NEGATIF_CALME;ROMANTIQUE_19;0.550;0.00;FRANCAIS
désuet;ARTS_ET_LANGAGE;ROMANESQUE;LITTERAIRE_STANDARD;NEUTRE;MODERNE_20;0.010;0.00;FRANCAIS
fugace;SENTIMENTS_ET_PSYCHE;ROMANESQUE;LITTERAIRE_STANDARD;NEGATIF_CALME;ROMANTIQUE_19;0.010;0.00;FRANCAIS
hécatombe;PHILOSOPHIE_ET_IDEES;ROMANESQUE;TRAGIQUE_DRAMATIQUE;NEGATIF_EXCITANT;CLASSIQUE_17_18;0.100;0.00;FRANCAIS
imminent;PHILOSOPHIE_ET_IDEES;ROMANESQUE;LITTERAIRE_STANDARD;NEGATIF_EXCITANT;CLASSIQUE_17_18;0.030;0.00;FRANCAIS
immuable;PHILOSOPHIE_ET_IDEES;ROMANESQUE;LITTERAIRE_STANDARD;NEUTRE;CLASSIQUE_17_18;0.030;0.00;FRANCAIS
immémorial;PHILOSOPHIE_ET_IDEES;ROMANESQUE;LITTERAIRE_STANDARD;NEUTRE;CLASSIQUE_17_18;0.061;0.00;FRANCAIS
inexorable;PHILOSOPHIE_ET_IDEES;ROMANESQUE;TRAGIQUE_DRAMATIQUE;NEGATIF_EXCITANT;CLASSIQUE_17_18;0.050;0.00;FRANCAIS
intemporel;PHILOSOPHIE_ET_IDEES;ROMANESQUE;LITTERAIRE_STANDARD;NEUTRE;ROMANTIQUE_19;0.214;0.00;FRANCAIS
jadis;PHILOSOPHIE_ET_IDEES;ROMANESQUE;LITTERAIRE_STANDARD;NEUTRE;CLASSIQUE_17_18;0.000;0.00;FRANCAIS
millénaire;PHILOSOPHIE_ET_IDEES;ROMANESQUE;LITTERAIRE_STANDARD;NEUTRE;ROMANTIQUE_19;0.050;0.00;FRANCAIS
obsolescence;PHILOSOPHIE_ET_IDEES;ROMANESQUE;LITTERAIRE_STANDARD;NEUTRE;MODERNE_20;0.584;0.00;FRANCAIS
obsolète;PHILOSOPHIE_ET_IDEES;ROMANESQUE;LITTERAIRE_STANDARD;NEUTRE;MODERNE_20;0.080;0.00;FRANCAIS
précurseur;PHILOSOPHIE_ET_IDEES;ROMANESQUE;LITTERAIRE_STANDARD;NEUTRE;MODERNE_20;0.050;0.00;FRANCAIS
prémices;NATURE_ET_COSMOS;ROMANESQUE;LITTERAIRE_STANDARD;NEUTRE;ROMANTIQUE_19;0.030;0.00;FRANCAIS
périssable;PHILOSOPHIE_ET_IDEES;ROMANESQUE;TRAGIQUE_DRAMATIQUE;NEGATIF_CALME;CLASSIQUE_17_18;0.050;0.00;FRANCAIS
réminiscence;SENTIMENTS_ET_PSYCHE;ROMANESQUE;LITTERAIRE_STANDARD;NEGATIF_CALME;CLASSIQUE_17_18;0.078;0.00;FRANCAIS
sénescence;PHILOSOPHIE_ET_IDEES;ROMANESQUE;LITTERAIRE_STANDARD;NEGATIF_CALME;CLASSIQUE_17_18;0.599;0.00;FRANCAIS
transitoire;PHILOSOPHIE_ET_IDEES;ROMANESQUE;LITTERAIRE_STANDARD;NEGATIF_CALME;CLASSIQUE_17_18;0.201;0.00;FRANCAIS
trépas;PHILOSOPHIE_ET_IDEES;ROMANESQUE;ARCHAIQUE_RECHERCHE;NEUTRE;CLASSIQUE_17_18;0.046;0.00;FRANCAIS
vicissitude;PHILOSOPHIE_ET_IDEES;ROMANESQUE;LITTERAIRE_STANDARD;NEGATIF_CALME;MODERNE_20;0.461;0.00;FRANCAIS
éphémère;SENTIMENTS_ET_PSYCHE;ROMANESQUE;POETIQUE_LYRIQUE;NEGATIF_CALME;CLASSIQUE_17_18;0.030;0.00;FRANCAIS
évanescent;SENTIMENTS_ET_PSYCHE;POESIE;POETIQUE_LYRIQUE;NEGATIF_CALME;ROMANTIQUE_19;0.244;0.00;FRANCAIS
