mot;pertinence;complexite;theme;définition;etymologie;exemple;synonymes
funambule;5;Débutant;Art & Langage;"Acrobate marchant sur un fil de fer tendu ; au figuré, personne qui avance dans un équilibre précaire.";"Du latin ""funis"" (corde) et ""ambulare"" (marcher).";L'artiste de rue captivait les passants par ses pas de funambule.;acrobate, équilibriste
connivence;5;Débutant;Esprit & Caractère;Entente secrète, souvent coupable, faite de complicité tacite ou de complaisance.;"Du latin ""connivere"" (fermer les yeux, cligner de connivence).";Un sourire de connivence s'échangea entre les deux complices.;complicité, entente, collusion, accord
flâneur;5;Débutant;Esprit & Caractère;Personne qui se promène sans but précis, au gré de ses inspirations.;"Du vieux scandinave ""flana"" (errer sans but).";Baudelaire a érigé la figure du flâneur parisien en idéal de poésie moderne.;promeneur, rêveur, badaud
crépuscule;5;Débutant;Lumière & Ombres;Lueur faible et incertaine qui suit le coucher du soleil et précède la nuit.;"Du latin ""crepusculum"" (crépuscule).";Les ombres s'étirent et s'adoucissent à l'heure du crépuscule.;pénombre, tombée du jour, déclin
incandescent;5;Débutant;Lumière & Ombres;"Rendu lumineux et brillant par une chaleur extrême ; ardent.";"Du latin ""incandescere"" (devenir blanc de chaleur).";La lave incandescente s'écoulait doucement le long des flancs du volcan.;ardent, brûlant, lumineux, flamboyant
bucolique;5;Débutant;Nature & Cosmos;Qui évoque la vie des bergers, la nature champêtre et la paix des campagnes.;"Du grec ""boukolos"" (bouvier, gardien de bœufs).";Ils firent une sieste bucolique au bord du ruisseau chantant.;champêtre, pastoral, rustique, idyllique
zéphyr;5;Débutant;Nature & Cosmos;Brise douce, agréable et printanière.;De Zéphyr, divinité grecque personnifiant le vent d'ouest printanier.;Un zéphyr caressait les fleurs blanches du pommier.;brise, vent doux, souffle
chimère;5;Débutant;Philosophie & Idées;"Rêve ou projet séduisant mais irréalisable ; utopie vaine.";"Du grec ""khimaira"" (chèvre, monstre fabuleux).";Poursuivre la fortune absolue est une chimère qui égare les hommes.;illusion, utopie, rêve, mirage
onirique;5;Débutant;Philosophie & Idées;Qui a rapport au rêve ou semble sorti tout droit d'un songe fantastique.;"Du grec ""oneiros"" (rêve).";Le réalisateur a créé une atmosphère onirique particulièrement envoûtante.;rêvé, chimérique, imaginaire, poétique
abnégation;5;Débutant;Sentiments & Psyché;Sacrifice volontaire de soi-même, de son intérêt ou de ses désirs pour autrui ou pour une cause.;"Du latin ""abnegatio"" (action de nier, de refuser).";Faire preuve d'abnégation dans les moments difficiles est la marque des grands esprits.;sacrifice, dévouement, renoncement
idylle;5;Débutant;Sentiments & Psyché;Aventure amoureuse tendre, naïve et poétique dans un cadre champêtre.;"Du grec ""eidyllion"" (petit poème champêtre).";Leur idylle d'été s'acheva doucement avec la rentrée des classes.;amour, romance, bergerie, amourette
mélancolie;5;Débutant;Sentiments & Psyché;"Tristesse douce et rêveuse sans cause bien définie ; propice à la poésie.";"Du grec ""melankholia"" (bile noire, humeur de la tristesse).";L'automne inspire souvent une douce mélancolie au crépuscule.;spleen, nostalgie, tristesse, vague à l'âme
nostalgie;5;Débutant;Sentiments & Psyché;Regret mélancolique d'une époque heureuse disparue ou du pays natal lointain.;"Du grec ""nostos"" (retour) et ""algos"" (douleur, tristesse).";La vieille chanson réveilla en lui une nostalgie poignante de son enfance.;mélancolie, regret, spleen, souvenir
quiétude;5;Débutant;Sentiments & Psyché;État de paix profonde, de sérénité et d'absence totale d'inquiétude.;"Du latin ""quietudo"" (tranquillité, repos).";La quiétude de cette clairière sauvage n'était troublée que par le bourdonnement des abeilles.;sérénité, calme, tranquillité, paix
sérénité;5;Débutant;Sentiments & Psyché;État de calme parfait, de paix morale inaltérable et de clarté d'esprit.;"Du latin ""serenitas"" (clarté du ciel).";Elle abordait la vieillesse avec une sérénité rassurante.;calme, paix, quiétude, placidité
volupté;5;Débutant;Sentiments & Psyché;Plaisir intense et raffiné des sens ou de l'esprit.;"Du latin ""voluptas"" (plaisir).";Écouter Chopin sous la pluie procure une volupté singulière.;plaisir, volupté, délice, sensualité
apogée;5;Débutant;Temps & Éphémère;Le point le plus élevé, le sommet ou le degré suprême de la gloire, de la puissance ou de la beauté.;"Du grec ""apogeios"" (éloigné de la terre).";L'Empire romain était à son apogée sous le règne de Trajan.;sommet, zénith, acmé, summum, point culminant
désuet;5;Débutant;Temps & Éphémère;Qui est sorti de l'usage moderne tout en conservant un charme poétique ou ancien.;"Du latin ""desuetus"" (qui a perdu l'habitude de).";L'utilisation de la plume d'oie a un parfum désuet particulièrement romantique.;obsolète, archaïque, démodé, suranné
inexorable;5;Débutant;Temps & Éphémère;"Que l'on ne peut fléchir par des prières ; fatal et inévitable.";"Du latin ""inexorabilis"" (insensible aux supplications).";Le temps poursuit son cours inexorable sans se soucier des regrets.;fatal, implacable, inévitable, inflexible
éphémère;5;Débutant;Temps & Éphémère;"Qui ne dure qu'un jour, un instant ; d'une existence passagère.";"Du grec ""ephêmeros"" (qui dure un jour).";La beauté des roses est éphémère mais laisse un souvenir impérissable.;fugace, passager, temporaire, évanescent
cantilène;5;Intermédiaire;Art & Langage;Chant, poème ou complainte douce, simple et généralement teintée de tristesse.;"Du latin ""cantilena"" (petite chanson).";Elle fredonnait une cantilène ancienne pour endormir l'enfant.;complainte, romance, mélopée, chanson
faconde;5;Intermédiaire;Art & Langage;Facilité d'élocution abondante, parfois pompeuse ou excessive.;"Du latin ""facundia"" (éloquence facile).";Sa faconde d'orateur parvenait à captiver le public le plus rebelle.;verve, volubilité, éloquence, babil
mélopée;5;Intermédiaire;Art & Langage;Chant, poème ou déclamation monotone, triste et cadencée.;"Du grec ""melopoia"" (création de chants).";La mélopée lointaine des vagues berçait les nuits du gardien de phare.;cantilène, plainte, psalmodie, chant
élégiaque;5;Intermédiaire;Art & Langage;Qui présente un caractère de tristesse mélancolique, de complainte poétique.;"Du grec ""elegeia"" (chant de deuil, élégie).";Ses derniers poèmes ont un ton élégiaque profondément touchant.;mélancolique, plaintif, nostalgique, triste
acrimonie;5;Intermédiaire;Esprit & Caractère;Humeur aigre et agressive qui s'exprime par des paroles acerbes ou blessantes.;"Du latin ""acrimonia"" (aigreur, piquant).";Elle répondit avec une pointe d'acrimonie qu'on ne l'y prendrait plus.;aigreur, amertume, causticité, hargne
magnanime;5;Intermédiaire;Esprit & Caractère;Enclin à pardonner généreusement et à faire preuve de grandeur d'âme.;"Du latin ""magnanimus"" (grand d'âme).";Le vainqueur magnanime épargna la vie des prisonniers rebelles.;généreux, noble, clément, indulgent
mansuétude;5;Intermédiaire;Esprit & Caractère;Douceur de caractère attentive, bienveillante et encline au pardon.;"Du latin ""mansuetudo"" (douceur, apprivoisement).";Il écouta les excuses de son ami avec une grande mansuétude.;clémence, bonté, indulgence, douceur
outrecuidance;5;Intermédiaire;Esprit & Caractère;"Audace présomptueuse issue d'une confiance excessive en soi-même ; orgueil insolent.";"Du vieux français ""cuidier"" (penser, croire) avec préfixe excessif ""outre"".";Il eut l'outrecuidance de contredire le maître devant toute la classe.;orgueil, présomption, arrogance, insolence
parangon;5;Intermédiaire;Esprit & Caractère;Exemple suprême ou modèle de comparaison d'une vertu ou d'une qualité (ex: un parangon de vertu).;"De l'espagnol ""parangon"" (comparaison, modèle).";Cet homme politique est considéré comme le parangon de l'honnêteté.;modèle, idéal, archétype, exemple
turpitude;5;Intermédiaire;Esprit & Caractère;Action ou parole particulièrement basse, ignoble et honteuse.;"Du latin ""turpitudo"" (laideur, honte).";Il s'efforçait de cacher ses turpitudes derrière un masque respectueux.;bassesse, infamie, ignominie, vice
urbanité;5;Intermédiaire;Esprit & Caractère;Politesse raffinée, courtoise et teintée de respect social.;"Du latin ""urbanitas"" (manières polies des citadins de Rome, opposées à la rusticité).";Il reçut ses invités avec une urbanité exquise qui charma tout le monde.;courtoisie, politesse, civilité, affabilité
velléité;5;Intermédiaire;Esprit & Caractère;Intention ou désir timide qui ne se traduit par aucune action concrète.;"Du latin ""velle"" (vouloir).";Il n'avait que des velléités d'écriture, sans jamais terminer un chapitre.;intention, caprice, désir timide
diaphane;5;Intermédiaire;Lumière & Ombres;"Qui laisse passer la lumière sans permettre de distinguer nettement les formes ; translucide.";"Du grec ""diaphanes"" (transparent).";Sa peau diaphane la faisait ressembler à une madone de la Renaissance.;translucide, transparent, cristallin, vaporeux
exsangue;5;Intermédiaire;Lumière & Ombres;"Qui est vidé de son sang ; au figuré, pâle et privé de toute force ou énergie.";"Du latin ""exsanguis"" (sans sang).";Il revint du front de guerre le visage blême et l'esprit exsangue.;blême, épuisé, exténué, pâle
opalin;5;Intermédiaire;Lumière & Ombres;Qui présente l'aspect ou les reflets laiteux et irisés de l'opale.;"Du latin ""opalus"" (opale).";Le ciel opalin du petit matin annonçait une journée de brouillard.;nacré, irisé, laiteux, diaphane
arachnéen;5;Intermédiaire;Nature & Cosmos;D'une finesse, d'une légèreté et d'une transparence comparables à une toile d'araignée.;"Du grec ""arakhnê"" (araignée).";Un voile arachnéen flottait au-dessus de son visage, adoucissant ses traits.;délicat, vaporeux, fin, ténu, aérien
céruléen;5;Intermédiaire;Nature & Cosmos;Qui est d'un bleu azur, clair et limpide comme le ciel ou la mer la plus pure.;"Du latin ""caeruleus"" (bleu sombre, bleu du ciel).";Elle plongea ses yeux dans le regard céruléen de son interlocuteur.;azur, bleu, céleste
effluve;5;Intermédiaire;Nature & Cosmos;Émanation douce, volatile et généralement odorante (ex: effluves de lavande).;"Du latin ""effluvium"" (écoulement).";Les douces effluves du café chaud envahissaient la cuisine au matin.;parfum, odeur, émanation, senteur
ondine;5;Intermédiaire;Nature & Cosmos;Nymphe ou génie des eaux dans la mythologie germanique et nordique.;"Du latin ""unda"" (flot, vague).";L'ondine peignait ses longs cheveux blonds assise sur un rocher humide.;nymphe, sirène, naïade
villégiature;5;Intermédiaire;Nature & Cosmos;Séjour de repos et de détente passé à la campagne, à la mer ou à la montagne.;"De l'italien ""villeggiatura"" (séjour à la villa de campagne).";Ils passaient leurs mois de villégiature dans un chalet des Alpes.;vacances, séjour, repos
éthéré;5;Intermédiaire;Nature & Cosmos;Qui est d'une pureté et d'une légèreté presque céleste, détaché de la matière.;"Du grec ""aither"" (air le plus pur des hauteurs célestes).";Une beauté éthérée se dégageait de ses toiles vaporeuses.;céleste, pur, aérien, impalpable, angélique
infrangible;5;Intermédiaire;Philosophie & Idées;"Qu'on ne peut briser physiquement ou moralement ; indestructible.";"Du latin ""infrangibilis"" (qu'on ne peut rompre).";Un lien infrangible d'amitié unissait les deux compagnons d'armes.;indestructible, incassable, solide, indissoluble
quintessence;5;Intermédiaire;Philosophie & Idées;L'essence la plus pure, concentrée et parfaite d'une substance ou d'une idée.;"Du latin ""quinta essentia"" (la cinquième essence des alchimistes, après les quatre éléments).";Cet opéra est la quintessence du romantisme musical de l'époque.;essence, moelle, cœur, élixir
sibyllin;5;Intermédiaire;Philosophie & Idées;Dont le sens est obscur, mystérieux ou présente un double sens caché.;De la Sibylle, prêtresse de l'Antiquité rendant des oracles énigmatiques.;Ses propos sibyllins laissèrent la foule dans une profonde perplexité.;énigmatique, mystérieux, hermétique, obscur
alacrité;5;Intermédiaire;Sentiments & Psyché;Gaieté vive, entraînante et pleine de jeunesse d'esprit.;"Du latin ""alacritas"" (gaieté, ardeur).";Le vieil homme se mit en route avec une alacrité surprenante pour son âge.;gaieté, entrain, vivacité, allégresse
félicité;5;Intermédiaire;Sentiments & Psyché;Bonheur suprême, complet et paisible de l'esprit.;"Du latin ""felicitas"" (bonheur, chance).";Les jeunes mariés savouraient des jours d'une douce félicité.;béatitude, béatitude, joie, contentement
indolence;5;Intermédiaire;Sentiments & Psyché;"Disposition naturelle à éviter l'effort physique ou moral ; paresse douce.";"Du latin ""indolentia"" (absence de douleur).";Elle s'étira avec une indolence de félin au soleil de midi.;nonchalance, paresse, apathie, oisiveté
langueur;5;Intermédiaire;Sentiments & Psyché;État physique ou moral de faiblesse agréable propice à la mélancolie amoureuse.;"Du latin ""languor"" (fatigue douce, maladie).";Les jours d'été s'écoulaient dans une langueur pleine de songes.;indolence, fatigue douce, alanguissement
spleen;5;Intermédiaire;Sentiments & Psyché;Mélancolie sans cause définie, ennui profond et dégoût de la vie.;"De l'anglais ""spleen"" (rate, siège supposé de la mélancolie).";Le spleen de Baudelaire exprime la blessure de l'âme face au monde réel.;mélancolie, ennui, cafard, vague à l'âme
fugace;5;Intermédiaire;Temps & Éphémère;Qui s'enfuit ou s'évanouit très rapidement, difficile à saisir au vol.;"Du latin ""fugax"" (enclin à fuir).";Il aperçut une ombre fugace glisser discrètement derrière le rideau.;éphémère, rapide, transitoire, passager
prémices;5;Intermédiaire;Temps & Éphémère;"Les tout premiers fruits de la terre offerts aux dieux ; au figuré, premiers signes d'un événement.";"Du latin ""primitiae"" (premiers fruits, prémices).";Le débourrement des bourgeons est l'une des prémices attendues du printemps.;débuts, prélude, commencements, prémices
réminiscence;5;Intermédiaire;Temps & Éphémère;Retour vague d'un souvenir à la conscience, sans effort volontaire.;"Du latin ""reminiscentia"" (action de se souvenir).";L'odeur des lilas provoqua chez elle une réminiscence de ses étés d'enfance.;souvenir, évocation, trace, mémoire
vicissitude;5;Intermédiaire;Temps & Éphémère;Changements successifs et imprévisibles de la vie, souvent malheureux.;"Du latin ""vicissitudo"" (alternance, changement).";Malgré les vicissitudes de l'existence, elle conserva son beau sourire.;aléa, vicissitude, changement, épreuve
évanescent;5;Intermédiaire;Temps & Éphémère;Qui s'efface ou disparaît doucement, comme de la fumée dans l'air.;"Du latin ""evanescere"" (s'évanouir).";Les souvenirs d'enfance sont parfois évanescents comme des songes.;fugace, éphémère, impalpable, vaporeux
libation;5;Expert;Art & Langage;Action de répandre un liquide sacré (vin, lait) en offrande solennelle à une divinité.;"Du latin ""libatio"" (offrande de boisson).";Les prêtres offrirent des libations de miel aux dieux de l'Olympe.;offrande, sacrifice, beuverie (familier)
palimpseste;5;Expert;Art & Langage;Parchemin ancien dont on a effacé la première écriture pour y peindre un nouveau texte.;"Du grec ""palimpsestos"" (gratté à nouveau).";La mémoire humaine est un palimpseste où s'empilent les souvenirs effacés.;manuscrit, parchemin, mémoire
vélin;5;Expert;Art & Langage;Peau de veau mort-né, extrêmement fine et lisse, servant à calligraphier des manuscrits précieux.;"Ancien français ""velin"" (de veau).";Ce missel de luxe était entièrement écrit sur du vélin pur.;parchemin, peau
longanimité;5;Expert;Esprit & Caractère;Patience et indulgence patiente face aux épreuves, aux provocations ou aux offenses.;"Du latin ""longanimitas"" (grandeur d'âme qui endure longtemps).";La longanimité de cet enseignant face aux élèves rebelles forçait le respect.;patience, clémence, indulgence, grandeur d'âme
pusillanime;5;Expert;Esprit & Caractère;Qui manque d'audace, de courage moral et recule devant les moindres difficultés.;"Du latin ""pusillus"" (tout petit, mesquin) et ""animus"" (esprit, courage).";Son comportement pusillanime l'empêcha de s'opposer à la décision injuste de son chef.;timoré, lâche, craintif, irrésolu
sycophante;5;Expert;Esprit & Caractère;Personne hypocrite qui agit par délation calomnieuse et sournoise.;"Du grec ""sukophantes"" (celui qui dénonce les voleurs de figues à Athènes).";Méfie-toi de ce sycophante qui murmure des calomnies à l'oreille du patron.;délateur, dénonciateur, traître, calomniateur
thuriféraire;5;Expert;Esprit & Caractère;"Clergé chargé de porter l'encensoir ; au figuré, flatteur outrancier et servile.";"Du latin ""thuris"" (encens) et ""ferre"" (porter).";Les thuriféraires du président louaient la moindre de ses décisions.;flatteur, adulateur, courtisan, encenseur
valétudinaire;5;Expert;Esprit & Caractère;Se dit d'une personne dont la santé est fragile, chancelante et sujette aux maladies.;"Du latin ""valetudinarius"" (malade, infirme).";Ce vieil homme valétudinaire ne sortait plus guère de sa chambre.;maladif, égrotant, souffreteux, fragile
coruscant;5;Expert;Lumière & Ombres;"Qui brille d'un éclat vif et scintillant ; par extension, brillant de raffinement intellectuel.";"Du latin ""coruscans"" (scintillant, flamboyant).";Il éblouit le salon avec son esprit coruscant et ses répliques ciselées.;scintillant, brillant, flamboyant, étincelant
fuligineux;5;Expert;Lumière & Ombres;"Qui rappelle la suie ou la fumée épaisse ; au figuré, confus et obscur.";"Du latin ""fuligo"" (suie).";Son esprit encombré formulait des idées particulièrement fuligineuses.;sombre, obscur, confus, brumeux
vespéral;5;Expert;Lumière & Ombres;"Qui concerne ou se produit durant le soir ; crépusculaire.";"Du latin ""vesper"" (le soir).";Les oiseaux chantaient leur prière vespérale sous la fraîcheur naissante.;crépusculaire, nocturne
chthonien;5;Expert;Nature & Cosmos;Relatif aux profondeurs de la terre, aux enfers ou aux forces souterraines primitives.;"Du grec ""khthon"" (la terre).";Les rituels chthoniens étaient dédiés à Déméter pour assurer les récoltes.;souterrain, infernal, tellurique
empyrée;5;Expert;Nature & Cosmos;Dans l'Antiquité, la partie la plus élevée du ciel, séjour de la lumière et des dieux.;"Du grec ""empuros"" (brûlant, embrasé).";Les philosophes grecs plaçaient les Idées parfaites dans l'empyrée.;ciel, paradis, olympe
lustral;5;Expert;Nature & Cosmos;Qui sert à purifier rituellement (ex: l'eau lustrale).;"Du latin ""lustrum"" (sacrifice de purification tous les cinq ans).";Le prêtre aspergea l'autel d'eau lustrale pour en chasser les esprits.;purificateur, sacré
nadir;5;Expert;Nature & Cosmos;Le point de la voûte céleste situé verticalement sous les pieds de l'observateur (opposé au zénith).;"De l'arabe ""naẓīr"" (opposé).";Le soleil à minuit se trouve précisément au nadir de notre horizon.;fond, opposé au zénith
pétrichor;5;Expert;Nature & Cosmos;L'odeur particulièrement fraîche et terreuse que dégage le sol après une ondée de pluie sur la terre sèche.;"Du grec ""petra"" (pierre) et ""ichor"" (le sang des dieux grecs).";J'adore me promener en forêt pour respirer le pétrichor après l'averse.;odeur de pluie
obsidional;5;Expert;Philosophie & Idées;"Qui concerne le siège d'une ville ; au figuré, sentiment d'inquiétude ou d'encerclement permanent.";"Du latin ""obsidio"" (siège d'une forteresse).";Il souffrait d'un délire obsidional, se croyant traqué par des ennemis invisibles.;obsédant, assiégeant
substantifique;5;Expert;Philosophie & Idées;Qui contient l'essence nourricière et substantielle d'une idée ou d'une œuvre (ex: la substantifique moelle).;"Forgé par Rabelais d'après le latin ""substantia"".";Le lecteur attentif saura extraire la substantifique moelle de ce roman philosophique.;essentiel, substantiel, nourricier
synesthésie;5;Expert;Philosophie & Idées;Phénomène neurologique ou poétique associant plusieurs perceptions de sens différents (ex: un son coloré).;"Du grec ""sun"" (avec) et ""aisthesis"" (sensation).";"Baudelaire utilise la synesthésie dans son poème ""Correspondances"" : les parfums ont des couleurs.";association sensorielle
sérendipité;5;Expert;Philosophie & Idées;Fait de faire une découverte scientifique ou intellectuelle par hasard et sagacité.;"Forger par Horace Walpole d'après le conte persan ""Les Trois Princes de Serendip"".";La découverte fortuite de la pénicilline est un cas classique de sérendipité.;hasard heureux, découverte accidentelle
ataraxie;5;Expert;Sentiments & Psyché;Tranquillité de l'âme, paix de l'esprit absolue obtenue par la modération des passions.;"Du grec ""ataraxia"" (absence de trouble, impassibilité).";Les stoïciens cherchaient à atteindre l'ataraxie en acceptant le destin.;impassibilité, quiétude, sérénité, calme, paix
dilection;5;Expert;Sentiments & Psyché;Amour tendre, spirituel et tout à fait désintéressé pour quelqu'un.;"Du latin ""dilectio"" (amour d'élection).";Le maître portait à son plus jeune élève une dilection toute paternelle.;amour, affection, prédilection, tendresse
équanimité;5;Expert;Sentiments & Psyché;Égalité d'humeur inaltérable, sérénité de l'esprit constante face au bonheur ou au malheur.;"Du latin ""aequanimitas"" (esprit égal).";Elle accueillit la critique injuste avec une parfaite équanimité.;impassibilité, détachement, sérénité, flegme
déliquescence;5;Expert;Temps & Éphémère;État de décadence complète, de décomposition sociale ou de perte de valeurs morales.;"Du latin ""deliquescere"" (se dissoudre, fondre).";Cette république en déliquescence était en proie à la corruption généralisée.;décadence, décomposition, déclin, dégradation
dilettante;4;Débutant;Art & Langage;Personne qui s'exerce à un art ou s'adonne à une science en amateur, pour son plaisir.;"De l'italien ""dilettante"" (qui prend plaisir).";Il peint en dilettante durant ses vacances pour se détendre.;amateur, curieux, touche-à-tout
esthète;4;Débutant;Art & Langage;Personne qui accorde une importance exclusive à l'art et à la beauté.;"Du grec ""aisthesis"" (sensation, perception).";En esthète averti, il collectionnait les premières éditions reliées de cuir.;amateur d'art, dandy, connaisseur
frémissement;4;Débutant;Art & Langage;Léger tremblement ou frissonnement physique ou sonore, souvent lié à une émotion.;"Du latin ""fremere"" (bruire, gronder).";Un frémissement de feuilles annonçait le lever du vent du soir.;frisson, tremblement, palpitation, murmure
grimoire;4;Débutant;Art & Langage;"Livre ancien contenant des formules magiques ; écriture particulièrement illisible.";"Altération de ""grammaire"" (le latin au Moyen Âge passait pour magique).";L'érudit tentait de déchiffrer ce vieux grimoire poussiéreux.;livre de magie, manuscrit, codex
incantation;4;Débutant;Art & Langage;Formules rituelles et magiques prononcées pour invoquer des forces surnaturelles.;"Du latin ""incantatio"" (enchantement).";Le chaman murmurait des incantations autour du grand feu de bois.;enchantement, sortilège, prière, charme
laconique;4;Débutant;Art & Langage;"Qui s'exprime en peu de mots ; concis et direct (à la manière des Lacédémoniens).";"Du grec ""Lakonikos"" (de Laconie, région de Sparte prônant la concision).";"Il se contenta d'une réponse laconique : un simple ""oui"".";bref, concis, sobre, succinct
loquace;4;Débutant;Art & Langage;Qui parle avec beaucoup de facilité et d'abondance.;"Du latin ""loquax"" (parleur).";Après un verre de vin, l'homme secret devint soudain très loquace.;bavard, volubile, prolixe
murmure;4;Débutant;Art & Langage;Bruit doux, feutré, continu et indistinct de voix ou d'éléments naturels.;"Du latin ""murmur"" (bruit indistinct).";Le murmure de la brise dans les pins calmait ses pensées agitées.;chuchotement, bruissement, rumeur
somnambule;4;Débutant;Art & Langage;Personne qui effectue de façon automatique des déplacements durant son sommeil profond.;"Du latin ""somnus"" (sommeil) et ""ambulare"" (marcher).";L'enfant somnambule s'était levé au milieu de la nuit pour ranger ses jouets.;noctambule, rêveur
soporifique;4;Débutant;Art & Langage;Qui provoque le sommeil ou se révèle d'un ennui mortel (ex: un cours soporifique).;"Du latin ""sopor"" (sommeil profond) et ""facere"" (faire).";Sa voix monocorde exerçait un effet soporifique sur tout l'auditoire.;somnifère, ennuyeux, assommant
talisman;4;Débutant;Art & Langage;Objet portant des signes magiques gravés et doté de vertus protectrices sacrées.;"Du grec ""telesma"" (rite d'initiation, consécration).";Il portait toujours ce vieux médaillon d'argent comme un talisman.;amulette, fétiche, porte-bonheur
trépidation;4;Débutant;Art & Langage;"Secousses rapides et continuelles ; agitation fébrile de la vie moderne.";"Du latin ""trepidatio"" (agitation désordonnée).";Les trépidations de la rame de métro l'empêchaient de lire tranquillement.;agitation, vibration, frémissement
volubile;4;Débutant;Art & Langage;Qui parle avec une rapidité et une abondance de paroles ininterrompue.;"Du latin ""volubilis"" (qui tourne facilement).";Elle raconta son voyage d'une voix enjouée et volubile.;loquace, bavard, prolixe
élixir;4;Débutant;Art & Langage;Breuvage magique, spirituel ou liqueur particulièrement concentrée et précieuse.;"De l'arabe ""al-iksīr"" (substance magique pour transmuter les métaux).";Elle buvait les paroles du conférencier comme un élixir de sagesse.;breuvage, philtre, essence, liqueur
bonhomie;4;Débutant;Esprit & Caractère;Simplicité de manières unie à de la bonté et de la cordialité.;"Dérivé de ""bon homme"".";Sa bonhomie naturelle inspirait immédiatement confiance à ses visiteurs.;gentillesse, cordialité, affabilité, simplicité
circonspect;4;Débutant;Esprit & Caractère;Qui agit avec une prudence réfléchie, en pesant ses paroles et ses actes.;"Du latin ""circumspectus"" (qui regarde autour de soi).";Il se montra très circonspect avant de signer le contrat de vente.;prudent, méfiant, réservé, avisé
clémence;4;Débutant;Esprit & Caractère;Disposition généreuse à pardonner aux coupables ou à adoucir leur punition.;"Du latin ""clementia"" (douceur, indulgence).";L'accusé a imploré la clémence du tribunal pour ses fautes.;mansuétude, pardon, indulgence, miséricorde
facétieux;4;Débutant;Esprit & Caractère;"Qui aime faire des farces pleines de malice amicale ; enjoué.";"Du latin ""facetia"" (plaisanterie, mot d'esprit).";Le grand-père facétieux cachait toujours des friandises dans ses poches.;espiègle, farceur, enjoué, malicieux
fallacieux;4;Débutant;Esprit & Caractère;Destiné à induire en erreur avec une apparence trompeuse de vérité.;"Du latin ""fallaciosus"" (trompeur).";Il avança des arguments fallacieux pour justifier son absence injustifiée.;trompeur, captieux, mensonger, illusoire
flegmatique;4;Débutant;Esprit & Caractère;Qui conserve son calme et sa froideur impassible en toutes circonstances.;"Du grec ""phlegmatikos"" (chargé de phlegme, l'humeur froide).";Son tempérament flegmatique lui évita de céder à la panique pendant l'incendie.;impassible, calme, placide, stoïque
impérieux;4;Débutant;Esprit & Caractère;"Qui exige obéissance sans discussion ; autoritaire ou pressant.";"Du latin ""imperiosus"" (qui commande).";Il éprouva le besoin impérieux de sortir respirer l'air frais.;autoritaire, pressant, irrésistible, urgent
indocile;4;Débutant;Esprit & Caractère;"Qui refuse d'obéir aux règles ou de se soumettre à une autorité ; rebelle.";"Du latin ""indocilis"" (difficile à enseigner).";Ce cheval indocile refusait de se laisser seller par le palefrenier.;rebelle, indiscipliné, récalcitrant, insoumis
insidieux;4;Débutant;Esprit & Caractère;Qui se propage sournoisement en présentant un danger caché sous des apparences favorables.;"Du latin ""insidiosus"" (plein d'embûches, trompeur).";La maladie s'installa de manière insidieuse, sans symptômes clairs.;sournois, hypocrite, perfide, captieux
insoumis;4;Débutant;Esprit & Caractère;Qui refuse d'obéir aux ordres légitimes ou de se plier à une autorité établie.;"Dérivé de ""soumettre"" avec préfixe négatif (in-soumis).";Le poète insoumis fut exilé loin de sa terre natale.;rebelle, indocile, insurgé, rétif
intrépide;4;Débutant;Esprit & Caractère;Qui affronte les plus grands dangers sans éprouver de crainte.;"Du latin ""intrepidus"" (sans peur).";L'explorateur intrépide s'enfonça seul dans la jungle inexplorée.;hardi, courageux, téméraire, brave
mentor;4;Débutant;Esprit & Caractère;Guide spirituel, conseiller expérimenté et bienveillant qui oriente la vie de quelqu'un.;De Mentor, personnage de l'Odyssée, guide du jeune Télémaque.;Il considère son ancien professeur comme son mentor de toujours.;guide, conseiller, tuteur, maître
narquois;4;Débutant;Esprit & Caractère;Se dit d'une attitude ou d'un regard moqueur, malicieux et narquois.;Origine obscure (argot des soldats narquois au XVIIe siècle).;Il lui jeta un sourire narquois, sachant qu'elle mentait.;moqueur, goguenard, ironique, malicieux
noctambule;4;Débutant;Esprit & Caractère;Personne qui aime vivre, flâner ou s'amuser durant la nuit.;"Du latin ""nox"" (nuit) et ""ambulare"" (marcher).";Les noctambules commençaient à envahir les ruelles animées du quartier latin.;couche-tard, nocturne, flâneur
opulence;4;Débutant;Esprit & Caractère;Richesse matérielle immense qui se manifeste par un luxe abondant.;"Du latin ""opulentia"" (richesse).";Le palais ducal étalait une opulence qui offensait la misère du peuple.;richesse, abondance, luxe, faste
ostentatoire;4;Débutant;Esprit & Caractère;Qui s'affiche de manière provocante et excessive pour attirer l'attention ou l'envie.;"Du latin ""ostentare"" (montrer avec vanité).";Elle portait des bijoux ostentatoires lors de cette réception simple.;voyant, prétentieux, pompeux, tape-à-l'œil
paria;4;Débutant;Esprit & Caractère;"Individu banni d'une caste en Inde ; au figuré, personne exclue et rejetée par un groupe social.";"Du tamoul ""paraiyar"" (joueur de tambour de basse caste).";Il se sentait comme un paria au sein de sa propre famille.;banni, proscrit, exclu, rejeté
procrastination;4;Débutant;Esprit & Caractère;Tendance maladive à différer ou à remettre au lendemain des tâches nécessaires.;"Du latin ""procrastinatio"" (remise au lendemain).";La procrastination est le grand fléau des étudiants en période de révisions.;atermoiement, paresse, retardement
taciturne;4;Débutant;Esprit & Caractère;"Qui aime par nature garder le silence ; d'un tempérament secret et secret.";"Du latin ""taciturnus"" (silencieux).";Depuis le départ de son ami, le jeune homme était devenu taciturne.;silencieux, réservé, sombre, renfermé
aurore;4;Débutant;Lumière & Ombres;La première lueur rose et dorée qui précède immédiatement le lever du soleil.;"Du latin ""aurora"" (aurore).";Se lever dès l'aurore permet d'admirer la nature encore endormie.;aube, matin, orient, point du jour
clair-obscur;4;Débutant;Lumière & Ombres;Effet de contraste marqué entre la lumière et l'ombre dans un tableau ou un paysage.;"Traduction de l'italien ""chiaroscuro"".";Le clair-obscur de la forêt sous le soleil couchant était magique.;pénombre, contraste, demi-jour
irisé;4;Débutant;Lumière & Ombres;Qui brille en présentant les nuances de couleur de l'arc-en-ciel.;D'Iris, divinité grecque messagère aux ailes d'arc-en-ciel.;Les bulles de savon flottaient dans l'air sous un éclat irisé.;multicolore, chatoyant, nacré
nimbe;4;Débutant;Lumière & Ombres;Auréole de lumière douce entourant la tête des représentations sacrées ou de personnages divins.;"Du latin ""nimbus"" (nuage de pluie, auréole).";La sainte était peinte avec un nimbe d'or brillant sur son visage.;auréole, gloire, halo
pénombre;4;Débutant;Lumière & Ombres;Demi-jour ou obscurité partielle propice à l'apaisement ou au secret.;"Du latin ""paene"" (presque) et ""umbra"" (ombre).";La pénombre du confessionnal gardait les secrets des pénitents.;demi-jour, obscurité, ombre, clair-obscur
ténébreux;4;Débutant;Lumière & Ombres;"Plongé dans l'obscurité ; au figuré, mystérieux, mélancolique et secret.";"Du latin ""tenebrosus"" (sombre, obscur).";Il avait l'allure d'un héros romantique, sombre et ténébreux.;sombre, obscur, mystérieux, occulte
azur;4;Débutant;Nature & Cosmos;Le bleu magnifique et intense d'un ciel sans nuages.;"De l'arabe ""lāzaward"" (lapins-lazuli).";Les mouettes se découpaient sur l'azur éclatant du ciel d'été.;bleu, ciel, firmament
bocage;4;Débutant;Nature & Cosmos;Espace rural où les champs et les prés sont délimités par des haies vives ou des alignements d'arbres.;"De l'ancien français ""bosc"" (bois).";Le bocage normand offre des paysages verdoyants et fleuris très reposants.;bosquet, bois, campagne
constellation;4;Débutant;Nature & Cosmos;Groupe d'étoiles voisines formant une figure géométrique ou symbolique dans le ciel.;"Du latin ""constellatio"" (réunion d'étoiles).";La Grande Ourse est la constellation la plus facile à repérer.;groupe, nuée, galaxie
céleste;4;Débutant;Nature & Cosmos;Qui appartient au ciel ou présente une beauté pure et divine.;"Du latin ""caelestis"" (céleste).";Une musique céleste s'éleva soudain, apaisant les esprits.;divin, pur, éthéré, astral
labyrinthe;4;Débutant;Nature & Cosmos;Lieu composé de chemins entremêlés d'où il est presque impossible de sortir.;"Du grec ""laburinthos"" (le palais de la double hache, en Crète).";Les ruelles de la vieille médina forment un véritable labyrinthe.;dédale, réseau, méandre
limpide;4;Débutant;Nature & Cosmos;Parfaitement clair, transparent et sans impuretés.;"Du latin ""limpidus"" (clair).";L'eau limpide de la source de montagne permettait de voir chaque galet.;clair, transparent, cristallin, pur
nymphe;4;Débutant;Nature & Cosmos;Divinité féminine de la mythologie grecque présidant aux forêts, aux sources et aux fleuves.;"Du grec ""numphê"" (jeune fille, divinité de l'eau).";On croyait entendre le chant des nymphes dans le murmure de la cascade.;ondine, divinité, dryade
nébuleux;4;Débutant;Nature & Cosmos;"Flou, enveloppé de brume ou de nuages ; au figuré, particulièrement obscur ou confus.";"Du latin ""nebulosus"" (couvert de nuages).";Ses explications nébuleuses n'ont fait qu'ajouter à la confusion.;confus, obscur, flou, brumeux
ondée;4;Débutant;Nature & Cosmos;Averse soudaine, violente et de courte durée.;"Du vieux français ""onde"" (vague, eau courante).";Une ondée passagère nous força à nous abriter sous le grand chêne.;averse, giboulée, pluie
oscillation;4;Débutant;Nature & Cosmos;Mouvement régulier de va-et-vient autour d'un point d'équilibre (ex: balancier).;"Du latin ""oscillatio"" (mouvement de balançoire).";L'oscillation du pendule mesurait le passage régulier des secondes.;fluctuation, vibration, balancement
parvis;4;Débutant;Nature & Cosmos;Place dégagée située devant la façade principale d'une église ou d'un grand monument.;"Du latin ""paradisus"" (paradis, désignant le jardin devant la basilique).";La foule se pressait sur le parvis de la cathédrale pour apercevoir la mariée.;place, esplanade, porche
pittoresque;4;Débutant;Nature & Cosmos;Qui frappe l'esprit ou les yeux par son aspect original, coloré et digne d'être peint.;"De l'italien ""pittoresco"" (propre aux peintres).";Les maisons suspendues de ce village médiéval forment un tableau pittoresque.;original, coloré, charmant, rustique
solstice;4;Débutant;Nature & Cosmos;Époque de l'année où le soleil atteint son éloignement maximal de l'équateur (jours les plus longs/courts).;"Du latin ""solstitium"" (arrêt du soleil).";Le solstice d'été donne lieu à de joyeux feux de joie dans nos campagnes.;époque astronomique
tumulte;4;Débutant;Nature & Cosmos;Agitation bruyante, désordonnée et confuse d'une foule en révolte ou en fête.;"Du latin ""tumultus"" (bruit tumultueux, désordre).";Il préférait la solitude de sa cellule au tumulte du monde extérieur.;agitation, tintamarre, fracas, tempête
zénith;4;Débutant;Nature & Cosmos;"Le point de la sphère céleste situé directement au-dessus de l'observateur ; au figuré, apogée de la réussite.";"De l'arabe ""samt"" (chemin au-dessus de la tête).";Le soleil brillait à son zénith dans un ciel pur.;apogée, sommet, faîte
conjecture;4;Débutant;Philosophie & Idées;Opinion fondée sur des hypothèses ou des apparences, en l'absence de preuves.;"Du latin ""coniectura"" (jet d'idées ensemble, conclusion).";Faute d'indices clairs, l'enquête policière en reste aux conjectures.;hypothèse, supposition, présomption, théorie
paradigme;4;Débutant;Philosophie & Idées;Modèle théorique dominant de pensée ou de représentation du monde au sein d'une époque.;"Du grec ""paradeigma"" (modèle, exemple).";La découverte de la relativité a provoqué un changement de paradigme en physique.;modèle, référence, cadre de pensée
présage;4;Débutant;Philosophie & Idées;Signe augurant de l'avenir ou pressentiment mystérieux.;"Du latin ""praesagium"" (présentiment).";Le passage d'un corbeau noir au-dessus du convoi fut interprété comme un mauvais présage.;augure, signe, présage, indice
stigmate;4;Débutant;Philosophie & Idées;Marque indélébile laissée par une blessure, un événement tragique ou une flétrissure morale.;"Du grec ""stigma"" (marque au fer rouge, piqûre).";La ville conserve encore les stigmates des bombardements de la guerre.;marque, cicatrice, trace, flétrissure
stoïque;4;Débutant;Philosophie & Idées;Qui fait preuve d'une fermeté d'âme inébranlable et d'impassibilité face à la douleur.;"Du grec ""stoa"" (le portique sous lequel enseignait Zénon à Athènes).";Il est resté stoïque malgré les épreuves successives.;impassible, ferme, courageux, flegmatique
transcendance;4;Débutant;Philosophie & Idées;Qualité de ce qui s'élève au-dessus et au-delà du monde sensible et de l'expérience commune.;"Du latin ""transcendere"" (franchir, dépasser).";La transcendance de l'esprit par rapport à la matière est le cœur de sa philosophie.;supériorité, élévation, divinité
énigmatique;4;Débutant;Philosophie & Idées;Dont la nature ou le comportement est obscur et mystérieux, difficile à élucider.;"Du grec ""ainigma"" (parole obscure, énigme).";Le sourire énigmatique de la Joconde continue de fasciner le monde.;mystérieux, obscur, impénétrable, mystique
épicurien;4;Débutant;Philosophie & Idées;Personne qui sait goûter les plaisirs simples et sensuels de l'existence avec équilibre.;D'Épicure, philosophe grec prônant la recherche des plaisirs modérés.;En bon épicurien, il savourait chaque gorgée de ce vin de pays.;bon vivant, hédoniste, jouisseur
concorde;4;Débutant;Sentiments & Psyché;Union des cœurs et des esprits créant une paix durable au sein d'un groupe ou d'une nation.;"Du latin ""concordia"" (union des cœurs).";Le traité de paix permit de ramener enfin la concorde dans le royaume.;paix, harmonie, entente, union
désabusé;4;Débutant;Sentiments & Psyché;Qui a perdu ses illusions sur les gens ou sur la vie, manifestant une douce amertume.;"Dérivé de ""abuser"" avec préfixe négatif (désabusé).";Il portait un regard désabusé sur les affaires humaines.;désillusionné, sceptique, blasé, désenchanté
effervescence;4;Débutant;Sentiments & Psyché;Agitation vive, enthousiaste et créatrice au sein d'un groupe ou d'un esprit.;"Du latin ""effervescere"" (entrer en ébullition).";La ville était en pleine effervescence à l'approche de la fête nationale.;agitation, bouillonnement, excitation, entrain
exaltation;4;Débutant;Sentiments & Psyché;Enthousiasme ou excitation morale portés à un degré extrême de ferveur.;"Du latin ""exaltatio"" (élévation).";Il lut la lettre avec une exaltation qui faisait briller ses yeux.;ferveur, enthousiasme, lyrisme, ivresse
extase;4;Débutant;Sentiments & Psyché;État d'admiration, de bonheur parfait et de ravissement qui coupe du monde extérieur.;"Du grec ""ekstasis"" (action de sortir de soi-même).";Le concert de violoncelle plongea le public dans une extase mystique.;ravissement, enchantement, béatitude, transport
ferveur;4;Débutant;Sentiments & Psyché;Ardeur sentimentale vive poussant à la dévotion religieuse ou intellectuelle.;"Du latin ""fervor"" (chaleur bouillante).";Il défendait ses convictions avec une ferveur admirable.;ardeur, dévotion, zèle, passion
insatiable;4;Débutant;Sentiments & Psyché;Qui ne peut être rassasié ou satisfait, d'un appétit ou désir sans limites.;"Du latin ""insatiabilis"" (qu'on ne peut rassasier).";Son esprit curieux manifestait une soif insatiable de lecture.;vorace, avide, inassouvi
insouciance;4;Débutant;Sentiments & Psyché;Absence totale de préoccupations, d'inquiétude ou de sérieux face aux devoirs.;"Dérivé de ""souci"" avec préfixe négatif (in-souciance).";L'enfance est souvent l'âge d'or d'une douce insouciance.;légèreté, détachement, calme
jubilation;4;Débutant;Sentiments & Psyché;Joie vive, intense et débordante qui se manifeste bruyamment.;"Du latin ""iubilatio"" (cri de joie sauvage).";Les supporters ont laissé éclater leur jubilation au coup de sifflet final.;allégresse, joie, liesse, triomphe
morose;4;Débutant;Sentiments & Psyché;Qui est d'une tristesse grogneuse, sombre et maussade.;"Du latin ""morosus"" (capricieux, d'humeur difficile).";Le temps pluvieux rendait l'atmosphère particulièrement morose.;maussade, sombre, triste, chagrin
perplexité;4;Débutant;Sentiments & Psyché;État d'embarras ou d'indécision face à une situation complexe ou confuse.;"Du latin ""perplexitas"" (enchevêtrement, confusion).";Le détective gratta son front avec une évidente perplexité face à cette impasse.;indécision, doute, hésitation, scepticisme
résilience;4;Débutant;Sentiments & Psyché;Capacité psychologique à surmonter les traumatismes de la vie et à se reconstruire sainement.;"Du latin ""resilire"" (rebondir, reculer).";La résilience des survivants de la catastrophe forçait l'admiration.;ténacité, force d'âme, résistance
stupeur;4;Débutant;Sentiments & Psyché;Étonnement si soudain et profond qu'il fige et paralyse momentanément les facultés.;"Du latin ""stupor"" (engourdissement).";Une stupeur générale s'empara de l'assemblée lors de cette annonce surprise.;stupéfaction, saisissement, étonnement, sidération
célérité;4;Débutant;Temps & Éphémère;Grande rapidité d'exécution, diligence et empressement.;"Du latin ""celeritas"" (rapidité).";Le service de secours a agi avec une célérité remarquable.;rapidité, vitesse, diligence, hâte
imminent;4;Débutant;Temps & Éphémère;Qui est sur le point de se produire de façon inévitable à très court terme.;"Du latin ""imminere"" (menacer, être suspendu au-dessus).";Les nuages noirs annonçaient un orage imminent.;proche, menaçant, immédiat
immuable;4;Débutant;Temps & Éphémère;Qui ne subit aucun changement, reste éternellement identique.;"Du latin ""immutabilis"" (inchangeable).";Le cycle des saisons est une loi immuable de la Terre.;éternel, permanent, constant, durable
intemporel;4;Débutant;Temps & Éphémère;"Qui échappe aux lois et aux fluctuations du temps ; éternel.";"Du latin ""tempus"" (temps) avec préfixe négatif (in-temporel).";Les chefs-d'œuvre de la peinture ont un charme intemporel.;éternel, immortel, atemporel
jadis;4;Débutant;Temps & Éphémère;Dans un temps ancien, autrefois.;"De la contraction de ""ja"" (déjà) et ""dis"" (jours).";Jadis, de grands navires de bois jetaient l'ancre dans ce havre tranquille.;autrefois, anciennement, autrefois
obsolescence;4;Débutant;Temps & Éphémère;Fait de tomber en désuétude ou d'être dépassé technologiquement par le temps.;"Du latin ""obsolescere"" (commencer à s'user, à vieillir).";L'obsolescence programmée pousse à changer d'appareil trop régulièrement.;désuétude, vieillissement, usure
précurseur;4;Débutant;Temps & Éphémère;Qui annonce, prépare ou esquisse un mouvement, une idée ou un art futur.;"Du latin ""praecursor"" (celui qui court devant).";Jules Verne fut un précurseur génial de la science-fiction moderne.;pionnier, initiateur, annonciateur, héraut
périssable;4;Débutant;Temps & Éphémère;Qui est sujet à la mort, à la dégradation ou à la ruine temporelle.;"Du latin ""perire"" (périr).";Toutes les richesses du monde sont périssables face à l'éternité.;mortel, éphémère, fragile
transitoire;4;Débutant;Temps & Éphémère;Qui ne sert que de transition, temporaire et passager.;"Du latin ""transitorius"" (propre au passage).";Il s'agit d'une mesure transitoire avant l'application de la nouvelle loi.;temporaire, provisoire, passager, éphémère
calice;4;Intermédiaire;Art & Langage;"Coupe sacrée utilisée lors de la messe ; au figuré, épreuve douloureuse (ex: boire le calice jusqu'à la lie).";"Du grec ""kalux"" (enveloppe de fleur, coupe).";Il dut boire le calice du rejet jusqu'à la lie sans se plaindre.;coupe, ciboire, épreuve, douleur
codex;4;Intermédiaire;Art & Langage;Livre manuscrit de l'Antiquité ou du Moyen Âge formé de feuillets reliés ensemble.;"Du latin ""codex"" (tronc d'arbre, tablette de bois pour écrire).";Les archéologues ont découvert un codex maya de valeur inestimable.;manuscrit, grimoire, livre
cénacle;4;Intermédiaire;Art & Langage;Cercle restreint d'écrivains, d'artistes ou d'intellectuels partageant les mêmes convictions.;"Du latin ""cenaculum"" (salle à manger à l'étage, lieu de la Cène).";Le cénacle romantique se réunissait chez Victor Hugo.;cercle, club, coterie, groupe
diatribe;4;Intermédiaire;Art & Langage;Critique ou pamphlet d'une violence verbale acérée à l'encontre de quelqu'un.;"Du grec ""diatribe"" (perte de temps, entretien philosophique).";L'éditorialiste se lança dans une diatribe féroce contre le nouveau gouvernement.;pamphlet, invective, philippique, critique
enlumineur;4;Intermédiaire;Art & Langage;Artiste du Moyen Âge qui décorait les manuscrits avec des dorures et des peintures colorées.;"Du latin ""illuminare"" (éclairer, embellir).";L'enlumineur travaillait des mois sur un seul psaume pour la Bible du roi.;miniaturiste, calligraphe, peintre
estocade;4;Intermédiaire;Art & Langage;Coup de grâce ou coup décisif qui met fin à un combat ou une dispute.;"De l'espagnol ""estocada"" (coup d'estoc, avec la pointe de l'épée).";Sa dernière question en cour fut l'estocade qui fit craquer l'accusé.;coup de grâce, défaite, coup décisif
harangue;4;Intermédiaire;Art & Langage;Discours solennel prononcé devant une assemblée pour convaincre ou gronder.;"De l'ancien haut-allemand ""hring"" (cercle de personnes).";Le général adressa une harangue vibrante à ses troupes avant la bataille.;discours, allocution, sermon, homélie
héraut;4;Intermédiaire;Art & Langage;Officier du Moyen Âge chargé des proclamations solennelles et des messages de paix.;"Du vieux francique ""heriald"" (chef d'armée).";Le héraut d'armes sonna de la trompette avant de lire le décret royal.;messager, précurseur, émissaire, annonciateur
invective;4;Intermédiaire;Art & Langage;Parole violente, amère et injurieuse proférée contre quelqu'un.;"Du latin ""invectiva"" (parole qui attaque).";Les deux rivaux échangèrent des invectives au milieu de la rue.;injure, insulte, diatribe, outrage
laudateur;4;Intermédiaire;Art & Langage;Qui prononce des louanges ou fait l'éloge admiratif de quelqu'un.;"Du latin ""laudator"" (celui qui loue).";L'écrivain fut encensé par un article laudateur dans la presse littéraire.;flatteur, élogieux, approbateur
liminaire;4;Intermédiaire;Art & Langage;Placé au seuil d'un ouvrage littéraire ou d'un discours en guise d'introduction.;"Du latin ""limen"" (seuil de porte).";L'auteur écrivit quelques remarques liminaires pour clarifier sa méthode.;préliminaire, introductif, préface
liturgie;4;Intermédiaire;Art & Langage;Déroulement rituel et codifié des cérémonies religieuses ou des fêtes officielles.;"Du grec ""leitourgia"" (service public accompli pour la cité).";Le couronnement impérial s'est déroulé selon une liturgie somptueuse.;cérémonial, rituel, culte
mignardise;4;Intermédiaire;Art & Langage;"Délicatesse excessive dans les manières ou les formes ; afféterie poétique.";"Dérivé du vieux français ""mignard"" (mignon, gracieux).";Il convient d'éviter la mignardise dans les poèmes tragiques.;délicatesse, afféterie, gentillesse
ménestrel;4;Intermédiaire;Art & Langage;Musicien, chanteur et poète du Moyen Âge qui voyageait de château en château.;"Du latin ""ministerialis"" (serviteur de cour).";Le ménestrel chanta les exploits du preux chevalier devant le seigneur.;troubadour, trouvère, poète
psalmodier;4;Intermédiaire;Art & Langage;Chanter ou réciter des psaumes ou des textes sacrés sur un ton monotone et rythmé.;"Du grec ""psalmos"" (psaume) et ""oide"" (chant).";Les moines commençaient à psalmodier les matines dans l'ombre de la chapelle.;chanter, réciter, chantonner, murmurer
rhapsodie;4;Intermédiaire;Art & Langage;Composition musicale ou littéraire d'inspiration libre et populaire.;"Du grec ""rhapsodia"" (chant épique cousu ensemble).";La rhapsodie hongroise de Liszt déchaîna les applaudissements du public.;complainte, mélodie, fantaisie
soliloque;4;Intermédiaire;Art & Langage;Monologue intérieur ou discours qu'une personne se tient à haute voix à elle-même.;"Du latin ""solus"" (seul) et ""loqui"" (parler).";Il se perdait souvent dans de longs soliloques en arpentant sa bibliothèque.;monologue, confidence, aparté
tintamarre;4;Intermédiaire;Art & Langage;Grand bruit discordant, désordonné et fatiguant.;"De la onomatopée ""tinter"" (bruit de cloche) et ""marre"" (bruit confus).";Le tintamarre de la fête foraine résonnait jusque dans nos chambres.;vacarme, fracas, bruit, brouhaha
troubadour;4;Intermédiaire;Art & Langage;Poète et musicien médiéval de langue d'oc chantant l'amour courtois.;"De l'ancien occitan ""trobador"" (celui qui trouve des mélodies, compositeur).";Le troubadour chanta une aubade sous le balcon de sa dame.;ménestrel, poète, trouvère
élucubration;4;Intermédiaire;Art & Langage;Réflexion extravagante, théorie sans fondement logique ou produit d'un esprit égaré.;"Du latin ""elucubrare"" (travailler à la lueur de la chandelle).";Ne m'ennuie pas avec tes élucubrations sur la fin du monde.;faribole, extravagante, idée folle, délire
atermoiement;4;Intermédiaire;Esprit & Caractère;Action de différer, de remettre à plus tard une décision ou une action.;"Du vieux français ""atermier"" (fixer un terme, un délai).";Ses atermoiements constants ont fini par faire échouer le projet.;procrastination, retardement, hésitation, tergiversation
auguste;4;Intermédiaire;Esprit & Caractère;Qui inspire le respect, la vénération ou une dignité solennelle.;"Du latin ""augustus"" (consacré par les augures, vénérable, majestueux).";Le vieillard entra d'un pas auguste dans la grande salle du conseil.;majestueux, solennel, vénérable, digne, noble
collusion;4;Intermédiaire;Esprit & Caractère;Entente secrète et frauduleuse entre des personnes pour nuire à un tiers.;"Du latin ""collusio"" (tromperie, jeu de connivence).";Les deux entreprises ont été condamnées pour collusion sur les prix.;complot, complicité, connivence, cabale
famélique;4;Intermédiaire;Esprit & Caractère;Qui est creusé par la faim, extrêmement maigre et miséreux.;"Du latin ""famellicus"" (affamé).";Un chien famélique rôdait autour de la cuisine dans l'espoir d'un os.;affamé, décharné, maigre, misérable
goguenard;4;Intermédiaire;Esprit & Caractère;Qui a l'habitude de se moquer d'autrui avec ironie ou persiflage.;"Du vieux français ""gogue"" (réjouissance).";Le cocher jeta un regard goguenard au voyageur pressé qui avait manqué son train.;moqueur, railleur, narquois, gouailleur
ignominie;4;Intermédiaire;Esprit & Caractère;Déshonneur ou honte extrême résultant d'une faute vile ou indigne.;"Du latin ""ignominia"" (perte du nom, infamie).";Ce tyran a commis les pires ignominies contre son peuple.;infamie, déshonneur, honte, bassesse
incurie;4;Intermédiaire;Esprit & Caractère;Négligence extrême, manque total de soins et d'attention dans une gestion.;"Du latin ""incuria"" (absence de souci, de soin).";L'état déplorable de ce musée historique est le fruit de l'incurie municipale.;négligence, laisser-aller, insouciance, abandon
intransigeance;4;Intermédiaire;Esprit & Caractère;Refus rigide de tout compromis ou concession sur ses principes.;"Du latin ""intransigens"" (qui ne transige pas).";Son intransigeance dans les négociations a failli mener à une rupture.;rigidité, inflexibilité, sévérité
obséquieux;4;Intermédiaire;Esprit & Caractère;Qui manifeste un excès d'égards et de politesse hypocrite par pure flatterie ou soumission.;"Du latin ""obsequiosus"" (soumis, complaisant).";Le majordome obséquieux s'inclinait bien bas devant chaque convive.;flatteur, servile, rampant, hypocrite
ombrageux;4;Intermédiaire;Esprit & Caractère;Se dit d'un tempérament méfiant, susceptible et prompt à s'inquiéter ou s'offusquer.;"Du latin ""umbraticus"" (qui reste dans l'ombre).";Le vieux poète était ombrageux et supportait mal la moindre remarque.;susceptible, méfiant, farouche, sourcilleux
opiniâtre;4;Intermédiaire;Esprit & Caractère;Qui fait preuve d'une ténacité obstinée et indomptable dans ses entreprises.;"Du latin ""opinari"" (avoir une opinion, s'obstiner).";Il mena des recherches opiniâtres pour retrouver la trace de sa famille.;obstiné, tenace, persévérant, entêté
paladin;4;Intermédiaire;Esprit & Caractère;Chevalier errant protecteur de la justice et de l'honneur des opprimés.;"Du latin ""palatinus"" (officier du palais impérial).";Il se dressa en vaillant paladin pour défendre la cause de la veuve.;chevalier, champion, preux, défenseur
parjure;4;Intermédiaire;Esprit & Caractère;"Violation d'un serment solennel ; au figuré, trahison ou personne coupable de parjure.";"Du latin ""periurium"" (action de jurer faussement).";L'accusé fut condamné pour parjure après avoir menti sous serment devant le juge.;trahison, reniement, mensonge
patricien;4;Intermédiaire;Esprit & Caractère;"Noble appartenant aux familles patriciennes de la Rome antique ; au figuré, aristocrate raffiné.";"Du latin ""patricius"" (descendant des pères fondateurs de Rome).";Ses manières de patricien le distinguaient de la foule vulgaire.;noble, aristocrate, seigneur, noble
pernicieux;4;Intermédiaire;Esprit & Caractère;Qui cause un préjudice moral ou physique subtil mais extrêmement dangereux.;"Du latin ""perniciosus"" (destructeur, ruineux).";Ces lectures faciles exercent une influence pernicieuse sur les jeunes esprits.;nocif, toxique, dangereux, néfaste
plébéien;4;Intermédiaire;Esprit & Caractère;Qui appartient à la plèbe, au peuple (par opposition aux patriciens ou nobles).;"Du latin ""plebeius"" (du peuple).";Il préférait la table plébéienne des tavernes aux dîners mondains.;populaire, roturier, vulgaire, commun
potentat;4;Intermédiaire;Esprit & Caractère;Souverain absolu disposant d'un grand pouvoir autocratique sans limites réelles.;"Du latin ""potentatus"" (puissance, commandement).";Ce potentat local gouvernait sa province d'une main de fer.;tyran, despote, dictateur, monarque
preux;4;Intermédiaire;Esprit & Caractère;Qui fait preuve d'une vaillance et d'une loyauté chevaleresque exemplaires.;"Du gallo-roman ""prode"" (utile, preux, vaillant).";Le preux chevalier affronta le dragon pour délivrer les captifs.;vaillant, courageux, brave, chevaleresque
prodigalité;4;Intermédiaire;Esprit & Caractère;Tendance à dépenser ou à donner avec excès et sans mesure par pur plaisir.;"Du latin ""prodigalitas"" (dilapidation, prodigalité).";Ses prodigalités excessives ont fini par ruiner sa famille en quelques années.;dilapidation, prodigalité, gaspillage, libéralité
précepteur;4;Intermédiaire;Esprit & Caractère;Enseignant particulier chargé d'éduquer et d'instruire un enfant à domicile.;"Du latin ""praeceptor"" (maître, celui qui conseille).";Le précepteur lui faisait lire les philosophes classiques dès l'âge de dix ans.;tuteur, éducateur, mentor, maître
préséance;4;Intermédiaire;Esprit & Caractère;Droit d'occuper la place la plus honorable lors de cérémonies ou de réunions protocolaires.;"Du latin ""praecedere"" (marcher devant).";La question de la préséance à la table royale provoqua des disputes entre ambassadeurs.;priorité, prééminence, préséance
pugnace;4;Intermédiaire;Esprit & Caractère;Qui manifeste un goût pour le combat, l'affrontement intellectuel ou la lutte tenace.;"Du latin ""pugnax"" (combattif, enclin à se battre).";Le journaliste s'est montré particulièrement pugnace lors de l'entretien télévisé.;combattif, agressif, querelleur, belliqueux
renégat;4;Intermédiaire;Esprit & Caractère;Personne qui a renié sa religion, ses croyances ou sa patrie pour rejoindre le camp adverse.;"Du latin médiéval ""renegatus"" (celui qui a renié sa foi).";Il fut considéré comme un renégat par ses anciens compagnons d'armes.;apostat, traître, parjure, transfuge
sardonique;4;Intermédiaire;Esprit & Caractère;Se dit d'un rire ou d'un regard moqueur, grinçant, amer et teinté de mépris.;"Du grec ""sardanios"" (rire convulsif causé par l'absorption d'une herbe de Sardaigne).";Un sourire sardonique passa sur ses lèvres lorsqu'il vit son rival échouer.;sarcastique, cynique, ricanant, acerbe
simagrée;4;Intermédiaire;Esprit & Caractère;Manière ou geste affecté et théâtral destiné à attirer l'attention ou la pitié.;"Origine incertaine, peut-être de ""singe"" et ""grimace"".";Trêve de simagrées, dis-moi ce que tu veux vraiment.;grimace, affectation, chichi, comédie
suzerain;4;Intermédiaire;Esprit & Caractère;Seigneur féodal du Moyen Âge qui accordait un fief à un vassal en échange de sa fidélité.;"Du vieux français ""sus"" (en haut) influencé par souverain.";Le vassal jura fidélité à son suzerain au cours d'une cérémonie solennelle.;seigneur, maître, souverain
vergogne;4;Intermédiaire;Esprit & Caractère;"Honte ou scrupule moral (principalement employé de nos jours dans ""sans vergogne"").";"Du latin ""verecundia"" (pudeur, respect).";Ce profiteur réclamait de l'argent sans vergogne à ses proches.;honte, pudeur, scrupule
vilipender;4;Intermédiaire;Esprit & Caractère;Dénoncer publiquement quelqu'un avec mépris et le traîner dans la boue.;"Du latin ""vilipendere"" (estimer à vil prix).";Il fut vilipendé par ses détracteurs après son échec électoral.;mépriser, dénigrer, bafouer, accuser
luminescence;4;Intermédiaire;Lumière & Ombres;Émission de lumière qui ne provient pas d'une source de chaleur (lumière froide).;"Du latin ""lumen"" (lumière) avec suffixe scientifique.";La luminescence des lucioles illuminait la clairière de points verts.;lueur, phosphorescence, éclat
phosphorescence;4;Intermédiaire;Lumière & Ombres;Phénomène physique où un corps continue de briller doucement dans l'obscurité après exposition à la lumière.;"Du grec ""phosphoros"" (qui apporte la lumière).";La phosphorescence de la mer tropicale de nuit était féerique.;luminescence, lueur, éclat
héliotrope;4;Intermédiaire;Nature & Cosmos;Plante ou fleur dont la corolle s'oriente naturellement vers la direction du soleil.;"Du grec ""helios"" (soleil) et ""tropos"" (tourner).";Le parfum suave de l'héliotrope embaumait la terrasse de son arôme de vanille.;tournesol, plante
sidéral;4;Intermédiaire;Nature & Cosmos;Qui concerne les étoiles, les constellations ou l'espace cosmique infini.;"Du latin ""sideralis"" (relatif aux astres).";La nuit noire révélait un spectacle sidéral d'une beauté vertigineuse.;cosmique, astral, céleste
éolien;4;Intermédiaire;Nature & Cosmos;Qui a rapport au vent, qui est produit ou transporté par l'action du vent.;De Éole, dieu grec des vents.;Le chant éolien de la harpe résonnait doucement sous la brise nocturne.;aérien, venteux
abscons;4;Intermédiaire;Philosophie & Idées;Difficile à comprendre en raison de sa complexité ou de son obscurité volontaire.;"Du latin ""absconditus"" (caché, dissimulé).";Son discours philosophique était si abscons que la moitié de l'auditoire s'est assoupie.;obscur, hermétique, sibyllin, impénétrable
anathème;4;Intermédiaire;Philosophie & Idées;Sentence de condamnation solennelle, d'excommunication ou de réprobation publique.;"Du grec ""anathema"" (offrande suspendue au temple, puis chose vouée au mal).";Jeter l'anathème sur un opposant politique est une pratique courante.;condamnation, excommunication, blâme, réprobation
apostasie;4;Intermédiaire;Philosophie & Idées;Renonciation publique et solennelle à une religion, une doctrine ou un parti politique auquel on appartenait.;"Du grec ""apostasis"" (action de se tenir à l'écart, défection).";Son apostasie a suscité la colère et l'incompréhension de sa communauté d'origine.;abjuration, reniement, défection, trahison
contingence;4;Intermédiaire;Philosophie & Idées;Événement imprévisible qui peut se produire ou non selon le hasard des circonstances.;"Du latin ""contingere"" (arriver par hasard, toucher).";Les dirigeants doivent s'adapter aux contingences économiques.;aléa, hasard, circonstance, imprévu
cryptique;4;Intermédiaire;Philosophie & Idées;Dont le sens ou le dessein est caché, mystérieux ou difficile à décoder.;"Du grec ""kruptos"" (caché).";Il lui laissa un message cryptique contenant un mystérieux rendez-vous.;énigmatique, mystérieux, hermétique, codé
hermétique;4;Intermédiaire;Philosophie & Idées;"Clos de manière étanche ; au figuré, particulièrement difficile à comprendre, ésotérique.";D'Hermès Trismégiste, père mythique de l'alchimie.;La poésie hermétique de Mallarmé requiert de nombreux efforts de déchiffrement.;obscur, fermé, impénétrable, mystique
immanence;4;Intermédiaire;Philosophie & Idées;Fait de résider ou d'être contenu intrinsèquement à l'intérieur des êtres ou des choses.;"Du latin ""immanere"" (demeurer à l'intérieur).";Le panthéisme enseigne l'immanence de Dieu dans la nature.;présence interne, inhérence
intrinsèque;4;Intermédiaire;Philosophie & Idées;Qui est inhérent à l'essence même d'une chose, indépendamment des éléments extérieurs.;"Du latin ""intrinsecus"" (en dedans, à l'intérieur).";La valeur intrinsèque de cet écrit réside dans sa beauté poétique.;inhérent, propre, essentiel, intime
némésis;4;Intermédiaire;Philosophie & Idées;"Vengeance inévitable ou colère méritée ; force destructrice et juste.";De Némésis, divinité grecque de la juste colère et du châtiment céleste.;Sa chute fut la némésis de son arrogance passée.;vengeance, justice, châtiment, destin
ontologique;4;Intermédiaire;Philosophie & Idées;Qui concerne l'étude de l'être en soi, de l'existence et de la nature de la réalité.;"Du grec ""ontos"" (l'être) et ""logos"" (discours).";L'argument ontologique de Descartes vise à prouver l'existence de Dieu.;existentiel, métaphysique
ésotérique;4;Intermédiaire;Philosophie & Idées;Qui est réservé aux initiés, difficile à comprendre pour le grand public.;"Du grec ""esoterikos"" (de l'intérieur, intime).";Cette société secrète conserve des écrits ésotériques depuis des générations.;hermétique, occulte, mystérieux, secret
allégresse;4;Intermédiaire;Sentiments & Psyché;Joie très vive et collective qui se manifeste de manière visible et communicative.;"Du latin ""alacer"" (vif, joyeux).";Les cloches de l'église sonnaient à toute volée dans l'allégresse générale.;jubilation, euphorie, liesse, félicité
atone;4;Intermédiaire;Sentiments & Psyché;Qui manque d'expression, de vivacité, d'énergie ou d'accentuation (ex: un regard atone).;"Du grec ""atonos"" (sans tension, sans ressort).";Il restait là, le regard atone, incapable de réagir à la nouvelle.;inerte, apathique, éteint, morne, atone
commisération;4;Intermédiaire;Sentiments & Psyché;Sentiment de pitié fraternelle qui pousse à compatir aux malheurs d'autrui.;"Du latin ""commiseratio"" (pitié partagée).";Elle écouta le récit de ses malheurs avec une sincère commisération.;compassion, pitié, sympathie, empathie
courroux;4;Intermédiaire;Sentiments & Psyché;Violente colère, divine ou noble, qui s'exprime avec majesté ou sévérité.;"Du latin ""corruptum"" (gâté, irrité).";Le courroux du roi s'abattit sur le traître qui l'avait trompé.;colère, indignation, fureur, ressentiment
heur;4;Intermédiaire;Sentiments & Psyché;"Bonne fortune, chance ou succès (principalement utilisé dans ""avoir l'heur de"").";"Du latin ""augurium"" (présage, augure).";Il eut l'heur de lui plaire dès leur première rencontre.;chance, bonheur, fortune
inextinguible;4;Intermédiaire;Sentiments & Psyché;Qu'il est impossible d'éteindre, d'apaiser ou de rassasier (ex: soif inextinguible).;"Du latin ""inextinguibilis"" (qu'on ne peut éteindre).";Un rire inextinguible s'empara des spectateurs devant cette farce farce.;insatiable, infatigable, intarissable
lascif;4;Intermédiaire;Sentiments & Psyché;Qui exprime une sensualité langoureuse et provocante.;"Du latin ""lascivus"" (folâtre, enjoué, voluptueux).";Elle exécuta une danse lascive sous les regards fascinés de la foule.;voluptueux, sensuel, provocant
léthargie;4;Intermédiaire;Sentiments & Psyché;"État de sommeil profond ; au figuré, engourdissement moral et inaction complète.";"Du grec ""lêthargia"" (sommeil de l'oubli).";La nation sortit enfin de sa longue léthargie politique.;torpeur, apathie, sommeil, engourdissement
miséricorde;4;Intermédiaire;Sentiments & Psyché;Pitié compatissante qui pousse à accorder le pardon aux offenses ou à soulager la misère.;"Du latin ""misericordia"" (cœur sensible à la misère).";Il implora la miséricorde divine pour racheter ses fautes passées.;clémence, pardon, pitié, compassion
placidité;4;Intermédiaire;Sentiments & Psyché;Calme doux et imperturbable du tempérament, exempt de colère ou d'agitation.;"Du latin ""placiditas"" (douceur, paix).";Le vieux sage répondait aux insultes des passants avec une placidité royale.;calme, sérénité, flegme, tranquillité
pétulant;4;Intermédiaire;Sentiments & Psyché;Qui manifeste une ardeur joyeuse, vive et parfois impatiente de vivre.;"Du latin ""petulans"" (effronté, badin, vif).";L'enfant pétulant sautait dans les flaques d'eau avec joie.;vif, enjoué, dynamique, pétillant
torpeur;4;Intermédiaire;Sentiments & Psyché;Ralentissement léthargique de l'activité physique ou intellectuelle avec engourdissement.;"Du latin ""torpor"" (engourdissement).";Une lourde torpeur s'empara des convives après ce repas copieux.;léthargie, engourdissement, apathie, somnolence
antédiluvien;4;Intermédiaire;Temps & Éphémère;"Qui est antérieur au Déluge biblique ; par extension, qui est extrêmement vieux ou dépassé.";"Du latin ""ante"" (avant) et ""diluvium"" (déluge).";Il roule encore dans une voiture antédiluvienne qui fait un bruit de ferraille.;archaïque, obsolète, vieux, ancestral
caducité;4;Intermédiaire;Temps & Éphémère;État de ce qui est usé, périmé, temporaire ou sur le point de tomber.;"Du latin ""caducus"" (prêt à tomber).";Les feuilles d'automne illustrent parfaitement la caducité des choses terrestres.;obsolescence, fragilité, usure, décrépitude
hécatombe;4;Intermédiaire;Temps & Éphémère;"Sacrifice antique de cent bœufs ; par extension, grand nombre de morts causés par un drame.";"Du grec ""hekaton"" (cent) et ""bous"" (bœuf).";La grippe espagnole fut une véritable hécatombe en Europe.;massacre, carnage, tuerie, désastre
trépas;4;Intermédiaire;Temps & Éphémère;"Le passage solennel de la vie à la mort ; décès.";"De ""trépasser"" (passer au-delà).";La nouvelle de son trépas fut accueillie avec une immense tristesse.;mort, décès, fin, disparition
amphigourique;4;Expert;Art & Langage;Se dit d'un texte ou d'un discours extrêmement embrouillé, obscur et prétentieux.;"Origine incertaine, peut-être forgé sur ""amphi"" (autour) et ""gourer"" (se tromper).";L'avocat présenta une plaidoirie amphigourique qui lassa le jury.;embrouillé, confus, alambiqué, obscur
garrulité;4;Expert;Art & Langage;Bavardage abondant, insipide et indiscret.;"Du latin ""garrulitas"" (bavardage).";La garrulité de la voisine finissait par exaspérer tout le quartier.;bavardage, loquacité, babil
oblation;4;Expert;Art & Langage;Offrande solennelle faite à Dieu ou à une divinité dans le culte.;"Du latin ""oblatio"" (action d'offrir).";L'oblation de pain et de fruits fut déposée au pied du sanctuaire.;offrande, sacrifice, don
ostensoir;4;Expert;Art & Langage;Objet d'orfèvrerie religieuse destiné à exposer l'hostie consacrée à l'adoration des fidèles.;"Du latin ""ostendere"" (présenter, montrer).";L'évêque portait l'ostensoir d'or fin sous un dais de velours pour la procession.;monstrance, ciboire
panégyrique;4;Expert;Art & Langage;Discours solennel de louanges excessives et enthousiastes fait en l'honneur de quelqu'un.;"Du grec ""panegurikos"" (discours prononcé devant l'assemblée du peuple).";Le maire fit le panégyrique de son prédécesseur lors de l'inauguration.;éloge, apologie, louange, compliment
patène;4;Expert;Art & Langage;Petite assiette circulaire en métal précieux (or ou argent) servant à recevoir l'hostie durant la messe.;"Du latin ""patena"" (plat creux).";Le prêtre essuya la patène dorée avec soin avant de la ranger.;assiette, vaisselle sacrée
psautier;4;Expert;Art & Langage;Recueil religieux contenant les psaumes de la Bible, souvent richement enluminé au Moyen Âge.;"Du grec ""psalterion"" (instrument à cordes, psaltérion).";Ce psautier du XIIe siècle présente des lettrines dorées magnifiques.;bréviaire, missel, livre
ratiociner;4;Expert;Art & Langage;Se perdre en raisonnements trop subtils, pointilleux et sans portée concrète.;"Du latin ""ratiocinari"" (calculer, raisonner).";Arrête de ratiociner sur des détails et prends une décision.;chipoter, pinailler, ergoter, couper les cheveux en quatre
vate;4;Expert;Art & Langage;Poète inspiré par les dieux, prophète chez les Celtes.;"Du latin ""vates"" (devin, poète sacré).";Le vate chanta le combat des tribus sous la lune d'argent.;poète, barde, devin
épigone;4;Expert;Art & Langage;Successeur tardif ou imitateur d'une doctrine philosophique ou d'une école d'art.;"Du grec ""epigonoi"" (ceux qui sont nés après, successeurs).";Ce jeune peintre n'est qu'un épigone de l'impressionnisme, sans originalité.;disciple, successeur, imitateur
captieux;4;Expert;Esprit & Caractère;Se dit d'une argumentation mensongère, conçue de manière à tromper sous des dehors de vérité.;"Du latin ""captiosus"" (trompeur, captieux).";Ne te laisse pas séduire par ses promesses captieuses, c'est un piège.;fallacieux, trompeur, spécieux, perfide
ilote;4;Expert;Esprit & Caractère;"Esclave à Sparte ; par extension, personne réduite au dernier degré d'abaissement ou d'ignorance.";"Du grec ""Heilotes"" (habitants de la ville conquise d'Hélos).";Il refusait d'être traité comme un ilote taillable et corvéable à merci.;esclave, paria, asservi
impéritie;4;Expert;Esprit & Caractère;Incapacité ou manque d'habileté flagrante dans l'exercice d'une profession ou fonction.;"Du latin ""imperitia"" (manque d'expérience, ignorance).";L'effondrement du pont est dû à l'impéritie de l'ingénieur en chef.;incompétence, maladresse, ignorance
viateur;4;Expert;Esprit & Caractère;"Voyageur sur la terre ; au figuré, symbole spirituel de l'homme en marche vers sa destinée.";"Du latin ""viator"" (voyageur).";L'homme n'est qu'un humble viateur dans ce monde passager.;voyageur, pèlerin, errant
égrotant;4;Expert;Esprit & Caractère;De santé chancelante, maladif, languissant et sans force.;"Du latin ""aegrotans"" (malade).";Le poète égrotant passait ses journées allongé près de la cheminée.;maladif, valétudinaire, souffreteux, languissant
périgée;4;Expert;Nature & Cosmos;Point de l'orbite d'un astre qui se trouve au plus près de la Terre (opposé à l'apogée).;"Du grec ""perigeios"" (autour de la terre).";La lune paraissait immense ce soir-là car elle était à son périgée.;proximité orbitale
dirimant;4;Expert;Philosophie & Idées;Se dit d'un obstacle ou d'un argument décisif qui annule ou empêche toute discussion.;"Du latin ""dirimere"" (séparer, trancher).";Son absence le jour du concours fut un motif dirimant pour son exclusion.;décisif, rédhibitoire, éliminatoire, tranchant
haruspice;4;Expert;Philosophie & Idées;Devin de la Rome antique qui prédisait l'avenir en examinant les entrailles d'animaux sacrifiés.;"Du latin ""haruspex"" (qui examine les entrailles).";L'haruspice déclara que les présages étaient funestes pour l'expédition.;devin, oracle, augure
noumène;4;Expert;Philosophie & Idées;En philosophie kantienne, l'essence même des choses telle qu'elle est en soi, inaccessible aux sens.;"Du grec ""noumenon"" (objet de pensée pure).";Le phénomène est ce que nous percevons, le noumène est la réalité cachée derrière.;chose en soi, essence, idée
pythonisse;4;Expert;Philosophie & Idées;Devineresse, prophétesse ou femme prétendant prédire l'avenir.;De la Pythie, prêtresse de l'oracle de Delphes.;Elle consulta une pythonisse de passage pour connaître son destin amoureux.;devineresse, voyante, oracle, sibylle
solipsisme;4;Expert;Philosophie & Idées;Doctrine philosophique affirmant que le moi individuel est la seule réalité existante certaine.;"Du latin ""solus"" (seul) et ""ipse"" (soi-même).";Pousser le doute méthodique jusqu'au bout peut mener au solipsisme.;égocentrisme radical
thaumaturge;4;Expert;Philosophie & Idées;Qui accomplit des miracles ou des guérisons merveilleuses.;"Du grec ""thauma"" (miracle, merveille) et ""ergon"" (travail, action).";Les rois de France étaient réputés thaumaturges le jour de leur sacre.;miraculeux, magicien, guérisseur
téléologique;4;Expert;Philosophie & Idées;Se dit d'une doctrine ou d'une pensée expliquant les phénomènes par l'existence d'une cause finale ou d'un but.;"Du grec ""telos"" (fin, but) et ""logos"" (discours).";L'évolutionnisme contient parfois une vision téléologique sous-jacente.;finaliste
