mot;theme
allitération;Art & Langage
amphigourique;Art & Langage
aphorisme;Art & Langage
aphoristique;Art & Langage
apophtegme;Art & Langage
assonance;Art & Langage
aède;Art & Langage
calice;Art & Langage
calligramme;Art & Langage
cantilène;Art & Langage
codex;Art & Langage
cénacle;Art & Langage
césure;Art & Langage
diatribe;Art & Langage
dilettante;Art & Langage
enlumineur;Art & Langage
esthète;Art & Langage
estocade;Art & Langage
faconde;Art & Langage
frémissement;Art & Langage
funambule;Art & Langage
garrulité;Art & Langage
gnomique;Art & Langage
grimoire;Art & Langage
harangue;Art & Langage
hémistiche;Art & Langage
héraut;Art & Langage
incantation;Art & Langage
invective;Art & Langage
laconique;Art & Langage
laudateur;Art & Langage
libation;Art & Langage
liminaire;Art & Langage
liturgie;Art & Langage
loquace;Art & Langage
loquacité;Art & Langage
lyrisme;Art & Langage
mignardise;Art & Langage
mignonne;Art & Langage
murmure;Art & Langage
mélopée;Art & Langage
ménestrel;Art & Langage
métrique;Art & Langage
oblation;Art & Langage
ostensoir;Art & Langage
palimpseste;Art & Langage
panégyrique;Art & Langage
pataquès;Art & Langage
patène;Art & Langage
poétique;Art & Langage
prolixe;Art & Langage
prolixité;Art & Langage
psalmodie;Art & Langage
psalmodier;Art & Langage
psautier;Art & Langage
quiproquo;Art & Langage
ratiociner;Art & Langage
rhapsode;Art & Langage
rhapsodie;Art & Langage
satirique;Art & Langage
satyrique;Art & Langage
soliloque;Art & Langage
somnambule;Art & Langage
soporifique;Art & Langage
talisman;Art & Langage
tintamarre;Art & Langage
troubadour;Art & Langage
trépidation;Art & Langage
vate;Art & Langage
vaticination;Art & Langage
verbeux;Art & Langage
volubile;Art & Langage
volubilité;Art & Langage
vélin;Art & Langage
élixir;Art & Langage
élucubration;Art & Langage
élégiaque;Art & Langage
élégie;Art & Langage
épigone;Art & Langage
acrimonie;Esprit & Caractère
anachorète;Esprit & Caractère
atermoiement;Esprit & Caractère
atrabilaire;Esprit & Caractère
auguste;Esprit & Caractère
bilieux;Esprit & Caractère
bonhomie;Esprit & Caractère
brigand;Esprit & Caractère
captieux;Esprit & Caractère
causticité;Esprit & Caractère
caustique;Esprit & Caractère
circonspect;Esprit & Caractère
clémence;Esprit & Caractère
collusion;Esprit & Caractère
condottiere;Esprit & Caractère
connivence;Esprit & Caractère
cénobite;Esprit & Caractère
effronterie;Esprit & Caractère
estafette;Esprit & Caractère
facétieux;Esprit & Caractère
fallacieux;Esprit & Caractère
famélique;Esprit & Caractère
fielleux;Esprit & Caractère
flegmatique;Esprit & Caractère
flibustier;Esprit & Caractère
flâneur;Esprit & Caractère
fripon;Esprit & Caractère
goguenard;Esprit & Caractère
graveleux;Esprit & Caractère
gredin;Esprit & Caractère
grivois;Esprit & Caractère
grivoiserie;Esprit & Caractère
grognard;Esprit & Caractère
ignominie;Esprit & Caractère
ilote;Esprit & Caractère
imbroglio;Esprit & Caractère
impertinence;Esprit & Caractère
impudence;Esprit & Caractère
impérieux;Esprit & Caractère
impéritie;Esprit & Caractère
incurie;Esprit & Caractère
indocile;Esprit & Caractère
insidieux;Esprit & Caractère
insolence;Esprit & Caractère
insoumis;Esprit & Caractère
intransigeance;Esprit & Caractère
intrépide;Esprit & Caractère
intègre;Esprit & Caractère
irrévérence;Esprit & Caractère
larron;Esprit & Caractère
libidineux;Esprit & Caractère
licencieux;Esprit & Caractère
longanimité;Esprit & Caractère
magnanime;Esprit & Caractère
malandrin;Esprit & Caractère
mansuétude;Esprit & Caractère
maraudeur;Esprit & Caractère
marmiton;Esprit & Caractère
mentor;Esprit & Caractère
moujik;Esprit & Caractère
méticuleux;Esprit & Caractère
narquois;Esprit & Caractère
noctambule;Esprit & Caractère
obséquieux;Esprit & Caractère
ombrageux;Esprit & Caractère
opiniâtre;Esprit & Caractère
opulence;Esprit & Caractère
ostentatoire;Esprit & Caractère
ostracisme;Esprit & Caractère
outrageux;Esprit & Caractère
outrecuidance;Esprit & Caractère
outrecuidant;Esprit & Caractère
paladin;Esprit & Caractère
palefrenier;Esprit & Caractère
parangon;Esprit & Caractère
paria;Esprit & Caractère
parjure;Esprit & Caractère
patricien;Esprit & Caractère
pernicieux;Esprit & Caractère
plébéien;Esprit & Caractère
pointilleux;Esprit & Caractère
potentat;Esprit & Caractère
preux;Esprit & Caractère
probe;Esprit & Caractère
procrastination;Esprit & Caractère
prodigalité;Esprit & Caractère
précepteur;Esprit & Caractère
préséance;Esprit & Caractère
pugnace;Esprit & Caractère
pusillanime;Esprit & Caractère
renégat;Esprit & Caractère
sardonique;Esprit & Caractère
satyre;Esprit & Caractère
sbire;Esprit & Caractère
scabreux;Esprit & Caractère
scrupuleux;Esprit & Caractère
scélérat;Esprit & Caractère
sicaire;Esprit & Caractère
simagrée;Esprit & Caractère
sourcilleux;Esprit & Caractère
spadassin;Esprit & Caractère
suzerain;Esprit & Caractère
sycophante;Esprit & Caractère
taciturne;Esprit & Caractère
thuriféraire;Esprit & Caractère
turpitude;Esprit & Caractère
urbanité;Esprit & Caractère
valétudinaire;Esprit & Caractère
velléité;Esprit & Caractère
vergogne;Esprit & Caractère
viateur;Esprit & Caractère
vilipender;Esprit & Caractère
vitriolique;Esprit & Caractère
égrotant;Esprit & Caractère
érémitique;Esprit & Caractère
aurore;Lumière & Ombres
clair-obscur;Lumière & Ombres
coruscant;Lumière & Ombres
crépuscule;Lumière & Ombres
diaphane;Lumière & Ombres
exsangue;Lumière & Ombres
fuligineux;Lumière & Ombres
incandescent;Lumière & Ombres
irisé;Lumière & Ombres
luminescence;Lumière & Ombres
nimbe;Lumière & Ombres
opalin;Lumière & Ombres
phosphorescence;Lumière & Ombres
purpurine;Lumière & Ombres
pénombre;Lumière & Ombres
ténébreux;Lumière & Ombres
vespéral;Lumière & Ombres
alcyon;Nature & Cosmos
améthyste;Nature & Cosmos
arachnéen;Nature & Cosmos
auréole;Nature & Cosmos
azur;Nature & Cosmos
bocage;Nature & Cosmos
brume;Nature & Cosmos
bucolique;Nature & Cosmos
chrysanthème;Nature & Cosmos
chthonien;Nature & Cosmos
constellation;Nature & Cosmos
corolle;Nature & Cosmos
céleste;Nature & Cosmos
céruléen;Nature & Cosmos
dryade;Nature & Cosmos
effluve;Nature & Cosmos
empyrée;Nature & Cosmos
firmament;Nature & Cosmos
héliotrope;Nature & Cosmos
inflorescence;Nature & Cosmos
labyrinthe;Nature & Cosmos
limpide;Nature & Cosmos
lustral;Nature & Cosmos
nadir;Nature & Cosmos
nymphe;Nature & Cosmos
nébuleux;Nature & Cosmos
ondine;Nature & Cosmos
ondée;Nature & Cosmos
oscillation;Nature & Cosmos
parvis;Nature & Cosmos
pistil;Nature & Cosmos
pittoresque;Nature & Cosmos
périgée;Nature & Cosmos
pétale;Nature & Cosmos
pétrichor;Nature & Cosmos
sidéral;Nature & Cosmos
sillage;Nature & Cosmos
solstice;Nature & Cosmos
sylphide;Nature & Cosmos
sépale;Nature & Cosmos
tumulte;Nature & Cosmos
villégiature;Nature & Cosmos
zodiaque;Nature & Cosmos
zénith;Nature & Cosmos
zéphyr;Nature & Cosmos
éolien;Nature & Cosmos
équinoxe;Nature & Cosmos
étamine;Nature & Cosmos
éthéré;Nature & Cosmos
abscons;Philosophie & Idées
ambiguïté;Philosophie & Idées
anathème;Philosophie & Idées
apostasie;Philosophie & Idées
casuistique;Philosophie & Idées
chimère;Philosophie & Idées
conjecture;Philosophie & Idées
contingence;Philosophie & Idées
cryptique;Philosophie & Idées
dirimant;Philosophie & Idées
dogme;Philosophie & Idées
haruspice;Philosophie & Idées
hermétique;Philosophie & Idées
heuristique;Philosophie & Idées
imbrication;Philosophie & Idées
immanence;Philosophie & Idées
infrangible;Philosophie & Idées
intrinsèque;Philosophie & Idées
maxime;Philosophie & Idées
métaphysique;Philosophie & Idées
noumène;Philosophie & Idées
némésis;Philosophie & Idées
obsidional;Philosophie & Idées
onirique;Philosophie & Idées
ontologie;Philosophie & Idées
ontologique;Philosophie & Idées
paradigme;Philosophie & Idées
présage;Philosophie & Idées
pythonisse;Philosophie & Idées
quintessence;Philosophie & Idées
scholastique;Philosophie & Idées
sibyllin;Philosophie & Idées
solipsisme;Philosophie & Idées
sophisme;Philosophie & Idées
stigmate;Philosophie & Idées
stoïque;Philosophie & Idées
substantifique;Philosophie & Idées
syllogisme;Philosophie & Idées
syncrétisme;Philosophie & Idées
synesthésie;Philosophie & Idées
sérendipité;Philosophie & Idées
thaumaturge;Philosophie & Idées
transcendance;Philosophie & Idées
truisme;Philosophie & Idées
téléologique;Philosophie & Idées
éclectisme;Philosophie & Idées
énigmatique;Philosophie & Idées
épicurien;Philosophie & Idées
ésotérique;Philosophie & Idées
abattement;Sentiments & Psyché
abnégation;Sentiments & Psyché
aboulie;Sentiments & Psyché
accablement;Sentiments & Psyché
affliction;Sentiments & Psyché
alacrité;Sentiments & Psyché
allégresse;Sentiments & Psyché
anémie;Sentiments & Psyché
apathie;Sentiments & Psyché
ataraxie;Sentiments & Psyché
atone;Sentiments & Psyché
bannissement;Sentiments & Psyché
chagrin;Sentiments & Psyché
claustration;Sentiments & Psyché
commisération;Sentiments & Psyché
concorde;Sentiments & Psyché
consternation;Sentiments & Psyché
cors;Sentiments & Psyché
courroux;Sentiments & Psyché
cénesthésie;Sentiments & Psyché
dilection;Sentiments & Psyché
dolent;Sentiments & Psyché
désabusé;Sentiments & Psyché
effervescence;Sentiments & Psyché
exaltation;Sentiments & Psyché
extase;Sentiments & Psyché
ferveur;Sentiments & Psyché
fielueux;Sentiments & Psyché
félicité;Sentiments & Psyché
heur;Sentiments & Psyché
hypocondrie;Sentiments & Psyché
idylle;Sentiments & Psyché
indolence;Sentiments & Psyché
inextinguible;Sentiments & Psyché
inimitié;Sentiments & Psyché
insatiable;Sentiments & Psyché
insouciance;Sentiments & Psyché
jubilation;Sentiments & Psyché
langoureux;Sentiments & Psyché
langueur;Sentiments & Psyché
lascif;Sentiments & Psyché
léthargie;Sentiments & Psyché
miséricorde;Sentiments & Psyché
morose;Sentiments & Psyché
mélancolie;Sentiments & Psyché
neurasthénie;Sentiments & Psyché
neurasthénique;Sentiments & Psyché
nostalgie;Sentiments & Psyché
nostalgique;Sentiments & Psyché
noévie;Sentiments & Psyché
parapathique;Sentiments & Psyché
paresthésie;Sentiments & Psyché
perplexité;Sentiments & Psyché
placidité;Sentiments & Psyché
pétulant;Sentiments & Psyché
quiétude;Sentiments & Psyché
résilience;Sentiments & Psyché
solitaire;Sentiments & Psyché
somatisation;Sentiments & Psyché
spleen;Sentiments & Psyché
spleenétique;Sentiments & Psyché
stupeur;Sentiments & Psyché
séquestration;Sentiments & Psyché
sérénité;Sentiments & Psyché
torpeur;Sentiments & Psyché
varicose;Sentiments & Psyché
venimeux;Sentiments & Psyché
volupté;Sentiments & Psyché
équanimité;Sentiments & Psyché
ancestral;Temps & Éphémère
antédiluvien;Temps & Éphémère
apogée;Temps & Éphémère
caduc;Temps & Éphémère
caducité;Temps & Éphémère
célérité;Temps & Éphémère
déliquescence;Temps & Éphémère
désuet;Temps & Éphémère
fugace;Temps & Éphémère
hécatombe;Temps & Éphémère
imminent;Temps & Éphémère
immuable;Temps & Éphémère
immémorial;Temps & Éphémère
inexorable;Temps & Éphémère
intemporel;Temps & Éphémère
jadis;Temps & Éphémère
millénaire;Temps & Éphémère
obsolescence;Temps & Éphémère
obsolète;Temps & Éphémère
précurseur;Temps & Éphémère
prémices;Temps & Éphémère
périssable;Temps & Éphémère
réminiscence;Temps & Éphémère
sénescence;Temps & Éphémère
transitoire;Temps & Éphémère
trépas;Temps & Éphémère
vicissitude;Temps & Éphémère
éphémère;Temps & Éphémère
évanescent;Temps & Éphémère
acrimonieux;Esprit & Caractère
vergogneux;Esprit & Caractère
incurieux;Esprit & Caractère
frileux;Esprit & Caractère
splendide;Art & Langage
glèbe;Art & Langage
entéléchie;Philosophie & Idées
laudatif;Art & Langage
blâme;Art & Langage
verbe;Art & Langage
feintise;Esprit & Caractère
inclément;Esprit & Caractère
virginité;Sentiments & Psyché
vulgarité;Esprit & Caractère
étreinte;Sentiments & Psyché
parégorique;Art & Langage
insomnieux;Esprit & Caractère
commère;Art & Langage
douteur;Esprit & Caractère
vitupérer;Esprit & Caractère
servilité;Sentiments & Psyché
saphisme;Philosophie & Idées
mânes;Esprit & Caractère
arène;Nature & Cosmos
luminaire;Art & Langage
suspicieux;Esprit & Caractère
énervé;Sentiments & Psyché
rêne;Nature & Cosmos
semblance;Sentiments & Psyché
émasculer;Art & Langage
spiritueux;Esprit & Caractère
sente;Sentiments & Psyché
boiteux;Esprit & Caractère
sylvestre;Nature & Cosmos
sourdre;Sentiments & Psyché
violette;Nature & Cosmos
gémissement;Sentiments & Psyché
jaculatoire;Art & Langage
vomissure;Sentiments & Psyché
hyménée;Nature & Cosmos
chaume;Nature & Cosmos
septante;Nature & Cosmos
exultation;Sentiments & Psyché
songerie;Art & Langage
immarcescible;Temps & Éphémère
désobligeance;Esprit & Caractère
décombre;Sentiments & Psyché
érotique;Art & Langage
impécuniosité;Esprit & Caractère
perruque;Art & Langage
courtisan;Esprit & Caractère
enrhumé;Sentiments & Psyché
éminent;Esprit & Caractère
foucade;Lumière & Ombres
déconcerter;Sentiments & Psyché
sagette;Esprit & Caractère
sollicitation;Sentiments & Psyché
vipère;Nature & Cosmos
vénusté;Nature & Cosmos
contempteur;Esprit & Caractère
fantasquement;Sentiments & Psyché
périphrase;Art & Langage
spondée;Nature & Cosmos
incréé;Esprit & Caractère
cygne;Nature & Cosmos
trémuler;Art & Langage
séraphique;Art & Langage
sceptre;Art & Langage
cascadeur;Art & Langage
sangle;Nature & Cosmos
bellement;Esprit & Caractère
extatique;Philosophie & Idées
tétin;Nature & Cosmos
passerelle;Nature & Cosmos
faunesque;Lumière & Ombres
humilié;Sentiments & Psyché
dubitation;Sentiments & Psyché
tourte;Nature & Cosmos
martyre;Esprit & Caractère
proéminer;Esprit & Caractère
vestige;Temps & Éphémère
poncif;Nature & Cosmos
matutinal;Temps & Éphémère
artificieux;Esprit & Caractère
accort;Esprit & Caractère
assomption;Sentiments & Psyché
crépusculaire;Lumière & Ombres
virilité;Esprit & Caractère
hyperbole;Philosophie & Idées
sommeiller;Nature & Cosmos
infortuné;Sentiments & Psyché
seoir;Nature & Cosmos
furie;Sentiments & Psyché
émacié;Nature & Cosmos
adulateur;Esprit & Caractère
courtil;Nature & Cosmos
admonition;Sentiments & Psyché
froidure;Sentiments & Psyché
vibratile;Nature & Cosmos
surréel;Temps & Éphémère
aimeur;Art & Langage
onéreux;Esprit & Caractère
ligneux;Nature & Cosmos
chevaucheur;Art & Langage
disant;Sentiments & Psyché
astreinte;Esprit & Caractère
lèche;Nature & Cosmos
chaumine;Art & Langage
faucille;Nature & Cosmos
paronomasie;Philosophie & Idées
quantième;Philosophie & Idées
cavale;Nature & Cosmos
insulter;Esprit & Caractère
ponctuer;Art & Langage
commodité;Temps & Éphémère
fondement;Nature & Cosmos
salacité;Sentiments & Psyché
ailé;Nature & Cosmos
coutumier;Esprit & Caractère
éonisme;Philosophie & Idées
vitré;Nature & Cosmos
nonchalance;Sentiments & Psyché
déparer;Sentiments & Psyché
écrin;Nature & Cosmos
vastitude;Sentiments & Psyché
oublieux;Esprit & Caractère
difficultueux;Esprit & Caractère
signifiance;Philosophie & Idées
bouvier;Esprit & Caractère
orbe;Nature & Cosmos
chalumeau;Lumière & Ombres
logorrhée;Art & Langage
trame;Nature & Cosmos
occire;Nature & Cosmos
barde;Art & Langage
sidérer;Nature & Cosmos
sylvain;Nature & Cosmos
objurgation;Esprit & Caractère
captif;Esprit & Caractère
coquebin;Nature & Cosmos
faunesse;Esprit & Caractère
loisible;Esprit & Caractère
civilement;Esprit & Caractère
cétacé;Nature & Cosmos
vermisseau;Esprit & Caractère
gerbe;Nature & Cosmos
cacochyme;Nature & Cosmos
tressautement;Sentiments & Psyché
paître;Esprit & Caractère
colombe;Nature & Cosmos
onzième;Esprit & Caractère
béer;Nature & Cosmos
mercuriale;Nature & Cosmos
tribut;Esprit & Caractère
échevelé;Nature & Cosmos
balsamique;Art & Langage
rosier;Nature & Cosmos
languir;Art & Langage
simarre;Nature & Cosmos
librairie;Art & Langage
passereau;Nature & Cosmos
médianoche;Nature & Cosmos
esseuler;Nature & Cosmos
mutiner;Esprit & Caractère
foudroyant;Lumière & Ombres
tréfonds;Nature & Cosmos
nonpareil;Esprit & Caractère
doré;Lumière & Ombres
pôle;Nature & Cosmos
similitude;Art & Langage
quint;Esprit & Caractère
pâmer;Art & Langage
plaintif;Esprit & Caractère
lilial;Nature & Cosmos
mouvoir;Esprit & Caractère
encor;Sentiments & Psyché
appariteur;Esprit & Caractère
fourrier;Esprit & Caractère
ironiser;Art & Langage
préau;Esprit & Caractère
tourbe;Nature & Cosmos
aquilon;Nature & Cosmos
lointainement;Temps & Éphémère
poindre;Art & Langage
correspondance;Sentiments & Psyché
sillon;Nature & Cosmos
bergerie;Art & Langage
moutonner;Esprit & Caractère
voire;Art & Langage
saoul;Nature & Cosmos
tympan;Nature & Cosmos
brisure;Sentiments & Psyché
oye;Esprit & Caractère
phalange;Art & Langage
subjuguer;Esprit & Caractère
dépouille;Nature & Cosmos
mixte;Nature & Cosmos
satire;Art & Langage
moindrement;Temps & Éphémère
fronde;Esprit & Caractère
survivance;Temps & Éphémère
promouvoir;Esprit & Caractère
désobligeant;Esprit & Caractère
tablature;Art & Langage
crapule;Nature & Cosmos
poussinière;Art & Langage
hymen;Nature & Cosmos
indolent;Esprit & Caractère
clameur;Art & Langage
brise;Nature & Cosmos
obligeance;Sentiments & Psyché
obligeant;Esprit & Caractère
fructueux;Esprit & Caractère
dériveur;Esprit & Caractère
incendier;Esprit & Caractère
péril;Temps & Éphémère
fleuronner;Art & Langage
albâtre;Nature & Cosmos
nautonier;Esprit & Caractère
ouater;Lumière & Ombres
septentrion;Nature & Cosmos
atlante;Nature & Cosmos
interlope;Esprit & Caractère
nonnain;Esprit & Caractère
lavandière;Art & Langage
redire;Art & Langage
ivoire;Lumière & Ombres
