mot;score_v3;classe;zipf_books;ratio;categories_wikt
aboutissant;1.0;Excellent;2.908;9.0;littéraire
absinthe;1.0;Excellent;3.464;2.273;poétique
abstrus;1.0;Excellent;2.531;10.0;littéraire
accidenter;1.0;Excellent;2.146;1.167;littéraire
accort;1.0;Excellent;2.431;13.5;littéraire
acrimonieux;1.0;Excellent;1.845;7.0;soutenu
admonition;1.0;Excellent;2.146;14.0;soutenu
adonc;1.0;Excellent;1.845;10.0;archaïque
adoncques;1.0;Excellent;1.845;10.0;archaïque
adulateur;1.0;Excellent;1.845;10.0;poétique+soutenu
ailé;1.0;Excellent;3.152;2.0;poétique
aimeur;1.0;Excellent;1.845;10.0;littéraire
airain;1.0;Excellent;3.228;9.941;littéraire
albâtre;1.0;Excellent;3.473;5.211;poétique
alentour;1.0;Excellent;3.96;1.912;littéraire
aliénation;1.0;Excellent;3.173;1.252;littéraire
altitude;1.0;Excellent;3.803;0.997;littéraire
amante;1.0;Excellent;3.744;5.327;littéraire
amphitryon;1.0;Excellent;1.845;0.538;soutenu
anatidé;1.0;Excellent;1.845;10.0;soutenu
annales;1.0;Excellent;3.246;2.256;soutenu
anter;1.0;Excellent;1.845;10.0;archaïque
aposter;1.0;Excellent;1.845;10.0;littéraire
apparat;1.0;Excellent;3.681;9.412;littéraire
appariteur;1.0;Excellent;2.531;1.214;archaïque
appert;1.0;Excellent;2.146;10.0;littéraire
aquilon;1.0;Excellent;2.672;10.0;poétique
archipel;1.0;Excellent;3.473;6.188;archaïque
arder;1.0;Excellent;2.146;10.0;archaïque
ardre;1.0;Excellent;1.845;10.0;archaïque
arpion;1.0;Excellent;3.004;33.667;archaïque
arrière-neveux;1.0;Excellent;1.845;10.0;soutenu
artifice;1.0;Excellent;3.93;1.582;soutenu
artificieux;1.0;Excellent;1.845;10.0;littéraire
arène;1.0;Excellent;3.615;1.831;littéraire+poétique
aspre;1.0;Excellent;1.845;10.0;archaïque
assomption;1.0;Excellent;2.613;10.0;soutenu
astreinte;1.0;Excellent;1.845;3.5;littéraire
atlante;1.0;Excellent;2.431;5.4;littéraire
augmentation;1.0;Excellent;3.511;0.49;littéraire
autan;1.0;Excellent;1.845;10.0;poétique
avide;1.0;Excellent;4.015;5.33;soutenu
azurer;1.0;Excellent;1.845;10.0;poétique
balsamique;1.0;Excellent;2.613;4.1;littéraire
barde;1.0;Excellent;2.613;2.278;littéraire
bayer;1.0;Excellent;2.301;20.0;archaïque
bellement;1.0;Excellent;2.732;3.857;littéraire
bergerie;1.0;Excellent;3.453;2.869;littéraire
bise;1.0;Excellent;3.909;3.015;poétique
blâme;1.0;Excellent;3.607;2.189;littéraire
bobine;1.0;Excellent;3.473;1.531;littéraire
bocager;1.0;Excellent;1.845;10.0;littéraire+poétique
boiteux;1.0;Excellent;3.348;1.104;poétique
bout-rimé;1.0;Excellent;1.845;10.0;poétique
bouvier;1.0;Excellent;2.833;5.667;littéraire
brand;1.0;Excellent;2.146;10.0;archaïque
brise;1.0;Excellent;4.037;1.943;littéraire+poétique
brisure;1.0;Excellent;2.869;10.0;poétique
brochet;1.0;Excellent;3.502;7.227;littéraire
brune;1.0;Excellent;3.808;1.446;poétique
butin;1.0;Excellent;3.716;0.829;poétique
béer;1.0;Excellent;3.004;10.1;littéraire
cacochyme;1.0;Excellent;2.672;10.0;soutenu
captif;1.0;Excellent;3.334;3.429;soutenu
carmagnole;1.0;Excellent;2.672;10.0;archaïque
cascadeur;1.0;Excellent;2.146;0.074;littéraire
cavale;1.0;Excellent;3.629;1.101;littéraire+poétique
celer;1.0;Excellent;2.301;0.5;littéraire
chalumeau;1.0;Excellent;3.373;1.484;poétique
chanteur;1.0;Excellent;3.963;0.938;poétique
chaume;1.0;Excellent;3.687;13.5;poétique
chaumine;1.0;Excellent;2.613;3.727;littéraire
chaux;1.0;Excellent;3.867;5.576;archaïque
chenu;1.0;Excellent;2.732;3.857;poétique
chevaucheur;1.0;Excellent;1.845;10.0;littéraire
choir;1.0;Excellent;3.838;20.879;littéraire
châtel;1.0;Excellent;1.845;10.0;archaïque
circonstanciel;1.0;Excellent;1.845;10.0;soutenu
civilement;1.0;Excellent;2.869;18.5;archaïque
clameur;1.0;Excellent;3.749;7.685;littéraire
cohorte;1.0;Excellent;3.52;6.755;poétique
coi;1.0;Excellent;3.334;5.143;archaïque
colombe;1.0;Excellent;3.545;0.691;littéraire+poétique
commodité;1.0;Excellent;3.276;7.269;archaïque+soutenu
commune;1.0;Excellent;3.886;2.711;soutenu
commère;1.0;Excellent;3.386;7.147;archaïque
compas;1.0;Excellent;3.453;1.893;littéraire
compositeur;1.0;Excellent;3.464;0.804;archaïque
confins;1.0;Excellent;3.863;4.398;littéraire
confondre;1.0;Excellent;4.12;2.729;soutenu
congru;1.0;Excellent;2.531;10.0;soutenu
conseilleur;1.0;Excellent;1.845;10.0;littéraire
conserver;1.0;Excellent;4.245;3.26;soutenu
consommer;1.0;Excellent;3.615;1.373;littéraire
contaminer;1.0;Excellent;3.033;0.403;littéraire
contempteur;1.0;Excellent;2.431;27.0;littéraire
coquebin;1.0;Excellent;2.531;10.0;littéraire
corail;1.0;Excellent;3.473;2.856;poétique
correspondance;1.0;Excellent;4.075;2.231;littéraire
coupon;1.0;Excellent;3.086;1.034;archaïque
courber;1.0;Excellent;3.681;9.796;poétique
couronner;1.0;Excellent;3.562;2.517;soutenu
courre;1.0;Excellent;3.464;3.88;archaïque
coursier;1.0;Excellent;3.292;0.483;littéraire+soutenu
courtaud;1.0;Excellent;2.785;2.905;littéraire
courtil;1.0;Excellent;1.845;10.0;poétique
courtisan;1.0;Excellent;3.32;3.167;soutenu
coutumier;1.0;Excellent;3.41;12.85;littéraire
coîffe;1.0;Excellent;3.656;7.306;archaïque
crapule;1.0;Excellent;3.398;0.564;archaïque
cristallin;1.0;Excellent;3.26;7.0;poétique
cristallisation;1.0;Excellent;2.431;1.35;littéraire
crépusculaire;1.0;Excellent;3.276;50.0;littéraire
cygne;1.0;Excellent;3.668;0.883;poétique
cétacé;1.0;Excellent;2.146;4.667;littéraire
dahoméen;1.0;Excellent;1.845;10.0;archaïque
dard;1.0;Excellent;3.19;1.192;poétique
darder;1.0;Excellent;2.869;10.0;poétique
dentelle;1.0;Excellent;4.243;5.757;littéraire
dentition;1.0;Excellent;2.613;0.383;littéraire
derechef;1.0;Excellent;3.511;50.0;littéraire
destinée;1.0;Excellent;3.92;0.962;poétique
difficultueux;1.0;Excellent;1.845;10.0;littéraire
diligence;1.0;Excellent;3.373;0.726;littéraire
dindon;1.0;Excellent;2.869;0.602;soutenu
disant;1.0;Excellent;3.847;5.535;littéraire
dissension;1.0;Excellent;2.978;2.639;littéraire
diurnal;1.0;Excellent;1.845;10.0;littéraire
dorer;1.0;Excellent;3.749;6.233;poétique
doré;1.0;Excellent;4.215;7.108;poétique
douteur;1.0;Excellent;2.146;10.0;littéraire
dubitation;1.0;Excellent;1.845;10.0;littéraire
déchirer;1.0;Excellent;3.954;1.207;littéraire
déchoir;1.0;Excellent;3.173;50.0;littéraire
décombre;1.0;Excellent;3.816;6.009;littéraire
déconcerter;1.0;Excellent;3.152;7.474;littéraire
décret;1.0;Excellent;3.808;1.814;littéraire
décéder;1.0;Excellent;3.21;0.39;soutenu
décédé;1.0;Excellent;2.672;0.297;soutenu
déduit;1.0;Excellent;2.431;1.286;littéraire
déparer;1.0;Excellent;2.672;4.273;soutenu
dépouille;1.0;Excellent;3.699;2.959;littéraire
dériveur;1.0;Excellent;2.146;1.0;archaïque
désobligeance;1.0;Excellent;2.146;10.0;soutenu
désobligeant;1.0;Excellent;3.004;11.222;soutenu
désolé;1.0;Excellent;3.812;0.034;soutenu
eau-forte;1.0;Excellent;2.431;0.9;archaïque
efflorescence;1.0;Excellent;2.431;27.0;littéraire
empresser;1.0;Excellent;3.398;19.231;littéraire
encor;1.0;Excellent;2.431;0.643;poétique
enrhumé;1.0;Excellent;2.908;3.857;littéraire
ensanglanter;1.0;Excellent;2.944;1.956;poétique
entéléchie;1.0;Excellent;1.845;10.0;littéraire
esseuler;1.0;Excellent;2.146;0.824;littéraire
estoc;1.0;Excellent;2.301;1.25;littéraire
extatique;1.0;Excellent;3.004;4.591;soutenu
exultation;1.0;Excellent;2.833;13.6;littéraire
faction;1.0;Excellent;3.571;5.391;soutenu
faluche;1.0;Excellent;2.146;10.0;archaïque
fantasquement;1.0;Excellent;1.845;10.0;littéraire
faquin;1.0;Excellent;2.301;0.444;littéraire
faucille;1.0;Excellent;3.348;4.373;poétique
faunesque;1.0;Excellent;1.845;10.0;littéraire
faunesse;1.0;Excellent;1.845;10.0;poétique
favori;1.0;Excellent;3.764;1.119;soutenu
feintise;1.0;Excellent;1.845;10.0;littéraire
ferraille;1.0;Excellent;4.037;2.578;littéraire
fleuronner;1.0;Excellent;1.845;10.0;littéraire
flexuosité;1.0;Excellent;1.845;10.0;littéraire
flouer;1.0;Excellent;2.732;1.385;littéraire
fluer;1.0;Excellent;1.845;10.0;littéraire
fondement;1.0;Excellent;3.386;1.381;poétique
fonduë;1.0;Excellent;2.869;0.712;archaïque
forgerie;1.0;Excellent;1.845;10.0;littéraire
foucade;1.0;Excellent;2.531;10.0;littéraire
foudroyant;1.0;Excellent;3.511;32.4;poétique
fourrier;1.0;Excellent;3.228;50.0;littéraire
fourrière;1.0;Excellent;2.908;0.286;littéraire
frayer;1.0;Excellent;3.687;4.718;littéraire
frileux;1.0;Excellent;3.562;4.932;littéraire
froidure;1.0;Excellent;3.19;14.091;littéraire+poétique
fronde;1.0;Excellent;3.228;1.965;poétique
fructueux;1.0;Excellent;3.13;4.219;poétique
furie;1.0;Excellent;3.744;2.702;poétique
futurisme;1.0;Excellent;1.845;10.0;littéraire
gaster;1.0;Excellent;2.146;14.0;archaïque
gay;1.0;Excellent;2.531;0.019;archaïque
gerbe;1.0;Excellent;3.886;20.263;littéraire
geôle;1.0;Excellent;3.276;21.0;littéraire
gifle;1.0;Excellent;3.994;2.739;archaïque
glacer;1.0;Excellent;3.886;4.231;poétique
glèbe;1.0;Excellent;2.944;1.725;littéraire
gouffre;1.0;Excellent;4.055;3.309;soutenu
gramen;1.0;Excellent;2.301;10.0;littéraire
grand-peur;1.0;Excellent;2.301;10.0;littéraire
gravûre;1.0;Excellent;3.789;10.789;archaïque
guerrier;1.0;Excellent;3.789;0.801;soutenu
guéret;1.0;Excellent;2.301;20.0;poétique
gémissement;1.0;Excellent;3.969;9.608;poétique
habitat;1.0;Excellent;2.944;0.672;littéraire
hai;1.0;Excellent;1.845;0.055;archaïque
havre;1.0;Excellent;3.483;3.576;littéraire
helvétien;1.0;Excellent;1.845;10.0;poétique
herbette;1.0;Excellent;1.845;10.0;poétique
homicide;1.0;Excellent;2.869;0.418;soutenu
hourvari;1.0;Excellent;2.613;1.519;littéraire
huis;1.0;Excellent;3.26;3.792;littéraire
humilié;1.0;Excellent;3.334;1.982;archaïque
hymen;1.0;Excellent;2.531;0.166;poétique
hyménée;1.0;Excellent;1.845;10.0;poétique
hyperbole;1.0;Excellent;2.301;2.222;littéraire
immarcescible;1.0;Excellent;1.845;10.0;littéraire
immoler;1.0;Excellent;2.613;0.532;littéraire
impatient;1.0;Excellent;3.963;1.242;poétique
impatroniser;1.0;Excellent;1.845;10.0;littéraire
impécuniosité;1.0;Excellent;1.845;10.0;littéraire
incendier;1.0;Excellent;3.276;2.032;littéraire
incivil;1.0;Excellent;2.146;10.0;soutenu
inclément;1.0;Excellent;1.845;10.0;soutenu
incontinent;1.0;Excellent;3.033;5.4;littéraire
incréé;1.0;Excellent;2.146;10.0;littéraire
incurieux;1.0;Excellent;1.845;10.0;littéraire
indolent;1.0;Excellent;3.086;9.385;littéraire
infortune;1.0;Excellent;3.571;3.074;soutenu
infortuné;1.0;Excellent;3.246;2.411;soutenu
insomnieux;1.0;Excellent;2.301;10.0;littéraire
insulter;1.0;Excellent;3.808;0.95;littéraire
interdit;1.0;Excellent;3.789;1.223;littéraire
interlope;1.0;Excellent;2.531;10.0;soutenu
iris;1.0;Excellent;3.808;1.634;littéraire
ironiser;1.0;Excellent;3.004;10.0;littéraire
ivoire;1.0;Excellent;3.894;4.0;poétique
jaculatoire;1.0;Excellent;1.845;10.0;littéraire
jais;1.0;Excellent;3.834;15.86;littéraire
jà;1.0;Excellent;2.613;0.402;archaïque
lacs;1.0;Excellent;3.933;2.383;archaïque
lambris;1.0;Excellent;3.19;38.75;poétique
lange;1.0;Excellent;3.19;2.067;poétique
languide;1.0;Excellent;3.107;12.8;littéraire
languir;1.0;Excellent;3.033;0.745;poétique
lare;1.0;Excellent;1.845;10.0;poétique
laudatif;1.0;Excellent;1.845;10.0;soutenu
lavandière;1.0;Excellent;3.004;50.0;littéraire
lez;1.0;Excellent;2.146;0.389;archaïque
librairie;1.0;Excellent;3.916;1.641;archaïque
licol;1.0;Excellent;2.672;10.0;poétique
lie;1.0;Excellent;3.362;3.026;poétique
ligneux;1.0;Excellent;2.301;10.0;littéraire
lilial;1.0;Excellent;2.613;10.0;poétique
logorrhée;1.0;Excellent;2.431;4.5;littéraire
lointainement;1.0;Excellent;2.672;10.0;littéraire
loisible;1.0;Excellent;2.869;10.0;littéraire+soutenu
lopin;1.0;Excellent;2.531;0.654;littéraire
luminaire;1.0;Excellent;2.613;8.2;littéraire
lyre;1.0;Excellent;3.061;2.091;littéraire
lèche;1.0;Excellent;2.833;0.493;archaïque
léopardé;1.0;Excellent;1.845;10.0;littéraire
lû;1.0;Excellent;3.19;1.582;archaïque
maint;1.0;Excellent;2.613;0.323;littéraire
mallarméen;1.0;Excellent;1.845;10.0;littéraire
mander;1.0;Excellent;3.061;3.382;poétique
maritorne;1.0;Excellent;2.431;10.0;soutenu
marri;1.0;Excellent;2.613;13.667;littéraire
martyre;1.0;Excellent;3.784;1.831;poétique
mary;1.0;Excellent;2.301;0.357;archaïque
matrône;1.0;Excellent;3.334;9.391;archaïque
matutinal;1.0;Excellent;2.146;10.0;littéraire
melliflue;1.0;Excellent;1.845;10.0;littéraire
mercuriale;1.0;Excellent;1.845;10.0;littéraire
messer;1.0;Excellent;2.978;0.633;poétique
meûnier;1.0;Excellent;2.869;0.974;archaïque
milice;1.0;Excellent;3.386;0.748;soutenu
militer;1.0;Excellent;2.978;5.938;archaïque
missile;1.0;Excellent;2.613;0.055;archaïque
mixte;1.0;Excellent;3.362;1.031;archaïque
modérateur;1.0;Excellent;1.845;7.0;soutenu
moindrement;1.0;Excellent;1.845;3.5;littéraire
monder;1.0;Excellent;1.845;10.0;littéraire
morné;1.0;Excellent;4.16;17.852;archaïque
moutonner;1.0;Excellent;2.431;10.0;littéraire
mouvoir;1.0;Excellent;3.629;7.345;littéraire
muraille;1.0;Excellent;4.042;8.602;soutenu
muser;1.0;Excellent;2.146;10.0;littéraire
mutiner;1.0;Excellent;2.146;0.778;poétique
myrte;1.0;Excellent;2.908;10.0;littéraire
mânes;1.0;Excellent;2.613;41.0;poétique
médianoche;1.0;Excellent;2.672;10.0;littéraire
méger;1.0;Excellent;2.732;0.651;archaïque
nacelle;1.0;Excellent;3.373;2.269;littéraire
nautonier;1.0;Excellent;2.301;10.0;poétique
nef;1.0;Excellent;3.812;15.829;poétique
nippon;1.0;Excellent;2.613;1.242;soutenu
nocher;1.0;Excellent;2.146;7.0;poétique
noise;1.0;Excellent;2.613;0.519;littéraire
nonante;1.0;Excellent;2.431;1.0;archaïque
nonchalance;1.0;Excellent;3.699;10.638;littéraire
nonnain;1.0;Excellent;2.785;10.0;littéraire
nonobstant;1.0;Excellent;3.473;18.562;soutenu
nonpareil;1.0;Excellent;2.146;14.0;littéraire
nourrisson;1.0;Excellent;3.483;2.69;soutenu
nouër;1.0;Excellent;3.779;3.599;archaïque
oaristys;1.0;Excellent;1.845;10.0;littéraire
objurgation;1.0;Excellent;3.276;10.0;littéraire
obligeance;1.0;Excellent;3.19;1.845;soutenu
obligeant;1.0;Excellent;3.033;6.353;soutenu
occire;1.0;Excellent;2.613;4.1;littéraire
oiseleur;1.0;Excellent;2.672;7.833;littéraire
olive;1.0;Excellent;3.675;1.642;poétique
onzième;1.0;Excellent;3.173;4.382;archaïque
onéreux;1.0;Excellent;2.833;1.133;littéraire
orbe;1.0;Excellent;3.004;2.196;poétique
ouater;1.0;Excellent;2.833;10.0;littéraire
oublieux;1.0;Excellent;3.107;2.844;archaïque
outrage;1.0;Excellent;3.473;0.874;littéraire
oye;1.0;Excellent;2.978;4.524;archaïque
pagure;1.0;Excellent;1.845;10.0;soutenu
palsambleu;1.0;Excellent;2.301;6.667;archaïque
panner;1.0;Excellent;2.146;10.0;archaïque
panser;1.0;Excellent;3.152;2.84;littéraire
par-devers;1.0;Excellent;3.033;50.0;littéraire
paronomasie;1.0;Excellent;1.845;10.0;archaïque
parégorique;1.0;Excellent;2.531;8.5;archaïque
passereau;1.0;Excellent;2.785;2.033;littéraire
passerelle;1.0;Excellent;3.927;1.916;archaïque
paître;1.0;Excellent;3.246;1.814;poétique+soutenu
perruque;1.0;Excellent;3.847;0.875;poétique
phalange;1.0;Excellent;3.545;8.357;littéraire
phosphorescent;1.0;Excellent;3.307;8.826;littéraire
physicien;1.0;Excellent;2.978;1.267;archaïque
physionomiste;1.0;Excellent;2.146;1.556;soutenu
pié;1.0;Excellent;3.502;3.0;archaïque
plaintif;1.0;Excellent;3.52;4.086;poétique
plûpart;1.0;Excellent;1.845;7.0;archaïque
poindre;1.0;Excellent;3.453;0.556;littéraire
pomper;1.0;Excellent;3.061;0.669;littéraire
poncif;1.0;Excellent;2.672;10.0;littéraire
ponctuer;1.0;Excellent;3.334;50.0;littéraire
pourceau;1.0;Excellent;2.785;1.386;littéraire
pourfendre;1.0;Excellent;2.732;13.5;littéraire
pourpoint;1.0;Excellent;3.061;1.949;poétique
poussinière;1.0;Excellent;1.845;10.0;poétique
procédé;1.0;Excellent;3.649;1.36;littéraire
profus;1.0;Excellent;2.431;27.0;littéraire
promoteur;1.0;Excellent;3.004;3.607;littéraire
promouvoir;1.0;Excellent;3.21;0.455;littéraire
prospère;1.0;Excellent;3.348;0.699;soutenu
proéminer;1.0;Excellent;1.845;10.0;littéraire
préau;1.0;Excellent;3.545;35.1;poétique
prévention;1.0;Excellent;3.13;1.015;littéraire
pulser;1.0;Excellent;2.301;20.0;littéraire
pulvérulence;1.0;Excellent;1.845;10.0;littéraire+soutenu
purger;1.0;Excellent;3.033;0.679;poétique
pus;1.0;Excellent;3.699;2.632;archaïque
pâmer;1.0;Excellent;2.785;10.167;littéraire
péril;1.0;Excellent;4.0;1.582;soutenu
périlleux;1.0;Excellent;3.554;4.115;soutenu
périphrase;1.0;Excellent;2.146;1.273;littéraire
péroraison;1.0;Excellent;2.978;10.0;littéraire
pôle;1.0;Excellent;3.442;0.888;poétique
quantième;1.0;Excellent;1.845;10.0;littéraire
quint;1.0;Excellent;2.301;1.0;archaïque
quintal;1.0;Excellent;2.833;3.579;archaïque
radin;1.0;Excellent;3.107;0.476;archaïque
ramure;1.0;Excellent;3.41;23.364;poétique
ratiocination;1.0;Excellent;2.732;10.0;littéraire
rebondir;1.0;Excellent;3.52;5.092;littéraire
rebours;1.0;Excellent;3.464;0.827;archaïque
recru;1.0;Excellent;2.301;1.429;littéraire+soutenu
redire;1.0;Excellent;3.705;1.668;soutenu
redorer;1.0;Excellent;2.431;1.5;poétique
rejeton;1.0;Excellent;3.362;3.77;poétique+soutenu
remembrance;1.0;Excellent;2.146;14.0;poétique
ressaut;1.0;Excellent;2.869;50.0;littéraire
ressortir;1.0;Excellent;3.898;1.705;littéraire
ressouvenir;1.0;Excellent;2.672;0.691;archaïque+littéraire
rez;1.0;Excellent;2.531;0.944;littéraire
ris;1.0;Excellent;2.531;0.227;poétique
robot;1.0;Excellent;3.228;0.113;littéraire
rosier;1.0;Excellent;3.622;6.869;littéraire
roy;1.0;Excellent;2.431;1.588;archaïque
rédhibitoire;1.0;Excellent;2.531;5.667;soutenu
résille;1.0;Excellent;3.276;7.0;poétique
résipiscence;1.0;Excellent;2.672;10.0;littéraire
rêne;1.0;Excellent;3.749;2.538;soutenu
safran;1.0;Excellent;3.276;4.974;poétique
sagette;1.0;Excellent;1.845;10.0;poétique
salacité;1.0;Excellent;2.146;10.0;littéraire
sangle;1.0;Excellent;3.348;3.78;archaïque
sangler;1.0;Excellent;3.386;50.0;archaïque
saoul;1.0;Excellent;3.976;1.211;archaïque
saphisme;1.0;Excellent;1.845;10.0;littéraire
sardanapalesque;1.0;Excellent;1.845;10.0;littéraire
satire;1.0;Excellent;2.613;1.519;littéraire
saur;1.0;Excellent;2.732;50.0;archaïque
sceptre;1.0;Excellent;3.152;0.882;soutenu
secoûrir;1.0;Excellent;3.422;0.889;archaïque
seing;1.0;Excellent;1.845;7.0;archaïque
semblance;1.0;Excellent;2.431;13.5;littéraire
sente;1.0;Excellent;3.362;32.857;littéraire
seoir;1.0;Excellent;3.453;1.701;littéraire+soutenu
septante;1.0;Excellent;1.845;0.636;archaïque
septentrion;1.0;Excellent;1.845;0.438;soutenu
servilité;1.0;Excellent;3.061;50.0;littéraire
sidérer;1.0;Excellent;3.061;2.738;soutenu
signifiance;1.0;Excellent;1.845;0.5;littéraire
sillon;1.0;Excellent;3.863;15.87;littéraire+poétique
simarre;1.0;Excellent;2.146;10.0;poétique
similitude;1.0;Excellent;2.978;2.794;littéraire
situër;1.0;Excellent;3.894;2.904;archaïque
smaragdin;1.0;Excellent;1.845;10.0;littéraire
solaire;1.0;Excellent;3.812;0.922;littéraire
sollicitation;1.0;Excellent;3.228;50.0;littéraire
sommeiller;1.0;Excellent;3.276;37.8;poétique
songerie;1.0;Excellent;2.944;44.0;littéraire
sourdre;1.0;Excellent;3.538;10.0;littéraire
souventefois;1.0;Excellent;2.146;10.0;archaïque
spiritueux;1.0;Excellent;2.785;1.488;archaïque
splendide;1.0;Excellent;3.863;0.472;littéraire
spondée;1.0;Excellent;1.845;10.0;littéraire
stupre;1.0;Excellent;2.908;5.786;soutenu
subjuguer;1.0;Excellent;3.19;4.429;littéraire
sublimer;1.0;Excellent;2.732;1.2;littéraire
superfétatoire;1.0;Excellent;2.431;9.0;soutenu
surréel;1.0;Excellent;2.301;10.0;littéraire
survivance;1.0;Excellent;2.944;22.0;littéraire
suspicieux;1.0;Excellent;2.732;0.831;littéraire
sylvain;1.0;Excellent;1.845;10.0;littéraire
sylve;1.0;Excellent;2.146;10.0;poétique
sylvestre;1.0;Excellent;2.908;3.522;littéraire
séraphique;1.0;Excellent;2.531;10.0;littéraire
sõt;1.0;Excellent;3.577;1.385;archaïque
tablature;1.0;Excellent;1.845;10.0;archaïque
tacher;1.0;Excellent;3.635;2.541;littéraire
tancer;1.0;Excellent;2.672;47.0;littéraire
tigrure;1.0;Excellent;1.845;10.0;soutenu
tintinnabulement;1.0;Excellent;1.845;10.0;littéraire
tombeau;1.0;Excellent;3.95;0.938;littéraire
tourbe;1.0;Excellent;3.292;4.455;littéraire
tourte;1.0;Excellent;2.732;0.524;poétique
toxique;1.0;Excellent;2.613;0.186;littéraire
tracer;1.0;Excellent;3.863;3.288;soutenu
trame;1.0;Excellent;3.722;12.256;poétique
tressautement;1.0;Excellent;2.672;10.0;soutenu
tribut;1.0;Excellent;3.334;3.13;poétique
tréfonds;1.0;Excellent;3.464;4.694;littéraire
trémuler;1.0;Excellent;2.301;10.0;littéraire
turquin;1.0;Excellent;2.146;10.0;littéraire
tympan;1.0;Excellent;3.545;3.944;littéraire
tétin;1.0;Excellent;2.301;10.0;littéraire
unanimisme;1.0;Excellent;1.845;10.0;littéraire
uranisme;1.0;Excellent;1.845;10.0;littéraire
val;1.0;Excellent;3.483;1.434;littéraire
varia;1.0;Excellent;1.845;3.5;littéraire
vastitude;1.0;Excellent;2.301;10.0;littéraire
verbe;1.0;Excellent;3.923;5.048;littéraire+soutenu
vergeture;1.0;Excellent;2.613;1.0;littéraire
vergogneux;1.0;Excellent;2.431;10.0;littéraire
vermisseau;1.0;Excellent;1.845;0.241;littéraire
vestige;1.0;Excellent;3.789;6.543;soutenu
vexer;1.0;Excellent;3.622;0.804;littéraire
vibratile;1.0;Excellent;2.301;20.0;littéraire
vicinal;1.0;Excellent;2.672;10.0;littéraire
violette;1.0;Excellent;3.642;3.752;poétique
vipère;1.0;Excellent;3.52;0.968;littéraire
virginité;1.0;Excellent;3.545;0.826;littéraire
virilité;1.0;Excellent;3.803;2.581;littéraire
vitré;1.0;Excellent;4.05;37.4;archaïque
vitupérer;1.0;Excellent;2.613;10.0;littéraire
voire;1.0;Excellent;4.228;2.276;littéraire
vomissure;1.0;Excellent;2.908;2.455;soutenu
vulgarité;1.0;Excellent;3.728;3.358;soutenu
vulpin;1.0;Excellent;1.845;10.0;soutenu
vénusté;1.0;Excellent;2.531;10.0;littéraire
échevelé;1.0;Excellent;3.32;50.0;littéraire
éclore;1.0;Excellent;3.453;3.463;littéraire
écrin;1.0;Excellent;3.529;9.389;poétique
émacié;1.0;Excellent;3.307;50.0;soutenu
émail;1.0;Excellent;3.759;10.25;poétique
émailler;1.0;Excellent;2.869;24.667;poétique
émasculer;1.0;Excellent;2.146;4.667;littéraire
éminent;1.0;Excellent;3.307;1.223;soutenu
énervé;1.0;Excellent;3.334;0.943;littéraire
éonisme;1.0;Excellent;1.845;10.0;littéraire
éployer;1.0;Excellent;2.613;10.0;littéraire
érotique;1.0;Excellent;3.775;1.957;littéraire
étreinte;1.0;Excellent;4.092;6.0;soutenu
évanouir;1.0;Excellent;3.916;1.873;archaïque
