mot;theme;score_v3;classe;zipf_books;ratio;categories_wikt;has_lexique;has_wikt
abattement;Sentiments & Psyché;1.0;Excellent;3.373;13.882;;oui;non
aboulie;Sentiments & Psyché;1.0;Excellent;2.146;10.0;;oui;non
abscons;Philosophie & Idées;1.0;Excellent;2.732;4.5;soutenu;oui;oui
accablement;Sentiments & Psyché;1.0;Excellent;3.554;17.048;;oui;non
acrimonie;Esprit & Caractère;1.0;Excellent;2.908;13.5;;oui;non
affliction;Sentiments & Psyché;1.0;Excellent;3.398;2.294;;oui;non
alacrité;Sentiments & Psyché;1.0;Excellent;2.785;50.0;soutenu;oui;oui
alcyon;Nature & Cosmos;1.0;Excellent;2.785;4.692;;oui;non
ambiguïté;Philosophie & Idées;1.0;Excellent;3.453;7.282;;oui;non
amphigourique;Art & Langage;1.0;Excellent;2.146;10.0;;oui;non
améthyste;Nature & Cosmos;1.0;Excellent;2.732;27.0;;oui;non
anachorète;Esprit & Caractère;1.0;Excellent;2.613;4.1;;oui;non
anathème;Philosophie & Idées;1.0;Excellent;2.944;0.815;soutenu;oui;oui
ancestral;Temps & Éphémère;1.0;Excellent;3.307;2.093;;oui;non
antédiluvien;Temps & Éphémère;1.0;Excellent;2.613;41.0;;oui;non
apathie;Sentiments & Psyché;1.0;Excellent;3.173;1.637;;oui;non
aphorisme;Art & Langage;1.0;Excellent;2.869;37.0;;oui;non
apogée;Temps & Éphémère;1.0;Excellent;3.246;1.257;;oui;non
apophtegme;Art & Langage;1.0;Excellent;2.301;10.0;;oui;non
apostasie;Philosophie & Idées;1.0;Excellent;2.613;41.0;;oui;non
arachnéen;Nature & Cosmos;1.0;Excellent;2.431;10.0;littéraire;oui;oui
assonance;Art & Langage;1.0;Excellent;2.301;20.0;;oui;non
ataraxie;Sentiments & Psyché;1.0;Excellent;1.845;3.5;;oui;non
atermoiement;Esprit & Caractère;1.0;Excellent;2.978;3.393;;oui;non
atone;Sentiments & Psyché;1.0;Excellent;2.869;37.0;;oui;non
atrabilaire;Esprit & Caractère;1.0;Excellent;2.146;10.0;;oui;non
auguste;Esprit & Caractère;1.0;Excellent;3.276;1.89;;oui;non
aurore;Lumière & Ombres;1.0;Excellent;3.973;3.12;soutenu;oui;oui
bilieux;Esprit & Caractère;1.0;Excellent;2.613;10.0;;oui;non
bocage;Nature & Cosmos;1.0;Excellent;3.398;17.857;littéraire+poétique;oui;oui
bonhomie;Esprit & Caractère;1.0;Excellent;3.615;50.0;;oui;non
bucolique;Nature & Cosmos;1.0;Excellent;2.978;6.786;;oui;non
caduc;Temps & Éphémère;1.0;Excellent;2.869;5.286;;oui;non
caducité;Temps & Éphémère;1.0;Excellent;1.845;10.0;;oui;non
calice;Art & Langage;1.0;Excellent;3.422;2.2;;oui;non
calligramme;Art & Langage;1.0;Excellent;1.845;10.0;;oui;non
cantilène;Art & Langage;1.0;Excellent;2.531;3.091;littéraire;oui;oui
captieux;Esprit & Caractère;1.0;Excellent;1.845;10.0;;oui;non
casuistique;Philosophie & Idées;1.0;Excellent;2.613;41.0;;oui;non
causticité;Esprit & Caractère;1.0;Excellent;1.845;10.0;;oui;non
caustique;Esprit & Caractère;1.0;Excellent;3.061;3.382;;oui;non
chrysanthème;Nature & Cosmos;1.0;Excellent;3.276;4.2;;oui;non
chthonien;Nature & Cosmos;1.0;Excellent;1.845;10.0;;oui;non
circonspect;Esprit & Caractère;1.0;Excellent;3.292;49.0;;oui;non
clair-obscur;Lumière & Ombres;1.0;Excellent;3.21;50.0;;oui;non
claustration;Sentiments & Psyché;1.0;Excellent;3.004;50.0;;oui;non
collusion;Esprit & Caractère;1.0;Excellent;2.732;5.4;;oui;non
commisération;Sentiments & Psyché;1.0;Excellent;3.398;17.857;soutenu;oui;oui
concorde;Sentiments & Psyché;1.0;Excellent;3.086;4.357;;oui;non
condottiere;Esprit & Caractère;1.0;Excellent;2.732;10.0;;oui;non
conjecture;Philosophie & Idées;1.0;Excellent;3.107;3.459;;oui;non
connivence;Esprit & Caractère;1.0;Excellent;3.784;10.133;;oui;non
consternation;Sentiments & Psyché;1.0;Excellent;3.656;6.565;;oui;non
contingence;Philosophie & Idées;1.0;Excellent;3.173;37.25;;oui;non
corolle;Nature & Cosmos;1.0;Excellent;3.307;7.808;;oui;non
coruscant;Lumière & Ombres;1.0;Excellent;2.146;10.0;littéraire;oui;oui
courroux;Sentiments & Psyché;1.0;Excellent;3.32;0.589;soutenu+poétique;oui;oui
célérité;Temps & Éphémère;1.0;Excellent;2.944;3.385;;oui;non
cénobite;Esprit & Caractère;1.0;Excellent;1.845;7.0;;oui;non
céruléen;Nature & Cosmos;1.0;Excellent;2.672;10.0;soutenu+poétique;oui;oui
césure;Art & Langage;1.0;Excellent;2.613;2.929;;oui;non
diaphane;Lumière & Ombres;1.0;Excellent;3.307;50.0;soutenu;oui;oui
diatribe;Art & Langage;1.0;Excellent;3.173;12.417;;oui;non
dilection;Sentiments & Psyché;1.0;Excellent;2.732;10.0;littéraire;oui;oui
dirimant;Philosophie & Idées;1.0;Excellent;1.845;10.0;soutenu;oui;oui
dogme;Philosophie & Idées;1.0;Excellent;3.152;10.143;;oui;non
dolent;Sentiments & Psyché;1.0;Excellent;3.13;5.0;;oui;non
dryade;Nature & Cosmos;1.0;Excellent;2.301;1.25;;oui;non
désabusé;Sentiments & Psyché;1.0;Excellent;3.483;38.0;;oui;non
désuet;Temps & Éphémère;1.0;Excellent;3.21;10.125;;oui;non
effervescence;Sentiments & Psyché;1.0;Excellent;3.577;9.45;;oui;non
effluve;Nature & Cosmos;1.0;Excellent;3.769;50.0;;oui;non
effronterie;Esprit & Caractère;1.0;Excellent;3.061;2.5;;oui;non
empyrée;Nature & Cosmos;1.0;Excellent;2.869;10.0;littéraire;oui;oui
estafette;Esprit & Caractère;1.0;Excellent;3.386;7.364;;oui;non
esthète;Art & Langage;1.0;Excellent;3.173;5.519;;oui;non
estocade;Art & Langage;1.0;Excellent;2.613;13.667;littéraire;oui;oui
exsangue;Lumière & Ombres;1.0;Excellent;3.453;6.455;;oui;non
faconde;Art & Langage;1.0;Excellent;3.21;10.0;;oui;non
facétieux;Esprit & Caractère;1.0;Excellent;2.944;12.571;;oui;non
fallacieux;Esprit & Caractère;1.0;Excellent;3.13;13.5;;oui;non
famélique;Esprit & Caractère;1.0;Excellent;3.152;9.467;;oui;non
fielleux;Esprit & Caractère;1.0;Excellent;2.672;1.516;;oui;non
firmament;Nature & Cosmos;1.0;Excellent;3.307;1.293;poétique;oui;oui
flegmatique;Esprit & Caractère;1.0;Excellent;2.869;37.0;;oui;non
flibustier;Esprit & Caractère;1.0;Excellent;2.833;17.0;;oui;non
flâneur;Esprit & Caractère;1.0;Excellent;2.944;50.0;;oui;non
fripon;Esprit & Caractère;1.0;Excellent;2.613;2.733;;oui;non
frémissement;Art & Langage;1.0;Excellent;3.933;15.6;;oui;non
fuligineux;Lumière & Ombres;1.0;Excellent;3.033;50.0;littéraire;oui;oui
funambule;Art & Langage;1.0;Excellent;3.13;2.596;;oui;non
félicité;Sentiments & Psyché;1.0;Excellent;3.473;1.414;;oui;non
goguenard;Esprit & Caractère;1.0;Excellent;3.585;50.0;;oui;non
graveleux;Esprit & Caractère;1.0;Excellent;2.833;17.0;;oui;non
grimoire;Art & Langage;1.0;Excellent;2.869;37.0;;oui;non
grivois;Esprit & Caractère;1.0;Excellent;2.732;50.0;;oui;non
grivoiserie;Esprit & Caractère;1.0;Excellent;2.146;10.0;;oui;non
grognard;Esprit & Caractère;1.0;Excellent;2.672;10.0;;oui;non
harangue;Art & Langage;1.0;Excellent;2.908;50.0;;oui;non
haruspice;Philosophie & Idées;1.0;Excellent;2.146;14.0;;oui;non
hermétique;Philosophie & Idées;1.0;Excellent;3.292;2.39;;oui;non
hypocondrie;Sentiments & Psyché;1.0;Excellent;2.431;6.75;;oui;non
hécatombe;Temps & Éphémère;1.0;Excellent;3.107;6.4;;oui;non
héliotrope;Nature & Cosmos;1.0;Excellent;2.431;6.75;;oui;non
hémistiche;Art & Langage;1.0;Excellent;2.146;14.0;;oui;non
héraut;Art & Langage;1.0;Excellent;2.785;50.0;;oui;non
idylle;Sentiments & Psyché;1.0;Excellent;3.431;2.523;;oui;non
ilote;Esprit & Caractère;1.0;Excellent;2.531;10.0;littéraire;oui;oui
imbrication;Philosophie & Idées;1.0;Excellent;2.672;10.0;;oui;non
imbroglio;Esprit & Caractère;1.0;Excellent;3.19;4.697;;oui;non
immanence;Philosophie & Idées;1.0;Excellent;1.845;10.0;;oui;non
imminent;Temps & Éphémère;1.0;Excellent;3.675;1.833;soutenu;oui;oui
immuable;Temps & Éphémère;1.0;Excellent;3.894;6.323;;oui;non
immémorial;Temps & Éphémère;1.0;Excellent;3.276;10.0;;oui;non
impertinence;Esprit & Caractère;1.0;Excellent;3.13;3.971;;oui;non
impudence;Esprit & Caractère;1.0;Excellent;3.107;1.008;;oui;non
impérieux;Esprit & Caractère;1.0;Excellent;3.816;17.237;;oui;non
impéritie;Esprit & Caractère;1.0;Excellent;2.301;10.0;soutenu;oui;oui
incandescent;Lumière & Ombres;1.0;Excellent;3.292;13.067;;oui;non
incantation;Art & Langage;1.0;Excellent;3.152;2.407;;oui;non
incurie;Esprit & Caractère;1.0;Excellent;2.833;6.182;soutenu;oui;oui
indocile;Esprit & Caractère;1.0;Excellent;2.869;3.217;;oui;non
indolence;Sentiments & Psyché;1.0;Excellent;3.398;9.259;;oui;non
inexorable;Temps & Éphémère;1.0;Excellent;3.577;11.455;;oui;non
inextinguible;Sentiments & Psyché;1.0;Excellent;2.869;4.111;;oui;non
inflorescence;Nature & Cosmos;1.0;Excellent;1.845;10.0;;oui;non
infrangible;Philosophie & Idées;1.0;Excellent;2.431;27.0;soutenu+littéraire;oui;oui
inimitié;Sentiments & Psyché;1.0;Excellent;2.869;2.387;;oui;non
insatiable;Sentiments & Psyché;1.0;Excellent;3.453;1.642;;oui;non
insidieux;Esprit & Caractère;1.0;Excellent;3.386;16.2;;oui;non
insouciance;Sentiments & Psyché;1.0;Excellent;3.898;6.878;;oui;non
insoumis;Esprit & Caractère;1.0;Excellent;2.978;5.588;;oui;non
intemporel;Temps & Éphémère;1.0;Excellent;2.869;10.571;;oui;non
intransigeance;Esprit & Caractère;1.0;Excellent;3.464;50.0;;oui;non
intrinsèque;Philosophie & Idées;1.0;Excellent;2.613;3.154;;oui;non
intrépide;Esprit & Caractère;1.0;Excellent;3.442;2.022;;oui;non
invective;Art & Langage;1.0;Excellent;3.307;8.458;;oui;non
irisé;Lumière & Ombres;1.0;Excellent;2.785;10.0;;oui;non
jubilation;Sentiments & Psyché;1.0;Excellent;3.808;20.062;;oui;non
laconique;Art & Langage;1.0;Excellent;3.19;25.833;;oui;non
langoureux;Sentiments & Psyché;1.0;Excellent;3.228;2.522;;oui;non
langueur;Sentiments & Psyché;1.0;Excellent;3.577;10.5;littéraire;oui;oui
larron;Esprit & Caractère;1.0;Excellent;2.978;2.794;littéraire;oui;oui
lascif;Sentiments & Psyché;1.0;Excellent;2.978;1.187;;oui;non
laudateur;Art & Langage;1.0;Excellent;1.845;10.0;soutenu;oui;oui
libation;Art & Langage;1.0;Excellent;3.107;50.0;;oui;non
libidineux;Esprit & Caractère;1.0;Excellent;2.785;1.906;;oui;non
liturgie;Art & Langage;1.0;Excellent;3.32;50.0;;oui;non
longanimité;Esprit & Caractère;1.0;Excellent;2.146;10.0;littéraire;oui;oui
loquace;Art & Langage;1.0;Excellent;3.307;3.5;;oui;non
luminescence;Lumière & Ombres;1.0;Excellent;2.146;2.8;;oui;non
lustral;Nature & Cosmos;1.0;Excellent;2.869;10.0;;oui;non
lyrisme;Art & Langage;1.0;Excellent;3.493;11.962;;oui;non
léthargie;Sentiments & Psyché;1.0;Excellent;3.32;2.787;;oui;non
magnanime;Esprit & Caractère;1.0;Excellent;3.19;1.505;;oui;non
malandrin;Esprit & Caractère;1.0;Excellent;2.672;1.679;littéraire;oui;oui
mansuétude;Esprit & Caractère;1.0;Excellent;3.307;11.941;;oui;non
maraudeur;Esprit & Caractère;1.0;Excellent;2.944;1.833;;oui;non
marmiton;Esprit & Caractère;1.0;Excellent;2.869;50.0;;oui;non
maxime;Philosophie & Idées;1.0;Excellent;3.086;1.906;;oui;non
mignardise;Art & Langage;1.0;Excellent;2.869;50.0;littéraire;oui;oui
morose;Sentiments & Psyché;1.0;Excellent;3.859;7.23;;oui;non
moujik;Esprit & Caractère;1.0;Excellent;2.785;1.22;;oui;non
mélopée;Art & Langage;1.0;Excellent;3.453;50.0;;oui;non
ménestrel;Art & Langage;1.0;Excellent;2.146;1.0;soutenu;oui;oui
métaphysique;Philosophie & Idées;1.0;Excellent;3.615;6.438;;oui;non
métrique;Art & Langage;1.0;Excellent;2.431;1.125;;oui;non
nadir;Nature & Cosmos;1.0;Excellent;2.301;20.0;;oui;non
narquois;Esprit & Caractère;1.0;Excellent;3.675;39.417;;oui;non
neurasthénie;Sentiments & Psyché;1.0;Excellent;3.107;9.143;;oui;non
neurasthénique;Sentiments & Psyché;1.0;Excellent;2.908;1.157;;oui;non
nimbe;Lumière & Ombres;1.0;Excellent;2.908;50.0;littéraire;oui;oui
noctambule;Esprit & Caractère;1.0;Excellent;2.944;50.0;;oui;non
noumène;Philosophie & Idées;1.0;Excellent;1.845;10.0;;oui;non
nymphe;Nature & Cosmos;1.0;Excellent;3.607;4.5;poétique;oui;oui
nébuleux;Nature & Cosmos;1.0;Excellent;2.833;1.789;littéraire;oui;oui
oblation;Art & Langage;1.0;Excellent;2.301;10.0;;oui;non
obsidional;Philosophie & Idées;1.0;Excellent;2.531;10.0;;oui;non
obsolescence;Temps & Éphémère;1.0;Excellent;1.845;3.5;;oui;non
obséquieux;Esprit & Caractère;1.0;Excellent;2.833;5.231;;oui;non
ombrageux;Esprit & Caractère;1.0;Excellent;3.276;6.097;;oui;non
ondine;Nature & Cosmos;1.0;Excellent;2.531;1.7;poétique;oui;oui
ondée;Nature & Cosmos;1.0;Excellent;3.26;10.0;;oui;non
onirique;Philosophie & Idées;1.0;Excellent;2.531;8.5;;oui;non
ontologie;Philosophie & Idées;1.0;Excellent;2.146;7.0;;oui;non
ontologique;Philosophie & Idées;1.0;Excellent;2.531;8.5;;oui;non
opalin;Lumière & Ombres;1.0;Excellent;3.107;50.0;;oui;non
opiniâtre;Esprit & Caractère;1.0;Excellent;3.348;37.167;;oui;non
opulence;Esprit & Caractère;1.0;Excellent;3.511;6.0;;oui;non
oscillation;Nature & Cosmos;1.0;Excellent;3.033;9.0;;oui;non
ostensoir;Art & Langage;1.0;Excellent;3.107;9.143;;oui;non
ostentatoire;Esprit & Caractère;1.0;Excellent;3.152;17.75;;oui;non
ostracisme;Esprit & Caractère;1.0;Excellent;3.033;2.298;;oui;non
outrageux;Esprit & Caractère;1.0;Excellent;2.301;6.667;;oui;non
outrecuidance;Esprit & Caractère;1.0;Excellent;2.869;50.0;;oui;non
outrecuidant;Esprit & Caractère;1.0;Excellent;2.301;1.818;;oui;non
paladin;Esprit & Caractère;1.0;Excellent;2.732;3.375;littéraire;oui;oui
palefrenier;Esprit & Caractère;1.0;Excellent;2.833;1.062;;oui;non
palimpseste;Art & Langage;1.0;Excellent;2.301;10.0;;oui;non
paradigme;Philosophie & Idées;1.0;Excellent;2.146;1.077;;oui;non
parangon;Esprit & Caractère;1.0;Excellent;3.033;9.0;littéraire;oui;oui
paria;Esprit & Caractère;1.0;Excellent;3.13;1.646;;oui;non
parvis;Nature & Cosmos;1.0;Excellent;3.798;33.053;poétique;oui;oui
pataquès;Art & Langage;1.0;Excellent;2.531;17.0;;oui;non
patricien;Esprit & Caractère;1.0;Excellent;2.531;34.0;;oui;non
patène;Art & Langage;1.0;Excellent;2.431;2.7;;oui;non
pernicieux;Esprit & Caractère;1.0;Excellent;3.033;6.0;;oui;non
perplexité;Sentiments & Psyché;1.0;Excellent;3.668;22.19;;oui;non
phosphorescence;Lumière & Ombres;1.0;Excellent;2.833;34.0;;oui;non
pistil;Nature & Cosmos;1.0;Excellent;2.672;23.5;;oui;non
placidité;Sentiments & Psyché;1.0;Excellent;3.307;10.0;;oui;non
plébéien;Esprit & Caractère;1.0;Excellent;2.531;8.5;;oui;non
potentat;Esprit & Caractère;1.0;Excellent;2.531;3.4;soutenu;oui;oui
preux;Esprit & Caractère;1.0;Excellent;2.869;1.156;littéraire;oui;oui
prodigalité;Esprit & Caractère;1.0;Excellent;2.978;31.667;;oui;non
prolixe;Art & Langage;1.0;Excellent;3.107;7.111;;oui;non
prolixité;Art & Langage;1.0;Excellent;2.301;10.0;;oui;non
précepteur;Esprit & Caractère;1.0;Excellent;3.334;6.75;;oui;non
précurseur;Temps & Éphémère;1.0;Excellent;3.004;7.214;;oui;non
prémices;Temps & Éphémère;1.0;Excellent;3.13;3.971;;oui;non
présage;Philosophie & Idées;1.0;Excellent;3.442;1.421;;oui;non
préséance;Esprit & Caractère;1.0;Excellent;2.672;9.4;;oui;non
psalmodie;Art & Langage;1.0;Excellent;2.613;3.417;;oui;non
psalmodier;Art & Langage;1.0;Excellent;2.908;50.0;;oui;non
psautier;Art & Langage;1.0;Excellent;2.146;10.0;;oui;non
pugnace;Esprit & Caractère;1.0;Excellent;2.146;2.333;littéraire;oui;oui
pusillanime;Esprit & Caractère;1.0;Excellent;2.908;27.0;littéraire;oui;oui
pythonisse;Philosophie & Idées;1.0;Excellent;2.301;10.0;;oui;non
périgée;Nature & Cosmos;1.0;Excellent;1.845;3.5;;oui;non
périssable;Temps & Éphémère;1.0;Excellent;3.13;11.25;;oui;non
pétulant;Sentiments & Psyché;1.0;Excellent;2.301;20.0;;oui;non
quintessence;Philosophie & Idées;1.0;Excellent;3.086;2.837;;oui;non
quiproquo;Art & Langage;1.0;Excellent;2.785;1.649;;oui;non
quiétude;Sentiments & Psyché;1.0;Excellent;3.705;7.922;littéraire;oui;oui
ratiociner;Art & Langage;1.0;Excellent;1.845;10.0;;oui;non
renégat;Esprit & Caractère;1.0;Excellent;3.061;1.292;;oui;non
rhapsodie;Art & Langage;1.0;Excellent;2.531;4.857;;oui;non
réminiscence;Temps & Éphémère;1.0;Excellent;3.386;34.714;;oui;non
sardonique;Esprit & Caractère;1.0;Excellent;2.978;9.5;;oui;non
satirique;Art & Langage;1.0;Excellent;2.613;1.864;;oui;non
satyre;Esprit & Caractère;1.0;Excellent;3.585;9.167;;oui;non
sbire;Esprit & Caractère;1.0;Excellent;3.19;1.685;;oui;non
scabreux;Esprit & Caractère;1.0;Excellent;3.033;3.857;;oui;non
scrupuleux;Esprit & Caractère;1.0;Excellent;3.386;3.797;;oui;non
sibyllin;Philosophie & Idées;1.0;Excellent;2.978;47.5;;oui;non
sicaire;Esprit & Caractère;1.0;Excellent;1.845;10.0;littéraire;oui;oui
sidéral;Nature & Cosmos;1.0;Excellent;2.613;10.25;littéraire;oui;oui
simagrée;Esprit & Caractère;1.0;Excellent;3.473;3.3;soutenu;oui;oui
soliloque;Art & Langage;1.0;Excellent;2.908;50.0;;oui;non
solstice;Nature & Cosmos;1.0;Excellent;3.107;2.37;;oui;non
sophisme;Philosophie & Idées;1.0;Excellent;2.531;10.0;;oui;non
sourcilleux;Esprit & Caractère;1.0;Excellent;3.061;50.0;littéraire;oui;oui
spadassin;Esprit & Caractère;1.0;Excellent;2.833;34.0;;oui;non
spleen;Sentiments & Psyché;1.0;Excellent;3.13;12.273;;oui;non
stigmate;Philosophie & Idées;1.0;Excellent;3.453;3.422;;oui;non
stoïque;Philosophie & Idées;1.0;Excellent;2.944;2.514;;oui;non
substantifique;Philosophie & Idées;1.0;Excellent;2.301;10.0;;oui;non
suzerain;Esprit & Caractère;1.0;Excellent;2.672;2.35;;oui;non
sycophante;Esprit & Caractère;1.0;Excellent;1.845;10.0;;oui;non
syllogisme;Philosophie & Idées;1.0;Excellent;2.613;10.0;;oui;non
sylphide;Nature & Cosmos;1.0;Excellent;2.301;20.0;;oui;non
syncrétisme;Philosophie & Idées;1.0;Excellent;2.146;10.0;;oui;non
sénescence;Temps & Éphémère;1.0;Excellent;2.146;14.0;;oui;non
séquestration;Sentiments & Psyché;1.0;Excellent;2.531;1.133;;oui;non
taciturne;Esprit & Caractère;1.0;Excellent;3.733;5.817;littéraire;oui;oui
talisman;Art & Langage;1.0;Excellent;3.422;1.913;;oui;non
thaumaturge;Philosophie & Idées;1.0;Excellent;2.531;10.0;;oui;non
thuriféraire;Esprit & Caractère;1.0;Excellent;2.301;10.0;soutenu;oui;oui
tintamarre;Art & Langage;1.0;Excellent;3.52;50.0;;oui;non
transcendance;Philosophie & Idées;1.0;Excellent;2.785;15.25;;oui;non
transitoire;Temps & Éphémère;1.0;Excellent;3.004;2.59;;oui;non
troubadour;Art & Langage;1.0;Excellent;2.978;2.794;;oui;non
truisme;Philosophie & Idées;1.0;Excellent;2.146;7.0;;oui;non
trépas;Temps & Éphémère;1.0;Excellent;3.19;4.079;soutenu;oui;oui
trépidation;Art & Langage;1.0;Excellent;3.086;12.2;;oui;non
turpitude;Esprit & Caractère;1.0;Excellent;3.292;5.6;;oui;non
urbanité;Esprit & Caractère;1.0;Excellent;2.613;10.0;;oui;non
valétudinaire;Esprit & Caractère;1.0;Excellent;2.146;14.0;soutenu;oui;oui
vaticination;Art & Langage;1.0;Excellent;2.613;10.0;littéraire;oui;oui
velléité;Esprit & Caractère;1.0;Excellent;3.373;23.6;;oui;non
venimeux;Sentiments & Psyché;1.0;Excellent;3.228;1.07;;oui;non
verbeux;Art & Langage;1.0;Excellent;2.431;1.588;;oui;non
vergogne;Esprit & Caractère;1.0;Excellent;3.607;7.941;littéraire;oui;oui
vespéral;Lumière & Ombres;1.0;Excellent;2.785;10.0;soutenu;oui;oui
vicissitude;Temps & Éphémère;1.0;Excellent;3.307;50.0;;oui;non
vilipender;Esprit & Caractère;1.0;Excellent;2.431;9.0;;oui;non
villégiature;Nature & Cosmos;1.0;Excellent;3.334;21.6;;oui;non
vitriolique;Esprit & Caractère;1.0;Excellent;1.845;10.0;;oui;non
volubile;Art & Langage;1.0;Excellent;3.571;50.0;;oui;non
volubilité;Art & Langage;1.0;Excellent;3.19;10.0;;oui;non
vélin;Art & Langage;1.0;Excellent;2.785;10.0;;oui;non
zodiaque;Nature & Cosmos;1.0;Excellent;2.833;1.283;;oui;non
zénith;Nature & Cosmos;1.0;Excellent;3.529;5.365;;oui;non
zéphyr;Nature & Cosmos;1.0;Excellent;2.672;11.75;;oui;non
éclectisme;Philosophie & Idées;1.0;Excellent;2.301;4.0;;oui;non
égrotant;Esprit & Caractère;1.0;Excellent;2.301;10.0;littéraire;oui;oui
élucubration;Art & Langage;1.0;Excellent;3.033;6.0;;oui;non
élégiaque;Art & Langage;1.0;Excellent;2.301;2.0;;oui;non
élégie;Art & Langage;1.0;Excellent;2.431;2.455;;oui;non
énigmatique;Philosophie & Idées;1.0;Excellent;3.769;7.35;;oui;non
éolien;Nature & Cosmos;1.0;Excellent;3.061;10.0;;oui;non
épicurien;Philosophie & Idées;1.0;Excellent;2.531;2.429;;oui;non
épigone;Art & Langage;1.0;Excellent;2.301;1.0;littéraire;oui;oui
équanimité;Sentiments & Psyché;1.0;Excellent;2.146;10.0;soutenu;oui;oui
équinoxe;Nature & Cosmos;1.0;Excellent;3.398;5.682;;oui;non
ésotérique;Philosophie & Idées;1.0;Excellent;2.833;3.778;;oui;non
étamine;Nature & Cosmos;1.0;Excellent;2.785;12.2;;oui;non
éthéré;Nature & Cosmos;1.0;Excellent;2.613;10.0;poétique;oui;oui
évanescent;Temps & Éphémère;1.0;Excellent;2.833;50.0;;oui;non
abnégation;Sentiments & Psyché;0.97;Moyen;3.554;3.934;;oui;non
auréole;Nature & Cosmos;0.97;Moyen;3.662;4.413;;oui;non
chimère;Philosophie & Idées;0.97;Moyen;3.52;2.736;;oui;non
constellation;Nature & Cosmos;0.97;Moyen;3.554;2.224;;oui;non
fugace;Temps & Éphémère;0.97;Moyen;3.502;4.676;;oui;non
ignominie;Esprit & Caractère;0.97;Moyen;3.502;4.184;;oui;non
insolence;Esprit & Caractère;0.97;Moyen;3.943;3.264;;oui;non
limpide;Nature & Cosmos;0.97;Moyen;3.994;4.25;;oui;non
millénaire;Temps & Éphémère;0.97;Moyen;3.668;3.426;;oui;non
méticuleux;Esprit & Caractère;0.97;Moyen;3.615;2.302;;oui;non
nostalgique;Sentiments & Psyché;0.97;Moyen;3.577;3.405;;oui;non
pittoresque;Nature & Cosmos;0.97;Moyen;3.656;3.082;;oui;non
poétique;Art & Langage;0.97;Moyen;3.789;2.628;;oui;non
pétale;Nature & Cosmos;0.97;Moyen;3.834;2.952;;oui;non
ténébreux;Lumière & Ombres;0.97;Moyen;3.668;4.198;;oui;non
éphémère;Temps & Éphémère;0.97;Moyen;3.759;4.316;;oui;non
anémie;Sentiments & Psyché;0.95;Moyen;2.613;0.313;;oui;non
bannissement;Sentiments & Psyché;0.95;Moyen;2.531;0.576;;oui;non
brigand;Esprit & Caractère;0.95;Moyen;3.373;0.776;;oui;non
clémence;Esprit & Caractère;0.95;Moyen;3.386;0.706;;oui;non
codex;Art & Langage;0.95;Moyen;2.146;0.226;;oui;non
cénacle;Art & Langage;0.95;Moyen;2.146;0.341;;oui;non
dilettante;Art & Langage;0.95;Moyen;2.833;0.8;;oui;non
déliquescence;Temps & Éphémère;0.95;Moyen;2.146;0.875;;oui;non
enlumineur;Art & Langage;0.95;Moyen;2.301;0.741;;oui;non
gredin;Esprit & Caractère;0.95;Moyen;2.531;0.272;;oui;non
intègre;Esprit & Caractère;0.95;Moyen;2.908;0.54;;oui;non
irrévérence;Esprit & Caractère;0.95;Moyen;2.301;0.667;;oui;non
licencieux;Esprit & Caractère;0.95;Moyen;2.531;0.829;;oui;non
mentor;Esprit & Caractère;0.95;Moyen;2.785;0.377;;oui;non
obsolète;Temps & Éphémère;0.95;Moyen;1.845;0.083;;oui;non
panégyrique;Art & Langage;0.95;Moyen;2.301;0.909;;oui;non
parjure;Esprit & Caractère;0.95;Moyen;2.833;0.586;;oui;non
pointilleux;Esprit & Caractère;0.95;Moyen;2.944;0.957;;oui;non
probe;Esprit & Caractère;0.95;Moyen;2.146;0.389;;oui;non
scélérat;Esprit & Caractère;0.95;Moyen;2.672;0.712;;oui;non
soporifique;Art & Langage;0.95;Moyen;2.301;0.339;;oui;non
élixir;Art & Langage;0.95;Moyen;3.107;0.842;;oui;non
exaltation;Sentiments & Psyché;0.93;Moyen;4.176;15.306;;oui;non
torpeur;Sentiments & Psyché;0.93;Moyen;4.122;16.974;;oui;non
tumulte;Nature & Cosmos;0.93;Moyen;4.082;11.299;;oui;non
céleste;Nature & Cosmos;0.92;Faible;3.764;1.312;;oui;non
labyrinthe;Nature & Cosmos;0.92;Faible;3.847;1.435;;oui;non
somnambule;Art & Langage;0.92;Faible;3.607;1.738;;oui;non
allégresse;Sentiments & Psyché;0.88;Faible;4.073;5.008;;oui;non
ferveur;Sentiments & Psyché;0.88;Faible;4.026;6.278;;oui;non
sillage;Nature & Cosmos;0.88;Faible;4.003;7.929;;oui;non
miséricorde;Sentiments & Psyché;0.87;Faible;3.705;0.578;;oui;non
murmure;Art & Langage;0.85;Faible;4.4;15.519;soutenu;oui;oui
extase;Sentiments & Psyché;0.83;Faible;4.023;3.073;;oui;non
nostalgie;Sentiments & Psyché;0.83;Faible;4.256;4.063;;oui;non
sérénité;Sentiments & Psyché;0.83;Faible;4.111;2.741;;oui;non
volupté;Sentiments & Psyché;0.83;Faible;4.009;3.119;;oui;non
spleenétique;Sentiments & Psyché;0.73;Faible;0.0;0.0;littéraire;non;oui
pénombre;Lumière & Ombres;0.65;Faible;4.448;22.984;;oui;non
stupeur;Sentiments & Psyché;0.65;Faible;4.381;15.318;;oui;non
brume;Nature & Cosmos;0.6;Faible;4.555;8.604;;oui;non
mélancolie;Sentiments & Psyché;0.6;Faible;4.316;7.954;;oui;non
cryptique;Philosophie & Idées;0.55;Faible;0.0;0.0;soutenu;oui;oui
crépuscule;Lumière & Ombres;0.55;Faible;4.396;3.492;;oui;non
solipsisme;Philosophie & Idées;0.53;Faible;0.0;0.0;littéraire;oui;oui
synesthésie;Philosophie & Idées;0.53;Faible;0.0;0.0;littéraire;oui;oui
chagrin;Sentiments & Psyché;0.5;Faible;4.588;1.899;;oui;non
solitaire;Sentiments & Psyché;0.5;Faible;4.32;1.891;;oui;non
allitération;Art & Langage;0.35;Faible;0.0;0.0;;oui;non
heuristique;Philosophie & Idées;0.35;Faible;0.0;0.0;;oui;non
liminaire;Art & Langage;0.35;Faible;0.0;0.0;;oui;non
loquacité;Art & Langage;0.35;Faible;0.0;0.0;;oui;non
paresthésie;Sentiments & Psyché;0.35;Faible;0.0;0.0;;oui;non
procrastination;Esprit & Caractère;0.35;Faible;0.0;0.0;;oui;non
résilience;Sentiments & Psyché;0.35;Faible;0.0;0.0;;oui;non
satyrique;Art & Langage;0.35;Faible;0.0;0.0;;oui;non
sépale;Nature & Cosmos;0.35;Faible;0.0;0.0;;oui;non
téléologique;Philosophie & Idées;0.35;Faible;0.0;0.0;;oui;non
jadis;Temps & Éphémère;0.34;Faible;4.719;4.528;poétique;oui;oui
aphoristique;Art & Langage;0.25;Faible;0.0;0.0;;non;non
cénesthésie;Sentiments & Psyché;0.25;Faible;0.0;0.0;;non;non
fielueux;Sentiments & Psyché;0.25;Faible;0.0;0.0;;non;non
garrulité;Art & Langage;0.25;Faible;0.0;0.0;;non;non
gnomique;Art & Langage;0.25;Faible;0.0;0.0;;non;non
mignonne;Art & Langage;0.25;Faible;0.0;0.0;;non;non
noévie;Sentiments & Psyché;0.25;Faible;0.0;0.0;;non;non
némésis;Philosophie & Idées;0.25;Faible;0.0;0.0;;non;non
parapathique;Sentiments & Psyché;0.25;Faible;0.0;0.0;;non;non
purpurine;Lumière & Ombres;0.25;Faible;0.0;0.0;;non;non
pétrichor;Nature & Cosmos;0.25;Faible;0.0;0.0;;non;non
rhapsode;Art & Langage;0.25;Faible;0.0;0.0;;non;non
scholastique;Philosophie & Idées;0.25;Faible;0.0;0.0;;non;non
somatisation;Sentiments & Psyché;0.25;Faible;0.0;0.0;;non;non
sérendipité;Philosophie & Idées;0.25;Faible;0.0;0.0;;non;non
varicose;Sentiments & Psyché;0.25;Faible;0.0;0.0;;non;non
viateur;Esprit & Caractère;0.25;Faible;0.0;0.0;;non;non
érémitique;Esprit & Caractère;0.25;Faible;0.0;0.0;;non;non
azur;Nature & Cosmos;0.0;Exclu;3.973;3.151;littéraire+poétique;oui;oui
aède;Art & Langage;0.0;Exclu;2.301;2.0;;oui;non
cors;Sentiments & Psyché;0.0;Exclu;0.0;0.0;;non;non
heur;Sentiments & Psyché;0.0;Exclu;2.672;10.0;littéraire;oui;oui
vate;Art & Langage;0.0;Exclu;0.0;0.0;;non;non
