mot;score_v2;classe;zipf_books;ratio;categories_wikt
aboutissant;1.0;Excellent;2.908;9.0;littéraire
absinthe;1.0;Excellent;3.464;2.273;poétique
abstrus;1.0;Excellent;2.531;10.0;littéraire
accort;1.0;Excellent;2.431;13.5;littéraire
accouder;1.0;Excellent;3.699;20.0;littéraire
accroupir;1.0;Excellent;3.916;11.444;littéraire
acrimonieux;1.0;Excellent;1.845;7.0;soutenu
admonition;1.0;Excellent;2.146;14.0;soutenu
adonc;1.0;Excellent;1.845;10.0;archaïque
adoncques;1.0;Excellent;1.845;10.0;archaïque
adulateur;1.0;Excellent;1.845;10.0;soutenu+poétique
advenir;1.0;Excellent;3.21;1.636;littéraire+poétique
agathe;1.0;Excellent;2.146;10.0;archaïque
ahurir;1.0;Excellent;3.13;4.655;littéraire
aimeur;1.0;Excellent;1.845;10.0;littéraire
airain;1.0;Excellent;3.228;9.941;littéraire
albâtre;1.0;Excellent;3.473;5.211;poétique
amante;1.0;Excellent;3.744;5.327;littéraire
anatidé;1.0;Excellent;1.845;10.0;soutenu
annales;1.0;Excellent;3.246;2.256;soutenu
anter;1.0;Excellent;1.845;10.0;archaïque
aposter;1.0;Excellent;1.845;10.0;littéraire
apparat;1.0;Excellent;3.681;9.412;littéraire
appert;1.0;Excellent;2.146;10.0;littéraire
aquilon;1.0;Excellent;2.672;10.0;poétique
archipel;1.0;Excellent;3.473;6.188;archaïque
arder;1.0;Excellent;2.146;10.0;archaïque
ardre;1.0;Excellent;1.845;10.0;archaïque
arpion;1.0;Excellent;3.004;33.667;archaïque
arrière-neveux;1.0;Excellent;1.845;10.0;soutenu
artificieux;1.0;Excellent;1.845;10.0;littéraire
aspre;1.0;Excellent;1.845;10.0;archaïque
assomption;1.0;Excellent;2.613;10.0;soutenu
astreinte;1.0;Excellent;1.845;3.5;littéraire
atlante;1.0;Excellent;2.431;5.4;littéraire
autan;1.0;Excellent;1.845;10.0;poétique
azurer;1.0;Excellent;1.845;10.0;poétique
balsamique;1.0;Excellent;2.613;4.1;littéraire
barde;1.0;Excellent;2.613;2.278;littéraire
bayer;1.0;Excellent;2.301;20.0;archaïque
bellement;1.0;Excellent;2.732;3.857;littéraire
bergerie;1.0;Excellent;3.453;2.869;littéraire
bobine;1.0;Excellent;3.473;1.531;littéraire
bocager;1.0;Excellent;1.845;10.0;littéraire+poétique
bout-rimé;1.0;Excellent;1.845;10.0;poétique
brand;1.0;Excellent;2.146;10.0;archaïque
brisure;1.0;Excellent;2.869;10.0;poétique
brochet;1.0;Excellent;3.502;7.227;littéraire
cacochyme;1.0;Excellent;2.672;10.0;soutenu
captif;1.0;Excellent;3.334;3.429;soutenu
carmagnole;1.0;Excellent;2.672;10.0;archaïque
chaume;1.0;Excellent;3.687;13.5;poétique
chaumine;1.0;Excellent;2.613;3.727;littéraire
chenu;1.0;Excellent;2.732;3.857;poétique
chevaucheur;1.0;Excellent;1.845;10.0;littéraire
choir;1.0;Excellent;3.838;20.879;littéraire
châtel;1.0;Excellent;1.845;10.0;archaïque
circonstanciel;1.0;Excellent;1.845;10.0;soutenu
civilement;1.0;Excellent;2.869;18.5;archaïque
clameur;1.0;Excellent;3.749;7.685;littéraire
cohorte;1.0;Excellent;3.52;6.755;poétique
commodité;1.0;Excellent;3.276;7.269;archaïque+soutenu
commère;1.0;Excellent;3.386;7.147;archaïque
compas;1.0;Excellent;3.453;1.893;littéraire
confins;1.0;Excellent;3.863;4.398;littéraire
congru;1.0;Excellent;2.531;10.0;soutenu
conseilleur;1.0;Excellent;1.845;10.0;littéraire
contempteur;1.0;Excellent;2.431;27.0;littéraire
coquebin;1.0;Excellent;2.531;10.0;littéraire
corail;1.0;Excellent;3.473;2.856;poétique
courber;1.0;Excellent;3.681;9.796;poétique
courre;1.0;Excellent;3.464;3.88;archaïque
courtaud;1.0;Excellent;2.785;2.905;littéraire
courtil;1.0;Excellent;1.845;10.0;poétique
courtisan;1.0;Excellent;3.32;3.167;soutenu
cristallin;1.0;Excellent;3.26;7.0;poétique
crépusculaire;1.0;Excellent;3.276;50.0;littéraire
cétacé;1.0;Excellent;2.146;4.667;littéraire
dahoméen;1.0;Excellent;1.845;10.0;archaïque
darder;1.0;Excellent;2.869;10.0;poétique
derechef;1.0;Excellent;3.511;50.0;littéraire
diane;1.0;Excellent;2.613;13.667;littéraire+poétique
difficultueux;1.0;Excellent;1.845;10.0;littéraire
disant;1.0;Excellent;3.847;5.535;littéraire
dissension;1.0;Excellent;2.978;2.639;littéraire
diurnal;1.0;Excellent;1.845;10.0;littéraire
dorer;1.0;Excellent;3.749;6.233;poétique
douteur;1.0;Excellent;2.146;10.0;littéraire
dubitation;1.0;Excellent;1.845;10.0;littéraire
déchoir;1.0;Excellent;3.173;50.0;littéraire
décombre;1.0;Excellent;3.816;6.009;littéraire
déconcerter;1.0;Excellent;3.152;7.474;littéraire
déhiscence;1.0;Excellent;2.146;7.0;littéraire
déparer;1.0;Excellent;2.672;4.273;soutenu
désobligeance;1.0;Excellent;2.146;10.0;soutenu
désobligeant;1.0;Excellent;3.004;11.222;soutenu
efflorescence;1.0;Excellent;2.431;27.0;littéraire
empresser;1.0;Excellent;3.398;19.231;littéraire
enrhumé;1.0;Excellent;2.908;3.857;littéraire
entéléchie;1.0;Excellent;1.845;10.0;littéraire
extatique;1.0;Excellent;3.004;4.591;soutenu
exultation;1.0;Excellent;2.833;13.6;littéraire
faction;1.0;Excellent;3.571;5.391;soutenu
faluche;1.0;Excellent;2.146;10.0;archaïque
fantasquement;1.0;Excellent;1.845;10.0;littéraire
faucille;1.0;Excellent;3.348;4.373;poétique
faunesque;1.0;Excellent;1.845;10.0;littéraire
faunesse;1.0;Excellent;1.845;10.0;poétique
feintise;1.0;Excellent;1.845;10.0;littéraire
fleuronner;1.0;Excellent;1.845;10.0;littéraire
flexuosité;1.0;Excellent;1.845;10.0;littéraire
fluer;1.0;Excellent;1.845;10.0;littéraire
forgerie;1.0;Excellent;1.845;10.0;littéraire
foucade;1.0;Excellent;2.531;10.0;littéraire
foudroyant;1.0;Excellent;3.511;32.4;poétique
fourrier;1.0;Excellent;3.228;50.0;littéraire
frayer;1.0;Excellent;3.687;4.718;littéraire
frileux;1.0;Excellent;3.562;4.932;littéraire
froidure;1.0;Excellent;3.19;14.091;littéraire+poétique
fructueux;1.0;Excellent;3.13;4.219;poétique
futurisme;1.0;Excellent;1.845;10.0;littéraire
gaster;1.0;Excellent;2.146;14.0;archaïque
gerbe;1.0;Excellent;3.886;20.263;littéraire
geôle;1.0;Excellent;3.276;21.0;littéraire
glèbe;1.0;Excellent;2.944;1.725;littéraire
gramen;1.0;Excellent;2.301;10.0;littéraire
grand-peur;1.0;Excellent;2.301;10.0;littéraire
gravûre;1.0;Excellent;3.789;10.789;archaïque
guéret;1.0;Excellent;2.301;20.0;poétique
gémissement;1.0;Excellent;3.969;9.608;poétique
havre;1.0;Excellent;3.483;3.576;littéraire
helvétien;1.0;Excellent;1.845;10.0;poétique
helvétique;1.0;Excellent;2.833;10.0;soutenu
herbette;1.0;Excellent;1.845;10.0;poétique
hourvari;1.0;Excellent;2.613;1.519;littéraire
hyménée;1.0;Excellent;1.845;10.0;poétique
hyperbole;1.0;Excellent;2.301;2.222;littéraire
immarcescible;1.0;Excellent;1.845;10.0;littéraire
impatroniser;1.0;Excellent;1.845;10.0;littéraire
impécuniosité;1.0;Excellent;1.845;10.0;littéraire
incendier;1.0;Excellent;3.276;2.032;littéraire
incivil;1.0;Excellent;2.146;10.0;soutenu
inclément;1.0;Excellent;1.845;10.0;soutenu
incontinent;1.0;Excellent;3.033;5.4;littéraire
incréé;1.0;Excellent;2.146;10.0;littéraire
incurieux;1.0;Excellent;1.845;10.0;littéraire
indolent;1.0;Excellent;3.086;9.385;littéraire
infortune;1.0;Excellent;3.571;3.074;soutenu
infortuné;1.0;Excellent;3.246;2.411;soutenu
insomnieux;1.0;Excellent;2.301;10.0;littéraire
interlope;1.0;Excellent;2.531;10.0;soutenu
ironiser;1.0;Excellent;3.004;10.0;littéraire
jaculatoire;1.0;Excellent;1.845;10.0;littéraire
lambris;1.0;Excellent;3.19;38.75;poétique
lange;1.0;Excellent;3.19;2.067;poétique
languide;1.0;Excellent;3.107;12.8;littéraire
laudatif;1.0;Excellent;1.845;10.0;soutenu
lavandière;1.0;Excellent;3.004;50.0;littéraire
licol;1.0;Excellent;2.672;10.0;poétique
ligneux;1.0;Excellent;2.301;10.0;littéraire
lilial;1.0;Excellent;2.613;10.0;poétique
logorrhée;1.0;Excellent;2.431;4.5;littéraire
lointainement;1.0;Excellent;2.672;10.0;littéraire
loisible;1.0;Excellent;2.869;10.0;soutenu+littéraire
luminaire;1.0;Excellent;2.613;8.2;littéraire
léopardé;1.0;Excellent;1.845;10.0;littéraire
mallarméen;1.0;Excellent;1.845;10.0;littéraire
mander;1.0;Excellent;3.061;3.382;poétique
maritorne;1.0;Excellent;2.431;10.0;soutenu
marri;1.0;Excellent;2.613;13.667;littéraire
matrône;1.0;Excellent;3.334;9.391;archaïque
matutinal;1.0;Excellent;2.146;10.0;littéraire
melliflue;1.0;Excellent;1.845;10.0;littéraire
mercuriale;1.0;Excellent;1.845;10.0;littéraire
militer;1.0;Excellent;2.978;5.938;archaïque
modérateur;1.0;Excellent;1.845;7.0;soutenu
moindrement;1.0;Excellent;1.845;3.5;littéraire
monder;1.0;Excellent;1.845;10.0;littéraire
moutonner;1.0;Excellent;2.431;10.0;littéraire
mouvoir;1.0;Excellent;3.629;7.345;littéraire
muser;1.0;Excellent;2.146;10.0;littéraire
myrte;1.0;Excellent;2.908;10.0;littéraire
mânes;1.0;Excellent;2.613;41.0;poétique
médianoche;1.0;Excellent;2.672;10.0;littéraire
nacelle;1.0;Excellent;3.373;2.269;littéraire
nautonier;1.0;Excellent;2.301;10.0;poétique
nocher;1.0;Excellent;2.146;7.0;poétique
nonchalance;1.0;Excellent;3.699;10.638;littéraire
nonnain;1.0;Excellent;2.785;10.0;littéraire
nonobstant;1.0;Excellent;3.473;18.562;soutenu
nonpareil;1.0;Excellent;2.146;14.0;littéraire
nourrisson;1.0;Excellent;3.483;2.69;soutenu
oaristys;1.0;Excellent;1.845;10.0;littéraire
objurgation;1.0;Excellent;3.276;10.0;littéraire
obligeance;1.0;Excellent;3.19;1.845;soutenu
obligeant;1.0;Excellent;3.033;6.353;soutenu
occire;1.0;Excellent;2.613;4.1;littéraire
oiseleur;1.0;Excellent;2.672;7.833;littéraire
onzième;1.0;Excellent;3.173;4.382;archaïque
ouater;1.0;Excellent;2.833;10.0;littéraire
oublieux;0.99;Bon;3.107;2.844;archaïque
ensanglanter;0.989;Bon;2.944;1.956;poétique
fronde;0.989;Bon;3.228;1.965;poétique
pourpoint;0.989;Bon;3.061;1.949;poétique
redorer;0.989;Bon;2.431;1.5;poétique
chaux;0.979;Bon;3.867;5.576;archaïque
coîffe;0.979;Bon;3.656;7.306;archaïque
glacer;0.9775;Bon;3.886;4.231;poétique
ivoire;0.9775;Bon;3.894;4.0;poétique
plaintif;0.9775;Bon;3.52;4.086;poétique
violette;0.9775;Bon;3.642;3.752;poétique
commune;0.972;Bon;3.886;2.711;soutenu
couronner;0.972;Bon;3.562;2.517;soutenu
nippon;0.96;Bon;2.613;1.242;soutenu
éminent;0.96;Bon;3.307;1.223;soutenu
blâme;0.9558;Bon;3.607;2.189;littéraire
dépouille;0.9558;Bon;3.699;2.959;littéraire
tacher;0.9558;Bon;3.635;2.541;littéraire
virilité;0.9558;Bon;3.803;2.581;littéraire
arène;0.9471;Bon;3.615;1.831;littéraire+poétique
humilié;0.946;Bon;3.334;1.982;archaïque
accidenter;0.944;Bon;2.146;1.167;littéraire
aliénation;0.944;Bon;3.173;1.252;littéraire
cristallisation;0.944;Bon;2.431;1.35;littéraire
déduit;0.944;Bon;2.431;1.286;littéraire
estoc;0.944;Bon;2.301;1.25;littéraire
flouer;0.944;Bon;2.732;1.385;littéraire
onéreux;0.944;Bon;2.833;1.133;littéraire
pourceau;0.944;Bon;2.785;1.386;littéraire
prévention;0.944;Bon;3.13;1.015;littéraire
périphrase;0.944;Bon;2.146;1.273;littéraire
sublimer;0.944;Bon;2.732;1.2;littéraire
vergeture;0.944;Bon;2.613;1.0;littéraire
nouër;0.935;Bon;3.779;3.599;archaïque
furie;0.9315;Bon;3.744;2.702;poétique
artifice;0.924;Bon;3.93;1.582;soutenu
avide;0.924;Bon;4.015;5.33;soutenu
muraille;0.924;Bon;4.042;8.602;soutenu
péril;0.924;Bon;4.0;1.582;soutenu
redire;0.924;Bon;3.705;1.668;soutenu
étreinte;0.924;Bon;4.092;6.0;soutenu
boiteux;0.92;Bon;3.348;1.104;poétique
chalumeau;0.92;Bon;3.373;1.484;poétique
fondement;0.92;Bon;3.386;1.381;poétique
alentour;0.9086;Bon;3.96;1.912;littéraire
dentelle;0.9086;Bon;4.243;5.757;littéraire
décret;0.9086;Bon;3.808;1.814;littéraire
geste;0.9086;Bon;5.236;5.477;littéraire
ressortir;0.9086;Bon;3.898;1.705;littéraire
trait;0.9086;Bon;4.774;7.396;littéraire
épais;0.9086;Bon;4.613;6.745;littéraire
érotique;0.9086;Bon;3.775;1.957;littéraire
chevelure;0.9085;Bon;4.399;10.028;poétique
paupière;0.9085;Bon;4.751;14.966;poétique
barque;0.8979;Bon;4.476;3.144;littéraire+poétique
gifle;0.891;Bon;3.994;2.739;archaïque
situër;0.891;Bon;3.894;2.904;archaïque
